# File generated by ForgeFPGA Workshop v.6.54 (Build 002)
## Project name: kyber_forward
## Netlist name: internal: netlist.edif
# Generation date: Mon Jul 13 21:19:58 2026
# Synthesis tool: Yosys v.0.59
# Place and Route tool: v.23
# Netlist SHA-256 4fef31ac4dba34528d3af15c6185428e02e84fe70fa9301e42a3fb4f01423610
## High Density IO Packaging: off
## High Density Packaging Logic: on
## Clock-Concurrent Optimization CCopt: on
## Place-and-Trial-route: off
## Place-and-Trial-route iteration count: 20
## Max-CPU: 16
## Maximum Routing Iterations: 300
## Timing Analysis Corner: tt1pv25c_typical(0)

# axi_bus_width: 32, bits_per_cycle_per_tile: 32, array_size: 1x1, crc16: false
22222220
00000000
00000000
00000000
00550057
00000000
00aa00a8
00000000
00000000
00000000
11111113

2aaaaaa8
2aaaaaa8
ffffffff
ffffffff
ffffffff
00000000
ffffffff
ffffffff
fdffffff
d5555557
d5555557

01400140
ffffffff
d5555557
d5555557
2aaaaaa8
00000000
d5555557
28aaaaa8
28aaaaa8
fd7ffd7f
00000000

09c889c8
d5555557
d5555557
d5555557
d5005500
00000000
2a00aa00
28aaaaa8
28aaaaa8
282aa828
c4444444

00000000
00000000
00000000
00000000
00000000
00000000
00000000
00000000
00000000
00000000
00000000

22222220
2aaaaaa8
2aaaaaa8
2aaaaaa8
2affaaff
00000000
d5ff55ff
d5555557
d5555557
d5555557
10111113

2aeaabe8
ffffffff
d5555557
d5555557
ffffffff
00000000
ffffffff
28aaaaa8
28aaaaa8
fd7ffd7f
d1555557

00000000
00000000
d5555557
d5555557
04000000
00000000
00000000
28aaaaa8
28aaaaa8
00000000
00000000

08888888
00000000
00000000
00000000
d1005500
00000000
2a00aa00
00000000
00000000
00000000
c1444444

01400140
ffffffff
2aaaaaa8
2aaaaaa8
2aaaaaa8
00000000
d5555557
d5555557
d5555557
fd7ffd7f
00000000

23622360
ffffffff
00000000
00000000
00550057
00000000
02aa00a8
00000000
00000000
fd7ffd7f
10111113

2aaaaaa8
00000000
00000000
00000000
d5555557
02000000
2aaaaaa8
00000000
00000000
00000000
d5555557

00000000
00000000
00000000
00000000
2aaaaaa8
00000000
d5555557
00000000
00000000
00000000
00000000

08c889c8
ffffffff
ffffffff
d5555557
d5005500
02000000
2800aa00
28aaaaa8
ffffffff
fd7ffd7f
c5444444

00000000
2aaaaaa8
d5555557
2aaaaaa8
2aaaaaa8
00000000
d5555557
d5555557
28aaaaa8
d5555557
00000000

23222220
00000000
00000000
00000000
00550057
00000000
00aa00a8
00000000
00000000
00000000
11111113

2beaabe8
d5555557
00000000
00000000
d5555557
00000000
2aaaaaa8
00000000
00000000
282aa828
d5555557

00400140
ffffffff
ffffffff
d5555557
2eaaaaa8
00000000
d5555557
28aaaaa8
ffffffff
fd7ffd7f
00000000

09c889c8
ffffffff
d5555557
00000000
d1005500
00000000
2a00aa00
00000000
28aaaaa8
fd7ffd7f
c4444444

01000000
00000000
00000000
2aaaaaa8
2aaaaaa8
00000000
d5555557
d5555557
00000000
00000000
00000000

00000000
00000000
d5555557
d5555557
00550057
00000000
00aa00a8
28aaaaa8
28aaaaa8
00000000
00000000

2b00aa00
2aaaaaa8
ffffffff
d5555557
d5555557
00000000
2aaaaaa8
28aaaaa8
ffffffff
d5555557
d5005500

00000000
2aaaaaa8
00000000
00000000
2aaaaaa8
00000000
d5555557
00000000
00000000
d5555557
00000000

01400140
d5555557
00000000
00000000
d5005500
00000000
2a00aa00
00000000
02000000
282aa828
00000000

2b40ab40
d5555557
d5555557
fd55ff57
00000000
00000000
00000000
fdaaffa8
28aaaaa8
282aa828
d5005500

00400140
ffffffff
ffffffff
fdffffff
00000000
00000000
00000000
fdffffff
fdffffff
fd7ffd7f
00000000

00400140
ffffffff
00000000
00aa00a8
28aaaaa8
00000000
d5555557
00550057
00000000
fd7ffd7f
00000000

2b40ab40
d5555557
00000000
00000000
d5005500
ff00ff00
2a00aa00
00000000
00000000
282aa828
d5005500

00000000
00000000
00000000
2800aa00
00000000
00000000
00000000
d5005500
00000000
00000000
00000000

01000000
2aaaaaa8
2aaaaaa8
28aaaaa8
00000000
00000000
00000000
d5555557
d5555557
d5555557
00000000

2b40ab40
ffffffff
00000000
00aa00a8
d5005500
ff00ff00
2a00aa00
00550057
00000000
fd7ffd7f
d5005500

01000000
00000000
00000000
00000000
00000000
00000000
00000000
00000000
00000000
00000000
00000000

23222220
01000000
00000000
00000000
00550057
00000000
00aa00a8
00000000
00000000
02000000
13111113

2baaaaa8
2baaaaa8
ffffffff
faffffff
ffffffff
00000000
ffffffff
f5ffffff
ffffffff
d7555557
d7555557

01000000
ebaaaaab
d5555557
d5555557
2aaaaaa8
00000000
d5555557
2aaaaaa8
2aaaaaa8
d7555557
02000000

09888888
c1000003
d5555557
d5555557
d5005500
00000000
2a00aa00
2aaaaaa8
2aaaaaa8
02000000
c6444444

01000000
01000000
00000000
00000000
00000000
00000000
00000000
00000000
00000000
00000000
00000000

23222220
2baaaaa8
2aaaaaa8
2aaaaaa8
2affaaff
00000000
d5ff55ff
d5555557
d5555557
d5555557
11111113

2baaaaa8
ebaaaaab
d5555557
d5555557
ffffffff
00000000
ffffffff
2aaaaaa8
2aaaaaa8
d5555557
d5555557

01000000
01000000
d5555557
d5555557
00000000
00000000
00000000
2aaaaaa8
2aaaaaa8
00000000
00000000

08888888
00000000
00000000
00000000
d5005500
00000000
2a00aa00
00000000
00000000
02000000
c6444444

00000000
2aaaaaa8
2aaaaaa8
2aaaaaa8
2aaaaaa8
00000000
d5555557
d5555557
d5555557
d7555557
02000000

22222220
eaaaaaab
00000000
00000000
00550057
00000000
00aa00a8
00000000
00000000
d7555557
13111113

2aaaaaa8
c0000003
00000000
00000000
d5555557
00000000
2aaaaaa8
00000000
00000000
02000000
d7555557

08000000
00000000
00000000
00000000
2aaaaaa8
00000000
d5555557
00000000
00000000
00000000
00000000

00888888
2aaaaaa8
ffffffff
d5555557
d5005500
00000000
2a00aa00
2aaaaaa8
ffffffff
d5555557
c4444444

00000000
eaaaaaab
d5555557
2aaaaaa8
2aaaaaa8
00000000
d5555557
d5555557
2aaaaaa8
d5555557
00000000

22222220
00000000
00000000
00000000
00550057
00000000
00aa00a8
00000000
00000000
00000000
10111113

2aaaaaa8
c0000003
00000000
00000000
d5555557
00000000
2aaaaaa8
00000000
00000000
00000000
d5555557

00000000
eaaaaaab
ffffffff
d5555557
2aaaaaa8
00000000
d5555557
2aaaaaa8
ffffffff
d5555557
00000000

09888888
ebaaaaab
d5555557
00000000
d5005500
00000000
2a00aa00
00000000
2aaaaaa8
d5555557
c4444444

01000000
c1000003
00000000
2aaaaaa8
2aaaaaa8
00000000
d5555557
d5555557
00000000
00000000
01000000

00000000
00000000
d4555557
d4555557
00550057
00000000
00aa00a8
28aaaaa8
28aaaaa8
02000000
02000000

2a00aa00
2aaaaaa8
feffffff
d4555557
d5555557
00000000
2aaaaaa8
2aaaaaa8
ffffffff
d7555557
d7005500

01000000
2baaaaa8
00000000
00000000
2aaaaaa8
00000000
d5555557
00000000
00000000
d7555557
02000000

01000000
01000000
00000000
00000000
ffaaffa8
00000000
3e55ff54
02000000
02000000
02000000
02000000

2a00aa00
c0000003
d4555557
fe55ff57
2aaaaaa8
00000000
14555554
ffaaffa8
28aaaaa8
00000000
d5005500

00000000
eaaaaaab
feffffff
feffffff
2beaabe8
3cfffffc
17d557d4
ffffffff
ffffffff
d5555557
00000000

01000000
ebaaaaab
00000000
00aa00a8
00800280
00000000
c0400143
00550057
00000000
d5555557
00000000

2b00aa00
c1000003
00000000
00000000
d5805780
ff00ff00
2a40ab40
00000000
02000000
00000000
d5005500

00000000
00000000
00000000
2a00aa00
00800280
00000000
00400140
d5005500
00000000
02000000
02000000

00000000
2aaaaaa8
2aaaaaa8
2aaaaaa8
00800280
00000000
00400140
d5555557
d5555557
d7555557
02000000

2b00aa00
ebaaaaab
00000000
00aa00a8
d5005500
ff00ff00
2a00aa00
00550057
00000000
d7555557
d7005500

01000000
01000000
00000000
00000000
00000000
00000000
00000000
00000000
00000000
02000000
02000000

02000000
15555554
00000000
00000000
00550057
00000000
00aa00a8
00000000
00000000
2aaaaaa8
00000000

3ffffffc
3ffffffc
ffffffff
ffffffff
ffffffff
00000000
ffffffff
ffffffff
ffffffff
ffffffff
ffffffff

20222220
eaaaaaab
d4555557
d4555557
2aaaaaa8
00000000
d5555557
28aaaaa8
28aaaaa8
d5555557
11111113

00000000
c0000003
d4555557
d4555557
d5005500
00000000
2a00aa00
28aaaaa8
28aaaaa8
00000000
00000000

09888888
15555554
00000000
00000000
00000000
00000000
00000000
00000000
00000000
2aaaaaa8
c4444444

14555554
3ffffffc
2aaaaaa8
2aaaaaa8
2affaaff
00000000
d7ff55ff
d5555557
d5555557
ffffffff
2aaaaaa8

28aaaaa8
eaaaaaab
d4555557
d4555557
ffffffff
02000000
ffffffff
28aaaaa8
28aaaaa8
d5555557
d5555557

30777774
00000000
d4555557
d4555557
00000000
00000000
00000000
28aaaaa8
28aaaaa8
00000000
31bbbbbb

10555554
15555554
00000000
00000000
d5005500
02000000
2800aa00
00000000
00000000
2aaaaaa8
20aaaaa8

08888888
ffffffff
2aaaaaa8
2aaaaaa8
2aaaaaa8
00000000
d5555557
d5555557
d5555557
ffffffff
c4444444

00000000
eaaaaaab
00000000
00000000
00550057
00000000
00aa00a8
00000000
00000000
d5555557
00000000

3afffffc
00000000
00000000
00000000
d5555557
00000000
2aaaaaa8
00000000
00000000
00000000
ffffffff

32777774
15555554
00000000
00000000
2aaaaaa8
00000000
d5555557
00000000
00000000
00000000
3bbbbbbb

00000000
ffffffff
ffffffff
d5555557
d5005500
00000000
2a00aa00
28aaaaa8
ffffffff
d5555557
00000000

08888888
2aaaaaa8
d5555557
2aaaaaa8
2aaaaaa8
00000000
d5555557
d5555557
28aaaaa8
d5555557
c4444444

02000000
00000000
00000000
00000000
00550057
00000000
00aa00a8
00000000
00000000
00000000
00000000

2aaaaaa8
d5555557
00000000
00000000
d5555557
00000000
2aaaaaa8
00000000
02000000
00000000
d5555557

20222220
ffffffff
ffffffff
d4555557
2aaaaaa8
00000000
d5555557
2aaaaaa8
ffffffff
d5555557
11111113

00000000
eaaaaaab
d4555557
00000000
d5005500
00000000
2a00aa00
00000000
28aaaaa8
d5555557
00000000

1ddddddc
00000000
00000000
2aaaaaa8
2aaaaaa8
00000000
d5555557
d5555557
00000000
2aaaaaa8
eeeeeeec

00000000
04000000
d4555557
d5555557
00550057
00000000
00aa00a8
2aaaaaa8
28aaaaa8
00000000
00000000

2a00aa00
2faaaaa8
ffffffff
d5555557
d5555557
00000000
2aaaaaa8
2aaaaaa8
fdffffff
d5555557
d5005500

15555554
2baaaaa8
01000000
00000000
2aaaaaa8
00000000
d5555557
00000000
00000000
d7555557
2aaaaaa8

15555554
c0000003
00000000
00000000
d5005500
00000000
2b00aa00
00000000
00000000
28aaaaa8
28aaaaa8

3a55ff54
c4000003
d5555557
fd55ff57
02000000
00000000
00000000
feaaffa8
2aaaaaa8
01000000
ffaaffa8

00000000
ffffffff
ffffffff
fdffffff
10555554
00000000
00000000
feffffff
ffffffff
f7ffffff
00000000

15555554
eaaaaaab
00000000
00aa00a8
00000000
00000000
c0000003
00550057
00000000
f6ffffff
2aaaaaa8

2e00aa00
c1000003
00000000
00000000
d5005500
ff00ff00
2a00aa00
00000000
00000000
00000000
d5005500

00000000
10555554
00000000
2800aa00
00000000
00000000
00000000
d4005500
00000000
00000000
00000000

11555554
28aaaaa8
2aaaaaa8
28aaaaa8
02800280
00000000
00000000
d4555557
d5555557
d5555557
2aaaaaa8

3f55ff54
e8aaaaab
00000000
00aa00a8
d1805780
ff00ff00
2a00aa00
00550057
00000000
d5555557
ffaaffa8

15555554
00000000
00000000
00000000
04000000
00000000
00000000
00000000
00000000
00000000
00000000

02000000
00000000
00000000
00000000
00150057
00000000
00aa00a8
00000000
00000000
02000000
00000000

2baaaaa8
2aaaaaa8
ffffffff
faffffff
ffbfffff
02000000
ffffffff
f5ffffff
ffffffff
d7555557
d7555557

20222220
eaaaaaab
d0555557
d0555557
2aaaaaa8
02000000
d5155557
28aaaaa8
28aaaaa8
d7555557
11111113

01000000
c0000003
d0555557
d0555557
d5005500
00000000
2800aa00
28eaaaa8
28aaaaa8
02000000
02000000

08888888
01000000
00000000
00000000
00000000
00000000
02000000
00000000
00000000
02000000
c4444444

01000000
2baaaaa8
2aaaaaa8
2aaaaaa8
2abfaaff
00000000
d7ff55ff
d5555557
d5555557
d7555557
02000000

2aaaaaa8
ebaaaaab
d0555557
d0755557
ff9fffff
02000000
ffffffff
28aaaaa8
28aaaaa8
d7555557
d5555557

23222220
01000000
d0555557
d0555557
00000000
00000000
00000000
28aaaaa8
28aaaaa8
02000000
13111113

00000000
00000000
00000000
00000000
d5005500
02000000
2900aa00
00000000
00000000
00000000
00000000

09888888
eaaaaaab
2aaaaaa8
2aaaaaa8
2aaaaaa8
00000000
d5555557
d5555557
d5555557
d5555557
c6444444

00000000
eaaaaaab
00000000
00000000
00150057
00000000
00aa00a8
00000000
00000000
d5555557
00000000

29aaaaa8
00000000
00000000
00000000
d5155557
08000000
2aaaaaa8
00000000
00000000
00000000
d7555557

20222220
01000000
00000000
00000000
2aaaaaa8
00000000
d4555557
00000000
00000000
00000000
11111113

01000000
ebaaaaab
ffffffff
d1555557
d5005500
08000000
2a00aa00
28aaaaa8
ffffffff
d5555557
02000000

08888888
2baaaaa8
d1555557
2aaaaaa8
2aaaaaa8
00000000
d5555557
d5555557
28aaaaa8
d5555557
c4444444

01000000
01000000
00000000
00000000
04150057
00000000
00aa00a8
00000000
00000000
00000000
02000000

2aaaaaa8
c0000003
00000000
00000000
d5155557
04000000
2aaaaaa8
00000000
00000000
02000000
d5555557

23222220
eaaaaaab
ffffffff
d0555557
2aaaaaa8
00000000
d5555557
28aaaaa8
ffffffff
d7555557
12111113

00000000
eaaaaaab
d0555557
00000000
d1005500
04000000
2a00aa00
00000000
28aaaaa8
d7555557
01000000

09888888
00000000
00000000
2aaaaaa8
2aaaaaa8
00000000
d5555557
d5555557
00000000
02000000
c6444444

00000000
01000000
d4555557
d0555557
00150057
00000000
00aa00a8
28aaaaa8
28aaaaa8
02000000
00000000

2b00aa00
2baaaaa8
feffffff
d1555557
d5155557
04000000
2aaaaaa8
28aaaaa8
ffffffff
d7555557
d7005500

00000000
2baaaaa8
00000000
00000000
2aaaaaa8
04000000
d5555557
00000000
02000000
d7555557
00000000

01000000
c1000003
00000000
01000000
fbaaffa8
00000000
3a55ff54
00000000
00000000
02000000
02000000

2a00aa00
c0000003
d0555557
f855ff57
2caaaaa8
00000000
11555554
f8aaffa8
28aaaaa8
00000000
d5005500

01000000
eaaaaaab
fbffffff
f9ffffff
29eaabe8
3cfffffc
12d557d4
f8ffffff
fdffffff
d5555557
02000000

00000000
eaaaaaab
00000000
00aa00a8
00800280
00000000
c0400143
00150057
00000000
d5555557
00000000

2b00aa00
c0000003
01000000
01000000
d5c05780
ff40ff00
2a40ab40
00400000
00000000
00000000
d7005500

00000000
01000000
00000000
2800aa00
00c00280
00400000
00400140
d0005500
00000000
00000000
00000000

01000000
2baaaaa8
2aaaaaa8
28aaaaa8
00800280
00000000
00400140
d0555557
d5555557
d5555557
02000000

2a00aa00
ebaaaaab
00000000
008a00a8
d5005500
ff00ff00
2a00aa00
00550057
00000000
d5555557
d5005500

01000000
01000000
00000000
00200000
00000000
00000000
00000000
00000000
00000000
00000000
02000000

22222220
00000000
00000000
00000000
00450057
00000000
00aa00a8
00000000
00000000
00000000
11111113

2aaaaaa8
2aaaaaa8
ffffffff
ffbfffff
ffefffff
00000000
ffffffff
ff7fffff
ffffffff
d5d55557
d5d55557

00000000
eaaaaaab
d5155557
d5155557
2aaaaaa8
00000000
d5455557
2a0aaaa8
2a2aaaa8
d5d55557
00800000

08888888
c0000003
d5155557
d5155557
d5005500
00000000
2a00aa00
2a3aaaa8
2a2aaaa8
00000000
c4444444

00000000
00000000
00000000
00000000
00000000
00000000
00000000
00200000
00000000
00000000
00000000

22222220
2aaaaaa8
2aaaaaa8
2aaaaaa8
2aefaaff
00000000
d5ff55ff
d5555557
d5555557
d5d55557
11911113

2aaaaaa8
eaaaaaab
d5155557
d5155557
ffefffff
00000000
ffffffff
2a2aaaa8
2a2aaaa8
d5d55557
d5d55557

00000000
00000000
d5155557
d5155557
00000000
00000000
00000000
2a2aaaa8
2a2aaaa8
00000000
00000000

08c88888
00400000
00000000
00000000
d5005500
00000000
2a00aa00
00000000
00000000
00000000
c4444444

00400000
2aeaaaa8
2aaaaaa8
2aaaaaa8
2aaaaaa8
00000000
d5555557
d5555557
d5555557
d5d55557
00800000

22622220
eaeaaaab
00000000
00000000
00050057
00000000
00aa00a8
00000000
00000000
d5d55557
11911113

2aeaaaa8
c0400003
00000000
00000000
d5455557
00400000
2aaaaaa8
00000000
00000000
00000000
d5555557

00400000
00400000
00000000
00000000
2eaaaaa8
00400000
d5555557
00000000
00000000
00000000
00000000

08488888
2aeaaaa8
ffffffff
d5155557
d1005500
00000000
2a00aa00
2a2aaaa8
ffffffff
d5d55557
c4c44444

00c00000
eaeaaaab
d5155557
2aaaaaa8
2aeaaaa8
00000000
d5555557
d5555557
2a2aaaa8
d5d55557
00800000

22622220
00400000
00000000
00000000
00450057
00000000
00aa00a8
00000000
00000000
00000000
11111113

2aaaaaa8
c0000003
00000000
00000000
d5455557
00000000
2aaaaaa8
00000000
00000000
00000000
d5555557

00000000
eaaaaaab
ffffffff
d5155557
2aaaaaa8
00000000
d5555557
2a2aaaa8
ffffffff
d5555557
00000000

08c88888
eaeaaaab
d5155557
00000000
d5005500
00000000
2a00aa00
00000000
2a2aaaa8
d5555557
c4044444

00400000
c0400003
00000000
2aaaaaa8
2aaaaaa8
00000000
d5555557
d5555557
00000000
00000000
00400000

00000000
00000000
d5155557
d5155557
00450057
00000000
008a00a8
2a2aaaa8
2a2aaaa8
00800000
00800000

2a00aa00
2aaaaaa8
ffbfffff
d5155557
d5455557
00200000
2aaaaaa8
2a2aaaa8
ff7fffff
d5d55557
d5805500

00400000
2aeaaaa8
00000000
00000000
2aaaaaa8
00000000
d5755557
00000000
00000000
d5d55557
00800000

00400000
00400000
00000000
00000000
ff2affa8
00200000
3f15ff54
00000000
00000000
00800000
00800000

2a00aa00
c0000003
d5155557
ff55ff57
2a2aaaa8
00000000
15155554
ffaaffa8
2a2aaaa8
00000000
d5005500

00000000
eaaaaaab
ffbfffff
ffffffff
2b6aabe8
3ffffffc
179557d4
ffffffff
ffffffff
d5555557
00000000

00400000
eaeaaaab
00000000
00aa00a8
02000280
01000000
c1000143
00450057
00000000
d5555557
00000000

2a40aa00
c0400003
00000000
00000000
d7105780
ff10ff00
2b00ab40
00100000
00800000
00000000
d5005500

00000000
00000000
00000000
2a00aa00
02100280
00100000
01000140
d5005500
00000000
00800000
00800000

00000000
2aaaaaa8
2aaaaaa8
2baaaaa8
02000280
00000000
01000140
d5555557
d5555557
d5d55557
04800000

2a40aa00
eaeaaaab
00000000
00aa00a8
d5005500
fe00ff00
2a00aa00
00550057
00000000
d5d55557
d1805500

00400000
00400000
00000000
01000000
00000000
00000000
00000000
00000000
00000000
00800000
00800000

22222220
00000000
00000000
00000000
00550057
00000000
00aa00a8
00000000
00000000
00000000
11111113

3ffffffc
2aeaaaa8
ffffffff
ffffffff
ffffffff
00000000
ffffffff
ffffffff
ffffffff
d5d55557
ffffffff

00400000
eaeaaaab
d5155557
d5155557
2aaaaaa8
00000000
d5555557
2a0aaaa8
2a2aaaa8
d5d55557
00800000

08888888
c0400003
d5155557
d5155557
d5005500
00000000
2a00aa00
2a2aaaa8
2a2aaaa8
00000000
c4444444

00000000
15555554
00000000
00000000
00000000
00000000
00000000
00000000
00000000
2a2aaaa8
00000000

37377774
2aaaaaa8
2aaaaaa8
2aaaaaa8
2affaaff
00000000
d5ff55ff
d5755557
d5555557
ff7fffff
3b3bbbbb

2aaaaaa8
eaaaaaab
d5155557
d5155557
ffffffff
00000000
ffffffff
2a2aaaa8
2a2aaaa8
d5555557
d5555557

15155554
15155554
d5155557
d5155557
00000000
00000000
00000000
2a2aaaa8
2a2aaaa8
00000000
2a2aaaa8

1d9ddddc
00400000
00000000
00000000
d5005500
00000000
2a00aa00
00000000
00000000
00000000
ee6eeeec

00000000
eaeaaaab
2aaaaaa8
2aaaaaa8
2aaaaaa8
00000000
d5555557
d5555557
d5555557
ff7fffff
00000000

22222220
eaaaaaab
00000000
00000000
00550057
00000000
00aa00a8
00000000
00000000
d5555557
11111113

3fbffffc
00000000
00000000
00000000
d5555557
00000000
2aaaaaa8
00000000
00000000
00000000
ffffffff

15155554
15155554
00000000
00000000
2aaaaaa8
00000000
d5555557
00000000
00000000
00000000
2aaaaaa8

08088888
ffffffff
ffffffff
d5155557
d5005500
00000000
2a00aa00
2a2aaaa8
ffffffff
ff7fffff
c4444444

00800000
2aaaaaa8
d5155557
2aaaaaa8
2aaaaaa8
00000000
d5555557
d5555557
2a2aaaa8
d5555557
00000000

22222220
00400000
00000000
00000000
00550057
00000000
00aa00a8
00000000
00000000
00000000
11111113

2aaaaaa8
d5555557
00000000
00000000
d5555557
00000000
2aaaaaa8
00000000
00000000
00000000
d5d55557

00000000
ffffffff
ffffffff
d5155557
2aaaaaa8
00000000
d5555557
2a2aaaa8
ffffffff
d5555557
00400000

08888888
eaaaaaab
d5155557
00000000
d5005500
00000000
2a00aa00
00000000
2a2aaaa8
d5555557
c4044444

15555554
00000000
00000000
2aaaaaa8
2aaaaaa8
00000000
d5555557
d5555557
00000000
00000000
2aaaaaa8

00000000
15555554
d5555557
d5555557
00550057
00000000
008a00a8
2a2aaaa8
2a2aaaa8
2a2aaaa8
00000000

2a00aa00
3ffffffc
ffffffff
d5555557
d5555557
00200000
2aaaaaa8
2a2aaaa8
ff7fffff
ffffffff
d5005500

15555554
2aaaaaa8
00000000
00000000
2aaaaaa8
00000000
d5555557
00000000
00000000
d5555557
2aaaaaa8

15555554
c0000003
00000000
00000000
d5005500
00200000
2a20aa00
00000000
00000000
00800000
2aaaaaa8

2a00aa00
d5555557
d5555557
ff55ff57
00000000
00000000
00000000
ffaaffa8
2a2aaaa8
2a2aaaa8
ffaaffa8

00000000
ffffffff
ffffffff
ffffffff
15155554
00800000
00400000
ffffffff
ff7fffff
ffffffff
00000000

15555554
eaaaaaab
00000000
00aa00a8
00000000
00000000
c0000003
00550057
00000000
d5555557
2aaaaaa8

2a00aa00
c0000003
00000000
00000000
d5005500
ff00ff00
2a00aa00
00000000
00000000
00800000
d5805500

00400000
15555554
00000000
2a00aa00
00000000
00000000
00000000
d5005500
00000000
2a2aaaa8
00000000

15155554
3ffffffc
2aaaaaa8
2aaaaaa8
02800280
00000000
00000000
d5555557
d5555557
ffffffff
2a2aaaa8

3f15ff54
eaaaaaab
00000000
00aa00a8
d7005780
ff00ff00
2a00aa00
00550057
00000000
d5555557
ff2affa8

15555554
00000000
00000000
00000000
00000000
00000000
00000000
00000000
00000000
00800000
2aaaaaa8

00000000
00000000
00000000
00000000
00550057
00000000
00aa00a8
00000000
00000000
00000000
00000000

2aaaaaa8
2aaaaaa8
ffffffff
ffbfffff
ffffffff
00000000
ffffffff
ff7fffff
ffffffff
d5555557
d5555557

22222220
eaaaaaab
d1155557
d1055557
2aaaaaa8
00000000
d5555557
2a8aaaa8
28aaaaa8
d5555557
11511113

00800000
c0000003
d1555557
d1555557
d5005500
00000000
2a00aa00
2aaaaaa8
2aaaaaa8
00000000
00000000

08088888
00000000
00400000
00400000
00000000
00000000
00000000
00000000
02000000
00000000
c4044444

00000000
2aaaaaa8
2aaaaaa8
2abaaaa8
2affaaff
04000000
d5ff55ff
d5755557
d5555557
d5555557
00000000

2aaaaaa8
eaaaaaab
d1155557
d1155557
fbffffff
04000000
ffffffff
2aaaaaa8
2aaaaaa8
d5555557
d5555557

22222220
00000000
d1555557
d1555557
00000000
00000000
00000000
2aaaaaa8
2aaaaaa8
00000000
15111113

00800000
00000000
00400000
00400000
d1005500
00000000
2a40aa00
00000000
00000000
00000000
00000000

08088888
eaaaaaab
2aaaaaa8
2aaaaaa8
2aaaaaa8
00000000
d5555557
d5555557
d5555557
d5555557
c0444444

00000000
eaaaaaab
00000000
00000000
00550057
00000000
00aa00a8
00000000
00000000
d5555557
00000000

2aaaaaa8
00000000
00000000
00000000
d5555557
00000000
2aaaaaa8
00000000
00000000
00000000
d5555557

22222220
00000000
00000000
00000000
2aaaaaa8
00000000
d5155557
00000000
00000000
00000000
11111113

00000000
eaaaaaab
ffffffff
d1555557
d5005500
00000000
2a00aa00
2aaaaaa8
ffffffff
d5555557
00000000

08888888
2aaaaaa8
d1555557
2aaaaaa8
2aaaaaa8
00000000
d5555557
d5555557
2aaaaaa8
d5555557
c4444444

00000000
00000000
00000000
00000000
00550057
00000000
00aa00a8
00000000
00000000
00000000
00000000

2aaaaaa8
c0000003
00000000
00000000
d5555557
00000000
2aaaaaa8
00000000
00000000
00000000
d1555557

22222220
eaaaaaab
ffffffff
d1555557
2aaaaaa8
00000000
d5555557
2aaaaaa8
ffffffff
d5555557
11111113

00800000
eaaaaaab
d1155557
00400000
d5005500
00000000
2a00aa00
00000000
2aaaaaa8
d5555557
00000000

08088888
00000000
00000000
2aaaaaa8
2aaaaaa8
00000000
d5555557
d5555557
00000000
00000000
c0444444

00000000
00000000
d1555557
d5155557
00450057
00000000
008a00a8
2a2aaaa8
2a2aaaa8
00000000
00000000

2a00aa00
2aaaaaa8
fbffffff
d5155557
d5555557
00300000
2aaaaaa8
2a2aaaa8
ff7fffff
d5555557
d5005500

00000000
2aaaaaa8
00000000
00000000
2aaaaaa8
00000000
d5555557
00000000
00000000
d5555557
00000000

00000000
c0000003
00000000
00000000
ffbaffa8
00300000
3f35ff54
00000000
00000000
00000000
00000000

2a00aa00
c0000003
d5155557
ff15ff57
2a2aaaa8
00000000
15155554
fb2affa8
222aaaa8
00000000
d5005500

00000000
eaaaaaab
ffbfffff
ffbfffff
2b6aabe8
3f7ffffc
179557d4
fb7fffff
f77fffff
d5555557
00000000

00000000
eaaaaaab
00000000
00aa00a8
02000280
04000000
c1000143
00550057
00000000
d5555557
00000000

2a00aa00
c0000003
00000000
00000000
d7005780
ff00ff00
2b00ab40
00000000
00000000
00000000
d5005500

00000000
00000000
00000000
2a00aa00
02000280
00000000
01000140
d1005500
00000000
00000000
00000000

00000000
2aaaaaa8
2aaaaaa8
2eaaaaa8
02000280
00000000
01000140
d1555557
d5555557
d5555557
00000000

2a00aa00
eaaaaaab
00000000
04aa00a8
d5005500
fb00ff00
2a00aa00
00550057
00000000
d5555557
d5005500

00000000
00000000
00000000
00000000
00000000
00000000
00000000
00000000
00000000
00000000
00000000

00000000
00000000
00000000
00000000
00150057
00000000
00aa00a8
00000000
00000000
00000000
00000000

2aaaaaa8
2aaaaaa8
ffffffff
ffffffff
ffbfffff
00000000
ffffffff
f7ffffff
ffffffff
d5555557
d5555557

22222220
eaaaaaab
d5555557
d5555557
2aaaaaa8
00000000
d5155557
2acaaaa8
2aaaaaa8
d5555557
11111113

00800000
c0000003
d5555557
d5555557
d5005500
00000000
2a00aa00
2aaaaaa8
2aaaaaa8
00000000
00000000

08088888
00000000
00000000
00000000
00000000
00000000
00000000
00000000
00000000
00000000
c4444444

00000000
2aaaaaa8
2aaaaaa8
2aaaaaa8
2affaaff
00000000
ddff55ff
d5755557
d5555557
d5555557
00000000

2aaaaaa8
eaaaaaab
d5555557
d5555557
ffffffff
08000000
ffffffff
2aaaaaa8
2aaaaaa8
d5555557
d5155557

22222220
00000000
d5555557
d5555557
00000000
00000000
00000000
2aaaaaa8
2aaaaaa8
00000000
11111113

00800000
00000000
00000000
00000000
d5005500
00000000
2200aa00
00000000
00000000
00000000
00000000

08088888
2aaaaaa8
2aaaaaa8
2aaaaaa8
2aaaaaa8
08000000
d5555557
d5555557
d5555557
d5555557
c4044444

00000000
eaaaaaab
00000000
00000000
00150057
00000000
00aa00a8
00000000
00000000
d5555557
00000000

22aaaaa8
c0000003
00000000
00000000
d5155557
00400000
2aaaaaa8
00000000
00000000
00000000
d5555557

22222220
00000000
00000000
00000000
2aaaaaa8
00000000
d5555557
00000000
00000000
08000000
19111113

00800000
2aaaaaa8
ffffffff
d5555557
d5005500
00000000
2a00aa00
2aaaaaa8
ffffffff
d5555557
00000000

00088888
eaaaaaab
d5555557
2aaaaaa8
2aaaaaa8
00400000
d5555557
d5555557
2aaaaaa8
d5555557
c4444444

00000000
00000000
00000000
00000000
00150057
00000000
00aa00a8
00000000
00000000
00000000
00000000

2eaaaaa8
c4000003
00000000
00000000
d5155557
00000000
2aaaaaa8
00000000
00000000
08000000
dd555557

22222220
eaaaaaab
ffffffff
d5555557
2aaaaaa8
00000000
d5555557
2aaaaaa8
ffffffff
d5555557
11111113

00000000
eaaaaaab
d5555557
00000000
d5005500
00000000
2a00aa00
00000000
2aaaaaa8
d5555557
00000000

0c888888
c4000003
00000000
2aaaaaa8
2aaaaaa8
00000000
d5555557
d5555557
00000000
08000000
cc444444

04000000
04000000
d1555557
d1555557
00150057
00000000
008a00a8
22aaaaa8
22aaaaa8
08000000
08000000

2a00aa00
2aaaaaa8
fbffffff
d1555557
d5155557
00200000
2aaaaaa8
22aaaaa8
f7ffffff
d5555557
d5005500

00000000
2aaaaaa8
00000000
00000000
2aaaaaa8
00000000
d5555557
00000000
00000000
d5555557
00000000

04000000
04000000
00000000
00000000
ffaaffa8
00200000
3f75ff54
00000000
00000000
08000000
08000000

2a00aa00
c4000003
d1555557
fb55ff57
22aaaaa8
00000000
11555554
f72affa8
22aaaaa8
08000000
dd005500

00000000
eaaaaaab
fbffffff
fbffffff
23eaabe8
33fffffc
13d557d4
f77fffff
f7ffffff
d5555557
00000000

00000000
eaaaaaab
00000000
00aa00a8
02800280
00000000
c1400143
00150057
00000000
d5555557
00000000

2e00aa00
c4000003
00000000
00000000
d7c05780
ff40ff00
2b40ab40
00400000
00000000
08000000
dd005500

04000000
04000000
00000000
2a00aa00
02c00280
00400000
01400140
d5005500
00000000
08000000
08000000

04000000
2aaaaaa8
2aaaaaa8
2aaaaaa8
02800280
00000000
01400140
d5555557
d5555557
d5555557
00000000

2a00aa00
eaaaaaab
00000000
00aa00a8
d5005500
ff00ff00
2a00aa00
00150057
00000000
d5555557
d5005500

04000000
04000000
00000000
00000000
00000000
00000000
00000000
00400000
00000000
08000000
08000000

22222220
11555554
00000000
00000000
00000000
00000000
00000000
00000000
00000000
2aaaaaa8
11111113

37fffffc
3ffffffc
ffffffff
ffffffff
ffffffff
00000000
ffffffff
ffffffff
ffffffff
ffffffff
fbffffff

00000000
eaaaaaab
d1555557
d1555557
2affaaff
00000000
d5ff55ff
22aaaaa8
22aaaaa8
d5555557
00000000

00888888
c4000003
d5555557
d5555557
00000000
00000000
00000000
2aaaaaa8
2aaaaaa8
00000000
c0444444

00000000
11555554
04000000
04000000
d5005500
00000000
2a00aa00
08000000
08000000
22aaaaa8
00000000

37777774
3ffffffc
2aaaaaa8
2aaaaaa8
2aaaaaa8
00000000
d5555557
d5555557
d5555557
ffffffff
3bbbbbbb

22aaaaa8
eaaaaaab
d1555557
d1555557
ffffffff
00000000
ffffffff
228aaaa8
22aaaaa8
dd555557
d5555557

11555554
04000000
d5555557
d5555557
00550057
00000000
00aa00a8
2aaaaaa8
2aaaaaa8
00000000
22aaaaa8

11dddddc
11555554
04000000
04000000
04000000
00000000
0c000000
08000000
08000000
22aaaaa8
e2eeeeec

00000000
ffffffff
2aaaaaa8
2aaaaaa8
fbaaffa8
00000000
f755ff57
d5555557
d5555557
ffffffff
04000000

22222220
eaaaaaab
00000000
00000000
00000000
00000000
00000000
00000000
00000000
dd555557
11111113

33fffffc
04000000
00000000
00000000
d5555557
00000000
2aaaaaa8
00200000
00000000
00000000
f7ffffff

15555554
11555554
04000000
00000000
2affaaff
00000000
d1ff55ff
00000000
00000000
00000000
22aaaaa8

04888888
ffffffff
ffffffff
d5555557
00000000
00000000
00000000
2aaaaaa8
ffffffff
d5555557
c4444444

00000000
2aaaaaa8
d1555557
2aaaaaa8
ffaaffa8
00000000
ff55ff57
dd555557
22aaaaa8
d5555557
00000000

22222220
04000000
00000000
00000000
01000000
00000000
00000000
00000000
00000000
00000000
11111113

26aaaaa8
d1555557
00000000
00080000
d5555557
01000000
2aaaaaa8
00000000
00000000
00000000
dd555557

00000000
ffffffff
ffffffff
d5555557
2af7aaff
00000000
d5fb55ff
22aeaaa8
ffffffff
d5555557
04000000

00888888
eeaaaaab
d0555557
04000000
00000000
00000000
00000000
00000000
22aaaaa8
d5555557
c0444444

15555554
00000000
00000000
2baaaaa8
feaaffa8
01000000
ff55ff57
d5555557
00000000
2aaaaaa8
2aaaaaa8

2a00aa00
04000000
d5555557
d5555557
00000000
00000000
00000000
2aaaaaa8
2aaaaaa8
00000000
d5005500

2aaaaaa8
2eaaaaa8
ffffffff
d5555557
d5555557
02000000
2aaaaaa8
2aaaaaa8
ffffffff
d5555557
d5555557

15555554
2aaaaaa8
00000000
00000000
2affaaff
02000000
d5ff55ff
00000000
00000000
d5555557
2aaaaaa8

15ff55fc
c0000003
00000000
00000000
08000000
00000000
06000000
00000000
00000000
2aaaaaa8
2affaaff

15555554
c0000003
d5555557
ffffffff
dd005500
00000000
2c00aa00
fbffffff
2aaaaaa8
00000000
2aaaaaa8

00000000
ffffffff
ffffffff
ffffffff
19555554
0c000000
04000000
fbffffff
ffffffff
f7ffffff
00000000

3f55ff54
eaaaaaab
00000000
00000000
00000000
00000000
c0000003
00000000
00000000
f7ffffff
ffaaffa8

2aaaaaa8
c0000003
00000000
00000000
d5555557
ffffffff
2aaaaaa8
00000000
00000000
00000000
d5555557

00000000
15555554
00000000
2aaaaaa8
00000000
00000000
00000000
d1555557
00000000
00000000
00000000

15ff55fc
22aaaaa8
2aaaaaa8
2aaaaaa8
02d502d7
00ff00ff
00aa00a8
d1555557
d5555557
d4555557
2affaaff

15555554
e2aaaaab
00000000
00000000
02800280
00000000
00000000
00000000
00000000
d4555557
2aaaaaa8

15555554
00000000
00000000
00000000
d5005500
ff00ff00
2a00aa00
00000000
00000000
00000000
00000000

22222220
00000000
00000000
00000000
00000000
00000000
00000000
00000000
00000000
00000000
11111113

26aaaaa8
2eaaaaa8
ffffffff
ffffffff
ffffffff
00000000
ffffffff
ffffffff
ffffffff
dd555557
dd555557

04000000
eeaaaaab
d1555557
d1555557
2affaaff
00000000
d5ff55ff
22aaaaa8
22aaaaa8
dd555557
08000000

00888888
c0000003
d5555557
d5555557
00000000
00000000
00000000
2aaaaaa8
2aaaaaa8
00000000
c0444444

00000000
00000000
04000000
04000000
d5005500
00000000
2a00aa00
08000000
08000000
00000000
04000000

26222220
2eaaaaa8
2aaaaaa8
2aaaaaa8
2aaaaaa8
00000000
d5555557
d5555557
d5555557
dd555557
19111113

2eaaaaa8
eeaaaaab
d1555557
d1555557
ffffffff
08000000
f7ffffff
228aaaa8
22aaaaa8
dd555557
dd555557

08000000
00000000
d5555557
d5555557
00550057
00000000
00aa00a8
2aaaaaa8
2aaaaaa8
00000000
00000000

00888888
00000000
04000000
04000000
00000000
08000000
00000000
08000000
08000000
00000000
c0444444

04000000
eeaaaaab
2aaaaaa8
2aaaaaa8
ffaaffa8
00000000
f755ff57
d5555557
d5555557
dd555557
04000000

26222220
eeaaaaab
00000000
00000000
00000000
00000000
00000000
00000000
00000000
dd555557
19111113

2aaaaaa8
00000000
00000000
00000000
d5555557
00000000
2aaaaaa8
00200000
00000000
00000000
d5555557

00000000
00000000
00000000
00000000
2affaaff
00000000
d5ff55ff
00000000
00000000
00000000
08000000

04888888
eeaaaaab
ffffffff
d5555557
00000000
00000000
00000000
2aaaaaa8
ffffffff
dd555557
c8444444

0c000000
2eaaaaa8
d1555557
2eaaaaa8
ffaaffa8
00000000
ff55ff57
dd555557
22aaaaa8
dd555557
0c000000

22222220
00000000
00000000
00000000
00000000
00000000
00000000
00000000
00000000
00000000
11111113

2aaaaaa8
c0000003
00000000
00000000
d5555557
02000000
2aaaaaa8
00000000
00000000
00000000
d5555557

00000000
eaaaaaab
ffffffff
d5555557
2affaaff
00000000
d5ff55ff
2aaaaaa8
ffffffff
d5555557
00000000

08888888
eaaaaaab
d1555557
04000000
00000000
02000000
02000000
08000000
22aaaaa8
d5555557
c0444444

00000000
00000000
00000000
2aaaaaa8
ffaaffa8
00000000
fd55ff57
d5555557
00000000
00000000
04000000

2e00aa00
04000000
d1555557
d1555557
00000000
00000000
00000000
22aaaaa8
22aaaaa8
08000000
dd005500

2eaaaaa8
2eaaaaa8
fbffffff
d1555557
d5555557
00000000
2aaaaaa8
22aaaaa8
f7ffffff
dd555557
dd555557

04000000
2eaaaaa8
00000000
00000000
2affaaff
00000000
d5ff55ff
00000000
00000000
dd555557
08000000

04aa00a8
c4000003
00000000
00000000
22aaaaa8
00000000
11555554
00000000
00000000
08000000
08550057

00000000
c0000003
d1555557
ffffffff
f7aaffa8
00000000
3b55ff54
ffffffff
22aaaaa8
00000000
00000000

04000000
eaaaaaab
fbffffff
ffffffff
23eaabe8
3ffffffc
13d557d4
ffffffff
f7ffffff
d5555557
00000000

2a00aa00
eaaaaaab
00000000
00000000
02800280
00000000
c1400143
00000000
00000000
d5555557
d5005500

2aaaaaa8
c0000003
00000000
00000000
d7d557d7
ffffffff
2beaabe8
00000000
00000000
00000000
d5555557

00000000
04000000
00000000
2aaaaaa8
02800280
00000000
01400140
d5555557
00000000
08000000
08000000

04aa00a8
2eaaaaa8
2aaaaaa8
2aaaaaa8
02d502d7
00ff00ff
01ea01e8
d5555557
d7555557
dd555557
08550057

04000000
eeaaaaab
00000000
00000000
00000000
00000000
00000000
00000000
02000000
dd555557
08000000

04000000
04000000
00000000
00000000
d5005500
ff00ff00
2a00aa00
00000000
00000000
08000000
08000000

00000000
00000000
00000000
00000000
00000000
00000000
00000000
00000000
00000000
00000000
00000000

2aaaaaa8
2aaaaaa8
ffffffff
faffffff
ffffffff
00000000
ffffffff
f5ffffff
ffffffff
d5555557
d5555557

22222220
eeaaaaab
d0555557
d0555557
2affaaff
00000000
d5ff55ff
20aaaaa8
20aaaaa8
dd555557
11111113

08000000
c4000003
d4555557
d4555557
00000000
00000000
00000000
28aaaaa8
28aaaaa8
08000000
04000000

00888888
00000000
00000000
00000000
d5005500
00000000
2a00aa00
00000000
00000000
00000000
c0444444

00000000
2aaaaaa8
2eaaaaa8
2eaaaaa8
2aaaaaa8
00000000
d5555557
dd555557
dd555557
d5555557
00000000

2aaaaaa8
eeaaaaab
d0555557
d0455557
ffffffff
00000000
ffffffff
208aaaa8
20aaaaa8
dd555557
d5555557

2a222220
04000000
d4555557
d4555557
00550057
00000000
00aa00a8
28aaaaa8
28aaaaa8
08000000
11111113

00000000
00000000
00000000
00000000
00000000
00000000
00000000
00000000
00000000
00000000
00000000

00888888
2aaaaaa8
2eaaaaa8
2eaaaaa8
ffaaffa8
00000000
ff55ff57
dd555557
dd555557
d5555557
c4444444

00000000
eeaaaaab
00000000
00000000
04000000
00000000
00000000
00000000
00000000
dd555557
00000000

2aaaaaa8
c4000003
00000000
00100000
d5555557
04000000
2aaaaaa8
00200000
00000000
08000000
d5555557

2a222220
00000000
00000000
00000000
2affaaff
00000000
d5ff55ff
00000000
00000000
00000000
11111113

00000000
2aaaaaa8
ffffffff
d4555557
00000000
00000000
00000000
28aaaaa8
ffffffff
d5555557
00000000

00888888
eeaaaaab
d0555557
2aaaaaa8
fbaaffa8
04000000
ff55ff57
d5555557
20aaaaa8
dd555557
c4444444

00000000
04000000
00000000
04000000
00000000
00000000
00000000
08000000
00000000
08000000
00000000

2aaaaaa8
c0000003
00000000
00000000
d5555557
03000000
2aaaaaa8
00000000
00000000
00000000
d5555557

22222220
eeaaaaab
ffffffff
d4555557
2affaaff
03000000
d5ff55ff
28aaaaa8
ffffffff
dd555557
11111113

00000000
eeaaaaab
d0555557
00000000
01000000
00000000
02000000
00000000
20aaaaa8
dd555557
00000000

08888888
c0000003
00000000
2eaaaaa8
feaaffa8
00000000
fd55ff57
dd555557
00000000
00000000
c4444444

2a00aa00
00000000
d1555557
d1555557
01000000
00000000
00000000
2aaaaaa8
22aaaaa8
00000000
d5005500

2aaaaaa8
2eaaaaa8
fbffffff
d1555557
d5555557
01000000
2aaaaaa8
2aaaaaa8
f7ffffff
dd555557
d5555557

00000000
2eaaaaa8
00000000
00000000
2affaaff
01000000
d5fb55ff
00040000
00000000
dd555557
00000000

00aa00a8
00000000
00000000
00000000
22aaaaa8
00000000
11555554
00000000
00000000
00000000
00550057

00000000
c0000003
d1555557
ffffffff
f6aaffa8
00000000
3b55ff54
f6ffffff
22aaaaa8
00000000
00000000

00000000
eeaaaaab
fbffffff
ffffffff
23eaabe8
3ffffffc
13d557d4
f6ffffff
f7ffffff
dd555557
00000000

2a00aa00
eeaaaaab
00000000
00000000
00800280
00000000
c0400143
00000000
00000000
dd555557
d5005500

2aaaaaa8
c0000003
00000000
00000000
d5d557d7
ffffffff
2aeaabe8
00000000
00000000
00000000
d5555557

00000000
00000000
00000000
2aaaaaa8
00800280
00000000
00400140
d4555557
00000000
00000000
00000000

00aa00a8
2eaaaaa8
2aaaaaa8
2aaaaaa8
00d502d7
00ff00ff
00ea01e8
d4555557
d5555557
dd555557
00550057

00000000
eeaaaaab
00000000
00000000
00000000
00000000
00000000
00000000
00000000
dd555557
00000000

00000000
00000000
00000000
00000000
d5005500
ff00ff00
2a00aa00
00000000
00000000
00000000
00000000

00000000
00000000
00000000
00000000
00000000
00000000
00000000
00000000
00000000
00000000
00000000

3ffffffc
2eaaaaa8
ffffffff
ffffffff
ffffffff
00000000
ffffffff
ffffffff
ffffffff
dd555557
ffffffff

26222220
eeaaaaab
d0555557
d0555557
2affaaff
00000000
d5ef55ff
20aaaaa8
20aaaaa8
dd555557
19111113

08000000
c5000003
d4555557
d4555557
00000000
00000000
00000000
28baaaa8
28aaaaa8
00000000
04000000

00888888
15555554
00000000
00000000
d5005500
00000000
2a00aa00
00000000
00000000
20aaaaa8
c0444444

11555554
2aaaaaa8
2eaaaaa8
2eaaaaa8
2aaaaaa8
00000000
d5555557
dd555557
dd555557
f5ffffff
22aaaaa8

2aaaaaa8
eaaaaaab
d0555557
d0555557
ffffffff
00000000
ffffffff
208aaaa8
20aaaaa8
d5555557
d5555557

32777774
10555554
d4555557
d4555557
00550057
00000000
00aa00a8
28aaaaa8
28aaaaa8
00000000
31bbbbbb

10555554
05000000
00000000
00000000
00000000
00000000
00000000
00000000
00000000
00000000
20aaaaa8

08888888
efaaaaab
2eaaaaa8
2aaaaaa8
ffaaffa8
00000000
ff55ff57
dd555557
dd555557
f7ffffff
c4444444

00000000
eaaaaaab
00000000
04000000
00000000
00000000
00000000
00000000
00000000
d5555557
00000000

3bfffffc
00000000
00000000
00000000
d5555557
00000000
2aaaaaa8
00200000
00000000
00000000
f5ffffff

37777774
14555554
00000000
00000000
2affaaff
00000000
d5ff55ff
00000000
00000000
00000000
31bbbbbb

04000000
ffffffff
ffffffff
d4555557
00000000
00000000
08000000
28aaaaa8
ffffffff
f7ffffff
00000000

08888888
2baaaaa8
d0555557
2aaaaaa8
ffaaffa8
00000000
f755ff57
d5555557
20aaaaa8
d5555557
c4444444

00000000
00000000
00000000
04000000
00000000
00000000
00000000
08000000
00000000
00000000
00000000

2baaaaa8
d5555557
00000000
00080000
d5555557
02000000
2aaaaaa8
00000000
00000000
00000000
df555557

22222220
ffffffff
ffffffff
d5555557
2bf7aaff
02000000
d5ff55ff
28aaaaa8
ffffffff
d5555557
11111113

00000000
eaaaaaab
d0555557
00000000
00000000
00000000
02000000
00000000
20aaaaa8
d5555557
00000000

1ddddddc
00000000
00000000
2faaaaa8
feaaffa8
00000000
fd55ff57
dd555557
00000000
00000000
eeeeeeec

2a00aa00
15555554
d5555557
d5555557
00000000
00000000
00000000
22aaaaa8
22aaaaa8
28aaaaa8
d5005500

2aaaaaa8
3ffffffc
ffffffff
d5555557
d5555557
03000000
2aaaaaa8
2aaaaaa8
f7ffffff
feffffff
d5555557

15555554
2aaaaaa8
00000000
00000000
2affaaff
01000000
d5ff55ff
08000000
00000000
d6555557
2aaaaaa8

15ff55fc
c0000003
00000000
00000000
02000000
02000000
03000000
00000000
00000000
00000000
2affaaff

00000000
d5555557
d5555557
ffffffff
d7005500
00000000
2d00aa00
fbffffff
22aaaaa8
28aaaaa8
2aaaaaa8

04000000
ffffffff
ffffffff
ffffffff
12555554
0b000000
01000000
fbffffff
f7ffffff
ffffffff
00000000

3f55ff54
eaaaaaab
00000000
00000000
00000000
00000000
c0000003
00000000
00000000
d7555557
ffaaffa8

2aaaaaa8
c0000003
00000000
00000000
d5555557
ffffffff
2aaaaaa8
00000000
00000000
00000000
d5455557

01000000
15555554
00000000
2aaaaaa8
00000000
00000000
00000000
d1455557
00000000
28aaaaa8
08000000

10ff55fc
3ffffffc
2aaaa8a8
2aeaaaa8
02d502d7
00bf00ff
00aa00a8
d1555557
d5555557
ffffffff
22efaaff

10555554
eaaaa8ab
00000000
00400000
00800280
08000000
00000000
00100000
00000000
d7555557
22aaaaa8

15555554
00000000
00000000
00000000
d5005500
f740ff00
2a00aa00
00000000
00000000
00000000
2aaaaaa8

22222220
00000000
00000000
00000000
00000000
00000000
00000000
00000000
00000000
00000000
10111113

2aaaaaa8
2aaaaaa8
ffffffff
faffffff
ffffffff
00000000
ffffffff
f5ffffff
ffffffff
d5555557
d5555557

00000000
eaaaaaab
d5555557
d5555557
2affaaff
00000000
d5ff55ff
2aaaaaa8
2aaaaaa8
d5555557
04000000

08888888
c0000003
d5555557
d5555557
00000000
00000000
00000000
2aaaaaa8
2aaaaaa8
00000000
c0444444

00000000
04000000
00000000
00000000
d5005500
00000000
2a00aa00
00000000
00000000
08000000
01000000

22222220
2eaaaaa8
2aaaaaa8
2aaaaaa8
2aaaaaa8
00000000
d5555557
d5555557
d5555557
dd555557
11111113

2aaaaaa8
eeaaaaab
d1555557
d1555557
ffffffff
08000000
ffffffff
2a2aaaa8
2aaaaaa8
dd555557
d5555557

00000000
04000000
d1555557
d1555557
00550057
08000000
00aa00a8
2aaaaaa8
2aaaaaa8
08000000
00000000

08888888
00000000
00000000
00000000
00000000
00000000
0c000000
00000000
00000000
00000000
c4444444

00000000
eaaaaaab
2aaaaaa8
2aaaaaa8
ffaaffa8
00000000
f755ff57
d5555557
d5555557
d5555557
00000000

22222220
eaaaaaab
00000000
00000000
00000000
00000000
00000000
00000000
00000000
d5555557
11111113

22aaaaa8
00000000
00000000
00000000
d5555557
00000000
2aaaaaa8
00800000
00000000
00000000
d5555557

00000000
04000000
00000000
00000000
2affaaff
00000000
d1ff55ff
00000000
00000000
08000000
00000000

00888888
eeaaaaab
ffffffff
d5555557
00000000
00000000
00000000
2aaaaaa8
ffffffff
dd555557
c4444444

00000000
2eaaaaa8
d5555557
2aaaaaa8
ffaaffa8
00000000
ff55ff57
d5555557
2aaaaaa8
dd555557
00000000

22222220
04000000
00000000
00000000
00000000
00000000
00000000
00000000
00000000
08000000
11111113

2eaaaaa8
c0000003
00000000
00000000
d5555557
00000000
2aaaaaa8
00000000
00000000
00000000
dd555557

04000000
eaaaaaab
ffffffff
d1555557
2affaaff
00000000
d5ff55ff
2aaaaaa8
ffffffff
d5555557
08000000

0c888888
eeaaaaab
d1555557
00000000
00000000
00000000
00000000
00000000
2aaaaaa8
dd555557
cc444444

04000000
04000000
00000000
2aaaaaa8
ffaaffa8
00000000
ff55ff57
d5555557
00000000
08000000
08000000

2e00aa00
00000000
d4555557
d0555557
00000000
00000000
00000000
20aaaaa8
20aaaaa8
00000000
dd005500

2eaaaaa8
2aaaaaa8
feffffff
d0555557
d5555557
00000000
2aaaaaa8
20aaaaa8
f5ffffff
d5555557
dd555557

04000000
2eaaaaa8
00000000
00000000
2affaaff
00000000
d5ff55ff
00000000
00000000
dd555557
08000000

04aa00a8
c4000003
00000000
00000000
22aaaaa8
00000000
11555554
00000000
00000000
08000000
08550057

00000000
c0000003
d0555557
faffffff
ffaaffa8
00000000
3e55ff54
f1ffffff
20aaaaa8
04000000
00000000

00000000
eaaaaaab
faffffff
feffffff
23eaabe8
32fffffc
16d557d4
f1ffffff
f5ffffff
d5555557
00000000

2a00aa00
eeaaaaab
00000000
04000000
00800280
00000000
c0400143
00000000
00000000
d9555557
d5005500

2aaaaaa8
c4000003
00000000
00000000
d5d557d7
ffffffff
2aeaabe8
00000000
00000000
08000000
d5555557

00000000
00000000
00000000
2aaaaaa8
00800280
00000000
00400140
d1555557
00000000
00000000
00000000

00aa00a8
2aaaaaa8
2aaaaaa8
2aaaaaa8
00d502d7
00ff00ff
00ea01e8
d1555557
d5555557
d5555557
00550057

00000000
eeaaaaab
00000000
00000000
00000000
00000000
00000000
00000000
00000000
dd555557
00000000

00000000
04000000
00000000
00000000
d5005500
ff00ff00
2a00aa00
00000000
00000000
08000000
00000000

22222220
00000000
00000000
00000000
00000000
00000000
00000000
00000000
00000000
00000000
11111113

2aaaaaa8
2aaaaaa8
ffffffff
ffffffff
ffffffff
00000000
ffffffff
ffffffff
ffffffff
d5555557
d5555557

00000000
eaaaaaab
d1555557
d5555557
2affaaff
00000000
d5ff55ff
2aaaaaa8
2aaaaaa8
d5555557
00000000

00888888
c0000003
d1555557
d5555557
00000000
00000000
00000000
2aaaaaa8
2aaaaaa8
00000000
c4444444

08000000
00000000
00000000
00000000
d5005500
00000000
2a00aa00
00000000
00000000
00000000
00000000

22222220
2aaaaaa8
2aaaaaa8
2aaaaaa8
2eaaaaa8
00000000
d5555557
d5555557
d5555557
d5555557
10111113

2aaaaaa8
eaaaaaab
d1555557
d1555557
ffffffff
04000000
ffffffff
2aaaaaa8
2aaaaaa8
d5555557
d1555557

00000000
00000000
d1555557
d1555557
00550057
00000000
00aa00a8
2aaaaaa8
2aaaaaa8
00000000
00000000

00888888
00000000
00000000
00000000
00000000
04000000
00000000
00000000
00000000
00000000
c1444444

08000000
2aaaaaa8
2aaaaaa8
2aaaaaa8
fbaaffa8
00000000
ff55ff57
d5555557
d5555557
d5555557
00000000

22222220
eaaaaaab
00000000
00000000
00000000
00000000
00000000
00000000
00000000
d5555557
11111113

2aaaaaa8
c0000003
00000000
00000000
d5555557
00000000
2aaaaaa8
00000000
00000000
00000000
d5555557

00000000
00000000
00000000
00000000
2affaaff
00000000
d5ff55ff
00000000
00000000
00000000
00000000

00888888
2aaaaaa8
ffffffff
d1555557
00000000
00000000
00000000
2aaaaaa8
ffffffff
d5555557
c4444444

08000000
eaaaaaab
d1555557
2aaaaaa8
ffaaffa8
00000000
ff55ff57
d5555557
2aaaaaa8
d5555557
00000000

20222220
00000000
00000000
00000000
04000000
02000000
02000000
00000000
00000000
00000000
11111113

2aaaaaa8
c0000003
00000000
00000000
d5555557
06000000
2aaaaaa8
00000000
00000000
00000000
d5555557

00000000
eaaaaaab
ffffffff
d1555557
2affaaff
00000000
d5ff55ff
2aaaaaa8
ffffffff
d5555557
00000000

08888888
eaaaaaab
d1555557
00000000
00000000
04000000
00000000
00000000
2aaaaaa8
d5555557
c4444444

02000000
c0000003
00000000
2aaaaaa8
fbaaffa8
00000000
fd55ff57
d5555557
00000000
00000000
00000000

2a00aa00
00000000
d1555557
d5555557
00000000
00000000
00000000
2aaaaaa8
2aaaaaa8
00000000
d5005500

2aaaaaa8
2aaaaaa8
fbffffff
d5555557
d5555557
00000000
2aaaaaa8
2aaaaaa8
ffffffff
d5555557
d5555557

00000000
2aaaaaa8
00000000
00000000
2affaaff
00000000
d5ff55ff
00000000
00000000
d5555557
00000000

00aa00a8
00000000
00000000
00000000
2aaaaaa8
00000000
15555554
00000000
00000000
00000000
00550057

00000000
c0000003
d5555557
feffffff
ffaaffa8
00000000
3f55ff54
f3ffffff
2aaaaaa8
00000000
00000000

00000000
eaaaaaab
ffffffff
feffffff
2beaabe8
3ffffffc
17d557d4
fbffffff
ffffffff
d5555557
00000000

2a00aa00
eaaaaaab
00000000
00000000
02808280
00000000
c1400143
00000000
00000000
d5555557
d5005500

2aaaaaa8
c0000003
00000000
00000000
d7d5d7d7
ffffffff
2beaabe8
08000000
00000000
00000000
d5555557

00000000
00000000
00000000
2aaaaaa8
02800280
00000000
01400140
d1555557
00000000
00000000
00000000

00aa00a8
2aaaaaa8
2aaaaaa8
2aaaaaa8
02d502d7
00ff00ff
01ea01e8
d1555557
d5555557
d5555557
00550057

00000000
eaaaaaab
00000000
00000000
00000000
00000000
00000000
00000000
00000000
d5555557
00000000

00000000
00000000
00000000
00000000
d5005500
ff00ff00
2a00aa00
00000000
00000000
00000000
00000000

00000000
15555554
00000000
00000000
00400000
00000000
00000000
00000000
00000000
2aaaaaa8
00000000

3ffffffc
3ffffffc
bfffffff
ffffffff
ffffffff
00000000
ffffffff
ffffffff
ffffffff
ffffffff
ffffffff

22222220
eaaaaaab
d4555557
d5555557
2abfaaff
00000000
d5ff55ff
2aaaaaa8
2aaaaaa8
d5555557
11111113

00000000
c0000003
d5555557
d5555557
00000000
00000000
00000000
2aaaaaa8
2aaaaaa8
00000000
00000000

08888888
15555554
00000000
00000000
d5005500
00000000
2a00aa00
00000000
00000000
2aaaaaa8
c4444444

15555554
3ffffffc
2baaaaa8
2aaaaaa8
2aeaaaa8
00000000
d5555557
d5555557
d5555557
ffffffff
2aaaaaa8

2aaaaaa8
aaaaaaab
d5555557
d5555557
ffffffff
00000000
ffffffff
2aaaaaa8
2aaaaaa8
d5555557
d5555557

37777774
00000000
d5555557
d5555557
00150057
00000000
00aa00a8
2aaaaaa8
2aaaaaa8
00000000
3bbbbbbb

15555554
15555554
00000000
00000000
00000000
00000000
00000000
00000000
00000000
2aaaaaa8
2aaaaaa8

08888888
ffffffff
2aaaaaa8
2aaaaaa8
ffaaffa8
00000000
ff55ff57
d5555557
d5555557
ffffffff
c4444444

00000000
eaaaaaab
00000000
00000000
00400000
00000000
00000000
00000000
00000000
d5555557
00000000

3ffffffc
00000000
00000000
00000000
d5555557
04000000
2aaaaaa8
00000000
00000000
00000000
ffffffff

37777774
15555554
00000000
00000000
2abfaaff
04000000
d5ff55ff
00000000
00000000
00000000
3bbbbbbb

00000000
ffffffff
ffffffff
d5555557
00000000
00000000
00000000
2aaaaaa8
ffffffff
d5555557
00000000

08888888
2aaaaaa8
d5555557
2aaaaaa8
ffaaffa8
00000000
ff55ff57
d5555557
2aaaaaa8
d5555557
c4444444

00000000
00000000
00000000
00000000
00400000
00000000
00000000
00000000
00000000
00000000
00000000

2aaaaaa8
d5555557
00000000
00000000
d5555557
00000000
2aaaaaa8
00000000
00000000
00000000
d5555557

22222220
ffffffff
ffffffff
d5555557
2abfaaff
00000000
d5ff55ff
2aaaaaa8
ffffffff
d5555557
11111113

00000000
eaaaaaab
d5555557
00000000
00000000
00000000
00000000
00000000
2aaaaaa8
d5555557
00000000

1ddddddc
00000000
00000000
2aaaaaa8
ffaaffa8
00000000
ff55ff57
d5555557
00000000
2aaaaaa8
eeeeeeec

2a00aa00
00000000
d5555557
d5555557
04400000
00000000
00000000
2aaaaaa8
2aaaaaa8
00000000
d5005500

2aaaaaa8
2aaaaaa8
ffffffff
d5555557
d5555557
04000000
2aaaaaa8
2aaaaaa8
ffffffff
d5555557
d5155557

15555554
2aaaaaa8
00000000
00000000
2abfaaff
00000000
d5ff55ff
00000000
00000000
d5555557
2aaaaaa8

15ff55fc
c0000003
00000000
00000000
00000000
00000000
00000000
00000000
00000000
2aaaaaa8
2abfaaff

15555554
c0000003
d5555557
ffffffff
d1005500
04000000
2a00aa00
ffbfffff
2aaaaaa8
00000000
2aaaaaa8

00000000
ffffffff
ffffffff
ffffffff
15555554
00000000
00000000
ffffffff
ffffffff
ffffffff
00000000

3f55ff54
eaaaaaab
00000000
00000000
00000000
00000000
c0000003
00400000
00000000
ffffffff
ffaaffa8

2aaaaaa8
c0000003
00000000
00000000
d515d557
ffbfffff
2aaaaaa8
00000000
00000000
00000000
d5555557

00000000
15555554
00000000
2aaaaaa8
00008000
00000000
00000000
d5555557
00000000
00000000
00000000

15ff55fc
2aaaaaa8
2aaaaaa8
2aaaaaa8
029502d7
00bf00ff
00aa00a8
d5555557
d5555557
d5555557
2affaaff

15555554
eaaaaaab
00000000
00000000
02800280
00000000
00000000
00000000
00000000
d5555557
2aaaaaa8

15555554
00000000
00000000
00000000
d5005500
ff00ff00
2a00aa00
00000000
00000000
00000000
00000000

00000000
00000000
00000000
00000000
00000000
00000000
00000000
00000000
00000000
00000000
00000000

2aaaaaa8
2aaaaaa8
ffffffff
f7ffffff
ffffffff
00000000
ffffffff
ffffffff
ffffffff
d5555557
d5555557

22222220
eaaaaaab
d1555557
d1555557
22ffaaff
00000000
d5ff55ff
28aaaaa8
2aaaaaa8
d5555557
11111113

00000000
c0000003
d5555557
d5555557
00000000
00000000
00000000
2aaaaaa8
2aaaaaa8
00000000
00000000

08888888
00000000
00000000
00000000
d5005500
00000000
2a00aa00
00000000
00000000
00000000
c4444444

00000000
2aaaaaa8
2eaaaaa8
2eaaaaa8
2aaaaaa8
00000000
d5555557
d7555557
d5555557
d5555557
00000000

2aaaaaa8
eaaaaaab
d5555557
d5555557
ffffffff
00000000
ffffffff
2aaaaaa8
2aaaaaa8
d5555557
d5555557

22222220
00000000
d5555557
d5555557
00550057
00000000
00aa00a8
2aaaaaa8
2aaaaaa8
00000000
11111113

00000000
00000000
00000000
00000000
00000000
00000000
00000000
00000000
00000000
00000000
00000000

08888888
eaaaaaab
2aaaaaa8
2aaaaaa8
ffaaffa8
00000000
ff55ff57
d5555557
d5555557
d5555557
c4444444

00000000
eaaaaaab
00000000
00000000
00000000
00000000
00000000
00000000
00000000
d5555557
00000000

2aaaaaa8
00000000
00000000
00000000
d5555557
00000000
2aaaaaa8
00000000
00000000
00000000
d5555557

22222220
00000000
00000000
00000000
2affaaff
00000000
d5ff55ff
00000000
00000000
00000000
11111113

00000000
eaaaaaab
ffffffff
d5555557
00000000
00000000
00000000
2aaaaaa8
ffffffff
d5555557
00000000

08888888
2aaaaaa8
d5555557
2aaaaaa8
ffaaffa8
00000000
ff55ff57
d5555557
2aaaaaa8
d5555557
c4444444

00000000
00000000
00000000
00000000
00000000
00000000
00000000
00000000
00000000
00000000
00000000

2aaaaaa8
c0000003
00000000
00000000
d5555557
00000000
2aaaaaa8
00000000
00000000
00000000
d5555557

22222220
eaaaaaab
ffffffff
d5555557
2affaaff
00000000
d5ff55ff
2aaaaaa8
ffffffff
d5555557
11111113

00000000
eaaaaaab
d5555557
00000000
00000000
00000000
00000000
00000000
2aaaaaa8
d5555557
00000000

08888888
00000000
00000000
2aaaaaa8
ffaaffa8
00000000
ff55ff57
d5555557
00000000
00000000
c4444444

2a00aa00
00000000
d5555557
d5555557
00000000
00000000
08000000
2aaaaaa8
2aaaaaa8
00000000
d5005500

2aaaaaa8
2aaaaaa8
ffffffff
d5555557
d5555557
00000000
2aaaaaa8
2aaaaaa8
ffffffff
d5555557
d5555557

00000000
2aaaaaa8
00000000
00000000
2affaaff
00000000
d5ff55ff
00000000
00000000
d5555157
00000000

00aa00a8
c0000003
00000000
00000000
2aaaaaa8
00000000
15555554
00000000
00000400
00000000
00550057

00000000
c0000003
d5555557
ffffffff
ffaaffa8
00000000
3755ff54
ffffffff
2aaaaaa8
00000000
00000000

00000000
eaaaaaab
ffffffff
ffffffff
2beaabe8
3ffffffc
17d557d4
ffffffff
ffffffff
d5555557
00000000

2200aa00
eaaaaaab
00000000
00000000
02800280
00800000
c1410143
00000000
00000000
d5555557
d5005500

22aaaaa8
c0000003
00000000
00000000
d7d557d7
ffffffff
2bebabe8
00000000
00000000
00000000
d5555557

00000000
00000000
00000000
22aaaaa8
02800280
00000000
01400140
d5555557
00000000
00000000
00000000

00aa00a8
2aaaaaa8
2aaaaaa8
2aaaaaa8
02d502d7
007f00ff
01ea01e8
d5d55557
d5555557
d5555557
00550057

00000000
eaaaaaab
00000000
08000000
00000000
00000000
00000000
00000000
00000000
d5555557
00000000

00000000
00000000
00000000
00000000
d5005500
ff00ff00
2a00aa00
00800000
00000000
00000000
00000000

22222220
00000000
00000000
00000000
00550057
00000000
00aa00a8
00000000
00000000
00000000
11111113

2aaaaaa8
2aaaaaa8
ffffffff
ffffffff
ffffffff
00000000
ffffffff
ffffffff
ffffffff
d5555557
d5555557

00000000
eaaaaaab
d5555557
d5555557
2aaaaaa8
00000000
d5555557
2a2aaaa8
2aaaaaa8
d5555557
00000000

08888888
c0000003
d5555557
d5555557
d5005500
00000000
2a00aa00
2aaaaaa8
2aaaaaa8
00000000
c4444444

00000000
00000000
00000000
00000000
00000000
00000000
00000000
00000000
00000000
00000000
00000000

22222220
2aaaaaa8
2aaaaaa8
2aaaaaa8
2affaaff
00000000
d5ff55ff
d5d55557
d5555557
d5555557
11111113

2aaaaaa8
2aaaaaa8
d5555557
d1555557
ffffffff
00000000
ffffffff
2aaaaaa8
2aaaaaa8
d5555557
d5555557

00000000
00000000
d5555557
d5555557
00000000
00000000
00000000
2aaaaaa8
2aaaaaa8
00000000
00000000

08888888
00000000
00000000
00000000
d5005500
00000000
2a00aa00
00000000
00000000
00000000
c4444444

00000000
2aaaaaa8
2aaaaaa8
2aaaaaa8
2aaaaaa8
00000000
d5555557
d5555557
d5555557
d5555557
00000000

22222220
eaaaaaab
00000000
00000000
00150057
00000000
000a00a8
00000000
00000000
d5555557
11111113

2aaaaaa8
c0000003
00000000
04000000
d5555557
00c00000
2aaaaaa8
00000000
00000000
00000000
d5555557

00000000
00000000
00000000
00000000
2aaaaaa8
00400000
d5755557
00000000
00000000
00000000
00000000

08888888
2aaaaaa8
fbffffff
d5555557
d5405500
00800000
2a80aa00
2aaaaaa8
ffffffff
d5555557
c4444444

00000000
2aaaaaa8
d1555557
2aaaaaa8
2aaaaaa8
00000000
d5555557
d5555557
2aaaaaa8
d5555557
00000000

22222220
00000000
00000000
00000000
00550057
00000000
00aa00a8
00000000
00000000
00000000
11111113

2aaaaaa8
c0000003
00000000
00000000
d5555557
00000000
2aaaaaa8
00000000
00000000
00000000
d5555557

00000000
eaaaaaab
ffffffff
d5555557
2aaaaaa8
00000000
d5555557
2aaaaaa8
ffffffff
d5555557
00000000

08888888
eaaaaaab
d5555557
00000000
d5005500
00000000
2e00aa00
00000000
2aaaaaa8
d5555557
c4444444

00000000
c0000003
00000000
2aaaaaa8
2aaaaaa8
00000000
d5555557
d5555557
00000000
00000000
00000000

00000000
00000000
d5555557
d5555557
00150057
00000000
00aa00a8
2aaaaaa8
2aaaaaa8
00000000
00000000

2a00aa00
2aaaaaa8
ffffffff
d5555557
d5555557
00400000
2aaaaaa8
2aaaaaa8
ffffffff
d5555557
d5005500

00000000
eaaaaaab
00000000
00000000
2aaaaaa8
00400000
d1555557
00000000
00000000
d5555557
00000000

00000000
00000000
00000000
00000000
ffeaffa8
00000000
3f55ff54
00000000
00000000
00000000
00000000

2a00aa00
c0000003
d5555557
ff55ff57
2aaaaaa8
00000000
15555554
ffaaffa8
2aaaaaa8
00000000
d5005500

00000000
eaaaaaab
ffffffff
ffffffff
2beaabe8
3ffffffc
17d557d4
ffffffff
ffffffff
d5555557
00000000

00000000
eaaaaaab
00000000
00aa00a8
00000000
00000000
c0010003
00550057
00000000
d5555557
00000000

2a00aa00
c0000003
00000000
00000000
d5005500
ff00ff00
2a01aa00
00000000
00000000
00000000
d5005500

00000000
00000000
00000000
2a00aa00
00000000
00000000
00000000
d5005500
00000000
00000000
00000000

00000000
2aaaaaa8
2aaaaaa8
2aaaaaa8
00000000
00000000
00000000
d5555557
d5555557
d5555557
00000000

2a00aa00
2aaaaaa8
00000000
00aa00a8
d7805780
ff00ff00
2b40ab40
00550057
00000000
d5555557
d5005500

00000000
00000000
00000000
00000000
00000000
00000000
00000000
00000000
00000000
00000000
00000000

22222220
00000000
00000000
00000000
00550057
00000000
00aa00a8
00000000
00000000
00000000
11111113

3ffffffc
2aaaaaa8
ffffffff
ffffffff
ffffffff
00000000
ffffffff
ffffffff
ffffffff
d5555557
ffffffff

00000000
eaaaaaab
d5155557
d5555557
2aaaaaa8
00000000
d5555557
2aaaaaa8
2aaaaaa8
d5555557
00000000

08888888
c0000003
d5555557
d5555557
d5005500
00000000
2a00aa00
2aaaaaa8
2aaaaaa8
00000000
c4444444

00000000
15555554
00000000
00000000
00000000
00000000
00000000
00000000
00000000
2aaaaaa8
00000000

37777774
2aaaaaa8
2aeaaaa8
2aaaaaa8
2affaaff
00000000
d5ff55ff
d5555557
d5555557
ffffffff
3bbbbbbb

2aaaaaa8
2aaaaaa8
d5555557
d5555557
ffffffff
00000000
ffffffff
2aaaaaa8
2aaaaaa8
d5555557
d5555557

15555554
15555554
d5555557
d5555557
00000000
00000000
00000000
2aaaaaa8
2aaaaaa8
00000000
2aaaaaa8

1ddddddc
00000000
00000000
00000000
d5005500
00000000
2a00aa00
00000000
00000000
00000000
eeeeeeec

00000000
eaaaaaab
2aaaaaa8
2aaaaaa8
2aaaaaa8
00000000
d5555557
d5555557
d5555557
ffffffff
00000000

22222220
eaaaaaab
00000000
00000000
00550057
00200000
00aa00a8
00000000
00000000
d5555557
11111113

3ffffffc
00000000
00000000
00000000
d5555557
00200000
2aaaaaa8
00000000
00000000
00000000
ffffffff

15555554
15555554
00000000
00000000
2aaaaaa8
00000000
d5555557
00000000
00000000
00000000
2aaaaaa8

08888888
3ffffffc
fbffffff
d5555557
d5005500
00000000
2a00aa00
2aaaaaa8
ffffffff
ffffffff
c4444444

00000000
2aaaaaa8
d1555557
2aaaaaa8
2aaaaaa8
00000000
d5555557
d5555557
2aaaaaa8
d5555557
00000000

22222220
00000000
00000000
00000000
00550057
00000000
00aa00a8
00000000
00000000
00000000
11111113

3ffffffc
d5555557
00000000
00000000
d5555557
00000000
2aaaaaa8
00000000
00000000
00000000
ffffffff

00000000
ffffffff
ffffffff
d5555557
2aaaaaa8
00000000
d5555557
2aaaaaa8
ffffffff
d5555557
00000000

08888888
eaaaaaab
d5555557
00000000
d5005500
00000000
2e00aa00
00000000
2aaaaaa8
d5555557
c4444444

15555554
00000000
00000000
2aaaaaa8
2aaaaaa8
00000000
d5555557
d5555557
00000000
00000000
2aaaaaa8

00000000
15555554
d5555557
d5555557
00550057
00000000
00aa00a8
2aaaaaa8
2aaaaaa8
2aaaaaa8
00000000

2a00aa00
ffffffff
ffffffff
d5555557
d5555557
00000000
2aaaaaa8
2aaaaaa8
ffffffff
ffffffff
d5005500

15555554
2aaaaaa8
00000000
00000000
2aaaaaa8
00000000
d1555557
00000000
00000000
d5555557
2aaaaaa8

15555554
c0000003
00000000
00000000
d5005500
00000000
2a00aa00
00000000
00000000
00000000
2aaaaaa8

2a00aa00
d5555557
d5555557
ff55ff57
00000000
00000000
00000000
ffaaffa8
2aaaaaa8
2aaaaaa8
ffaaffa8

00000000
ffffffff
ffffffff
ffffffff
15555554
00000000
00000000
ffffffff
ffffffff
ffffffff
00000000

15555554
eaaaaaab
00000000
00aa00a8
00000000
00000000
c0000003
00550057
00000000
d5555557
2aaaaaa8

2a00aa00
c0000003
00000000
00000000
d5005500
ff00ff00
2a01aa00
00000000
00000000
00000000
d5005500

00000000
15555554
00000000
2a00aa00
00000000
00000000
00010000
d5005500
00000000
2aaaaaa8
00000000

15555554
3ffffffc
2aaaaaa8
2aaaaaa8
02800280
00000000
00000000
d5555557
d5555557
ffffffff
2aaaaaa8

3f55ff54
2aaaaaa8
00000000
00aa00a8
d7805780
ff00ff00
2a00aa00
00550057
00000000
d5555557
ffaaffa8

15555554
00000000
00000000
00000000
00000000
00000000
00000000
00000000
00000000
00000000
2aaaaaa8

00200000
00000000
00000000
00000000
00550057
00000000
00aa00a8
00000000
00000000
00000000
00000000

2aaaaaa8
2aaaaaa8
ffffffff
ffffffff
ffffffff
00000000
ffffffff
ffffffff
ffffffff
d5555557
d5555557

22022220
eaaaaaab
d5555557
d5555557
2aaaaaa8
00000000
d5555557
2aaaaaa8
2aaaaaa8
d5555557
11111113

00000000
c0000003
d5555557
d5555557
d1005500
00000000
2a00aa00
2aaaaaa8
2aaaaaa8
00000000
00000000

08888888
00000000
00000000
00000000
04000000
00000000
00000000
00000000
00000000
00000000
c4444444

00200000
2aaaaaa8
2aaaaaa8
2aaaaaa8
2affaaff
00000000
d5ff55ff
d5555557
d5555557
d5555557
00000000

2aaaaaa8
2aaaaaa8
d5555557
d5555557
ffffffff
00000000
ffffffff
2aaaaaa8
2aaaaaa8
d5555557
d5555557

22022220
00000000
d5555557
d5555557
00000000
00000000
00000000
2aaaaaa8
2aaaaaa8
00000000
11411113

00000000
00000000
00000000
00000000
d1005500
00000000
2a00aa00
00000000
00000000
00000000
00000000

08888888
eaaaaaab
2aaaaaa8
2aaaaaa8
2eaaaaa8
00000000
d5555557
d5555557
d5555557
d5555557
c4144444

00200000
eaaaaaab
00000000
00000200
00550057
00000000
00aa00a8
00000000
00000000
d5555557
00000000

2aaaaaa8
00000000
00000000
00000000
d5555557
00000000
2aaaaaa8
00000000
00000000
00000000
d5555557

22022220
00000000
00040000
00000000
2aaaa8a8
00000000
d5555557
00000000
00000000
00000000
11111113

00000000
2aaaaaa8
ffffffff
d5555557
d1005500
00000000
2a04aa00
2aaaaaa8
ffffffff
d5555557
00000000

08888888
2aaaaaa8
d5515557
2aaaaaa8
2eaaaaa8
00000000
d5555557
d5555557
2aaaaaa8
d5555557
c4444444

00000000
00000000
00000000
00000000
00550057
00000000
00aa00a8
00000000
00000000
00000000
00000000

2aaaaaa8
c0000003
00000000
00000000
d5555557
00000000
2aaaaaa8
00000000
00000000
00000000
d5555557

22a22220
eaaaaaab
ffffffff
d5555557
2aaaaaa8
00000000
d5515557
2aaaaaa8
ffffffff
d5555557
11111113

00000000
eaaaaaab
d5155557
00400000
d1005500
00000000
2a00aa00
00000000
2aaaaaa8
d5555557
00000000

08088888
00000000
00000000
2aaaaaa8
2eaaaaa8
00000000
d5555557
d5555557
00000000
00000000
c4444444

00000000
00000000
d5555557
d5555557
00550057
00000000
00aa00a8
2aaaaaa8
2aaaaaa8
00000000
04000000

2a00aa00
eaaaaaab
ffffffff
d5555557
d5555557
00000000
2aaaaaa8
2aaaaaa8
ffffffff
d5555557
d5005500

00000000
2aaaaaa8
00000000
00000000
2aaaaaa8
00000000
d5555557
00000000
01000000
d4555557
00000000

00000000
c0000003
00000000
00000000
fbaaffa8
00000000
3f55ff54
00000000
00000000
00000000
00000000

2a00aa00
c0000003
d5455557
ff55ff57
2eaaaaa8
00000000
15555554
ff8affa8
2aaaaaa8
00000000
d1005500

00000000
eaaaaaab
ffffffff
ffffffff
2beaabe8
3ffffffc
17d557d4
ffdfffff
ffffffff
d5555557
00000000

00002000
eaaaaaab
00000000
00aa00a8
00000000
00000000
c0020003
00550057
00000000
d5555557
04000000

2a00aa00
c0000003
00100000
00000000
d5005500
ff00ff00
2a02aa00
00000000
00000000
00000000
d5005500

00000000
00000000
00000000
2a00aa00
00000000
00000000
00000000
d5005500
00000000
00000000
00000000

00000000
2aaaaaa8
2aaaaaa8
2aaaaaa8
00000000
00000000
00000000
d5555557
d5575557
d5155557
00000000

2a008a00
2aaaaaa8
00000000
00aa00a8
d3805780
ff00ff00
2b40ab40
00550057
00000000
d5155557
d1005500

00000000
00000000
00000000
00000000
04000000
00000000
00000000
00000000
00020000
00000000
00000000

00200000
00000000
00000000
00000000
00550057
00000000
00aa00a8
00000000
00000000
00000000
00000000

2aaaaaa8
2aaaaaa8
ffffffff
ffafffff
ffffffff
00000000
ffffffff
ff5fffff
ffffffff
d5555557
d5055557

22022220
eabaaaab
d5555557
d5555557
2aaaaaa8
00000000
d5555557
2aaaaaa8
2aaaaaa8
d5755557
11011113

00000000
c0100003
d5555557
d5555557
d5005500
00000000
2a00aa00
2aaaaaa8
2aaaaaa8
00200000
00000000

08888888
00000000
00000000
00000000
00000000
00000000
00000000
00000000
00000000
00000000
c4044444

00200000
2aaaaaa8
2aaaaaa8
2aaaaaa8
2abfaaff
00000000
d5ff55ff
d5555557
d5555557
d5555557
00000000

2aaaaaa8
2abaaaa8
d5515557
d1555557
ffffffff
00d00000
ffffffff
2aaaaaa8
2aaaaaa8
d5755557
d5555557

22022220
00100000
d5555557
d5555557
00000000
00500000
00000000
2aaaaaa8
2aaaaaa8
00200000
11111113

00000000
00000000
00000000
00000000
d5405500
00000000
2a00aa00
00000000
00000000
00000000
00000000

08888888
2aaaaaa8
2aaaaaa8
2aaaaaa8
2aaaaaa8
00800000
d5555557
d5555557
d5555557
d5555557
c4644444

00000000
eabaaaab
00040000
00000000
00550057
00000000
00aa00a8
00000100
00000000
d5755557
00200000

2a2aaaa8
c0100003
00000000
04000000
d5555557
00000000
2aaaaaa8
00000000
00000000
00200000
d5555557

22222220
00000000
00000000
00000000
2aaaaaa8
00000000
d5555457
00000000
00200000
00000000
11011113

00000000
2aaaaaa8
ffffffff
d5555557
d5005500
00000000
2a00aa00
2aaaaaa8
ffffffff
d5555557
00100000

08088888
2abaaaa8
d5555557
2aaaaaa8
2aaaaaa8
00000000
d5555557
d5555557
2a8aaaa8
d5755557
c4444444

00200000
00100000
00000000
00000000
00150057
00000000
00aa00a8
00000000
00000000
00200000
00000000

2aaaaaa8
c0000003
00000000
00000000
d5555557
00400000
2aaaaaa8
00000000
00000000
00000000
d5555557

22022220
eaaaaaab
ffffffff
d5555557
2aeaaaa8
00400000
d5555557
2aaaaaa8
fdffffff
d5555557
11111113

00100000
eabaaaab
d5555557
00000000
d5005500
00000000
2a00aa00
00000000
28aaaaa8
d5555557
00000000

08988888
c0100003
00000000
2aaaaaa8
2aaaaaa8
00000000
d5555557
d5555557
00000000
00000000
c4444444

00000000
00000000
d5055557
d5055557
00550057
00000000
00aa00a8
2a0aaaa8
2a0aaaa8
00000000
00000000

2a00aa00
28aaaaa8
ffafffff
d5055557
d5555557
00000000
2aaaaaa8
2a0aaaa8
ff5fffff
d5555557
d5005500

00000000
e8aaaaab
00000000
02000000
28aaaaa8
00000000
d5555557
00000000
00000000
d5555557
00000000

00000000
00000000
00000000
00000000
ff8affa8
00000000
3f45ff54
00000000
00000000
00000000
00000000

2a00aa00
c0200003
d5055557
ff15ff57
2aaaaaa8
00000000
15455554
ff0affa8
2a0aaaa8
00000000
d5005500

00000000
eaaaaaab
ffafffff
ffbfffff
2beaabe8
3ffffffc
17c557d4
ff5fffff
ff5fffff
d5555557
00000000

00100000
ea9aaaab
00000000
00aa00a8
00000000
00000000
c0000003
00550057
00000000
d5755557
00200000

2a10aa00
c0100003
00000000
00000000
d5005500
ff00ff00
2a00aa00
00000000
00000000
00200000
d5205500

00000000
00000000
00000000
2a00aa00
02000280
00000000
01000140
d5005500
00000000
00000000
00000000

00000000
2aaaaaa8
2aaaaaa8
2aaaaaa8
02000280
00000000
01000140
d5555557
d5555557
d5555557
00000000

2a00aa00
2aaaaaa8
00000000
00aa00a8
d7805780
ff00ff00
2b40ab40
00550057
00000000
d5755557
d5205500

00000000
00000000
00000000
00000000
00000000
00000000
00000000
00000000
00000000
00200000
00200000

22022220
15455554
00000000
00000000
00550057
00000000
00aa00a8
00000000
00000000
2a0aaaa8
11111113

3ffffffc
3ffffffc
ffefffff
ffefffff
ffffffff
00000000
ffffffff
ffffffff
ffffffff
ffffffff
ffffffff

00000000
eabaaaab
d5055557
d5155557
2aaaaaa8
00000000
d5555557
2a0aaaa8
2a0aaaa8
d5d55557
00000000

08888888
c0000003
d5055557
d5155557
d5005500
00000000
2a00aa00
2a0aaaa8
2a0aaaa8
00200000
c4444444

00200000
15455554
00000000
00000000
00000000
00000000
00000000
00000000
00000000
2a0aaaa8
00000000

37577774
3ffffffc
2aaaaaa8
2aaaaaa8
2affaaff
00000000
d5ff55ff
d5555557
d5555557
ffffffff
3bbbbbbb

2aaaaaa8
2abaaaa8
d5055557
d5055557
ffffffff
00200000
ffffffff
2a0aaaa8
2a0aaaa8
d5d55557
d5555557

15055554
00000000
d5055557
d5055557
00000000
00000000
00000000
2a0aaaa8
2a0aaaa8
00200000
2a0aaaa8

1daddddc
15455554
00000000
00000000
d5005500
00200000
2a00aa00
00000000
00000000
2a0aaaa8
ee4eeeec

00000000
ffffffff
2aaaaaa8
2aaaaaa8
2aaaaaa8
00000000
d5555557
d5555557
d5555557
ffffffff
00000000

22022220
eabaaaab
00000000
00000000
00550057
00000000
00aa00a8
00000000
00000000
d5d55557
11011113

3f8ffffc
00000000
00000000
00000000
d5555557
00000000
2aaaaaa8
00000000
00000000
00200000
ff5fffff

15555554
15455554
00000000
00000000
2aaaaaa8
00000000
d5555557
00000000
00000000
00200000
2a0aaaa8

08888888
3ffffffc
ffffffff
d5055557
d5005500
00000000
2a00aa00
2a0aaaa8
ffffffff
d5755557
c4544444

00400000
2abaaaa8
d5055557
2aaaaaa8
2aaaaaa8
00000000
d5555557
d5555557
2a0aaaa8
d5555557
00000000

22122220
00000000
00000000
00000000
00550057
00000000
00aa00a8
00000000
00000000
00000000
11011113

3f9ffffc
d5055557
00000000
00000000
d5555557
00c00000
2aaaaaa8
00000000
00000000
00200000
ffffffff

00000000
ffffffff
ffffffff
d5055557
2aaaaaa8
00000000
d5555557
2a0aaaa8
ffffffff
d5755557
00100000

08888888
eaeaaaab
d5055557
00000000
d5005500
00000000
2a00aa00
00000000
2a0aaaa8
d5555557
c4444444

15555554
00100000
00000000
2aaaaaa8
2aaaaaa8
00c00000
d5555557
d5555557
00000000
2a2aaaa8
2aaaaaa8

00100000
00500000
d5455557
d5555557
00550057
00000000
00aa00a8
2a8aaaa8
2a8aaaa8
00000000
00000000

2a00aa00
eafaaaab
ffffffff
d5555557
d5555557
00000000
2aaaaaa8
2a8aaaa8
ffffffff
d5555557
d5005500

15455554
2aaaaaa8
00100000
00000000
2aaaaaa8
00000000
d5555557
00000000
00200000
d5555557
2aaaaaa8

15555554
c0000003
00000000
00000000
d5805500
00000000
2a40aa00
00000000
00000000
2a2aaaa8
2aaaaaa8

3f55ff54
c0400003
d5455557
ff45ff57
00800000
00000000
00400000
ffaaffa8
2a8aaaa8
00000000
ffaaffa8

00500000
ffffffff
ffefffff
ffefffff
15855554
00e00000
00500000
ffffffff
ffdfffff
ff5fffff
00000000

15555554
eaaaaaab
00000000
00aa00a8
00000000
00000000
c0000003
00550057
00000000
ff5fffff
2aaaaaa8

2a00aa00
c0000003
00000000
00000000
d5005500
ff00ff00
2a00aa00
00000000
00000000
00000000
d5805500

00000000
15155554
00000000
2a00aa00
00000000
00000000
00000000
d5005500
00000000
00000000
00200000

15055554
2abaaaa8
2aaaaaa8
2aaaaaa8
02800280
00000000
00000000
d5555557
d5555557
d5755557
2a0aaaa8

3f15ff54
2abaaaa8
00000000
00aa00a8
d7005780
ff00ff00
2a00aa00
00550057
00000000
d5755557
ff0affa8

15455554
00000000
00000000
00000000
00000000
00000000
00000000
00000000
00000000
00000000
00000000

22022220
00000000
00000000
00000000
00550057
00000000
00aa00a8
00000000
00000000
00000000
11011113

2aaaaaa8
2aaaaaa8
ffffffff
ffafffff
ffffffff
00000000
ffffffff
ff5fffff
ffffffff
d5555557
d5555557

00000000
eaaaaaab
d5055557
d5055557
2aaaaaa8
00000000
d5555557
2a0aaaa8
2a0aaaa8
d5555557
00000000

08888888
c0000003
d5055557
d5055557
d5005500
00000000
2a00aa00
2a0aaaa8
2a0aaaa8
00000000
c4444444

00200000
00000000
00000000
00000000
00000000
00000000
00000000
00000000
00000000
00000000
00100000

22122220
2abaaaa8
2aaaaaa8
2aaaaaa8
2affaaff
00000000
d5df55ff
d5555557
d5555557
d5755557
11211113

2abaaaa8
eabaaaab
d5055557
d5055557
ffffffff
00200000
ffdfffff
2a0aaaa8
2a0aaaa8
d5755557
d5755557

00000000
00000000
d5455557
d5055557
00000000
00000000
00000000
2a0aaaa8
2a0aaaa8
00000000
00000000

08888888
00000000
00000000
00000000
d5005500
00000000
2a00aa00
00000000
00000000
00000000
c4544444

00200000
eaaaaaab
2aaaaaa8
2aaaaaa8
2aaaaaa8
00200000
d5555557
d5555557
d5555557
d5555557
00000000

22022220
eaaaaaab
00400000
00000000
00550057
00000000
00aa00a8
00000000
00000000
d5555557
11011113

2a8aaaa8
00000000
00000000
00000000
d5555557
00000000
2aaaaaa8
00000000
00000000
00000000
d5555557

00000000
00000000
00000000
00000000
2aaaaaa8
00000000
d5555557
00000000
00000000
00000000
00000000

08988888
eabaaaab
ffffffff
d5055557
d5005500
00000000
2a00aa00
2a0aaaa8
ffffffff
d5755557
c4744444

00100000
2abaaaa8
d5055557
2aaaaaa8
2aaaaaa8
00000000
d5555557
d5555557
2a0aaaa8
d5555557
00000000

22022220
00000000
00000000
00000000
00550057
00000000
00aa00a8
00000000
00000000
00000000
11011113

2aaaaaa8
c0000003
00000000
00000000
d5555557
00c00000
2aaaaaa8
00000000
00000000
00000000
d5555557

00000000
eaaaaaab
ffffffff
d5155557
2aaaaaa8
00400000
d5555557
2a0aaaa8
ffffffff
d5555557
00000000

08b88888
eabaaaab
d5055557
00100000
d5005500
00000000
2a00aa00
00000000
2a0aaaa8
d5555557
c4544444

00100000
00100000
00000000
2aaaaaa8
2aaaaaa8
00800000
d5555557
d5555557
00000000
00000000
00000000

00000000
00000000
d5055557
d5055557
00550057
00000000
00a800a8
2a8aaaa8
2a8aaaa8
00000000
00000000

2a20aa00
2aaaaaa8
ffbfffff
d5055557
d5555557
00020000
2aaaaaa8
2aaaaaa8
ffdfffff
d5555557
d5005500

00200000
2aaaaaa8
00100000
00000000
2aaaaaa8
00000000
d5555557
00000000
00000000
d5555557
00000000

00000000
c0000003
00000000
00000000
ff0affa8
00020000
3f05ff54
00200000
00000000
00000000
00000000

2a00aa00
c0000003
d5055557
ff75ff57
2a8aaaa8
00000000
15075554
ffaaffa8
2a8aaaa8
00000000
d5005500

00000000
eaaaaaab
ffffffff
ffffffff
2b4aabe8
3f7ffffc
178557d4
ffffffff
ffffffff
d5555557
00000000

00100000
eabaaaab
00500000
008a00a8
00000000
00400000
c0000003
00550057
00200000
d5755557
00200000

2a10aa00
c0100003
00000000
00000000
d5005500
ff44ff00
2a20aa00
00000000
00000000
00200000
d5205500

00000000
00000000
00000000
2a00aa00
02000280
00000000
01000140
d5005500
00000000
00000000
00000000

00000000
2aaaaaa8
2aaaaaa8
2aaeaaa8
02000280
00000000
01200140
d5555557
d5555557
d5455557
00000000

2a00aa00
eaaaaaab
00000000
00ae00a8
d7805780
ff04ff00
2b40ab40
00550057
00000000
d5655557
d5205500

00000000
00000000
00000000
00000000
00000000
00000000
00000000
00000000
00000000
00200000
00200000

00000000
00000000
00000000
00000000
00550057
00000000
00aa00a8
00000000
00000000
00000000
00000000

2aaaaaa8
2aaaaaa8
ffffffff
fffbffff
ffffffff
00000000
ffffffff
fff7ffff
ffffffff
d5555557
d5555557

22222220
eaaaaaab
d5555557
d5515557
2aaaaaa8
00000000
d5555557
2a22aaa8
2aa2aaa8
d5555557
11111113

00000000
c0000003
d5555557
d5515557
d5005500
00000000
2a00aa00
2aa2aaa8
2aa2aaa8
00000000
00000000

08888888
00000000
00000000
00000000
00000000
00000000
00000000
00000000
00000000
00000000
c4444444

00000000
2aaaaaa8
2aaaaaa8
2aaaaaa8
2affaaff
00000000
d5ff55ff
d5d55557
d5555557
d5555557
00000000

2aaaaaa8
2aaaaaa8
d5415557
d5515557
ffffffff
00000000
ffffffff
2aa2aaa8
2aa2aaa8
d5555557
d5555557

22222220
00000000
d5415557
d5515557
00000000
00000000
00000000
2aa2aaa8
2aa2aaa8
00000000
11111113

00000000
00000000
00000000
00000000
d5005500
00000000
2a00aa00
00000000
00000000
00000000
00040000

08888888
2aaaaaa8
2aaaaaa8
2aaaaaa8
2aaaaaa8
00000000
d5555557
d5555557
d5555557
d5555557
c4404444

00000000
eaaaaaab
00000000
00000000
00450057
00000000
00aa00a8
00000000
00000000
d5555557
00000000

2aaaaaa8
c0000003
00000000
00000000
d5455557
00100000
2aaaaaa8
00000000
00000000
00000000
d5555557

22222220
00000000
00000000
00000000
2aaaaaa8
00000000
d5555557
00000000
00000000
00000000
11111113

00000000
2aaaaaa8
ffffffff
d5515557
d5005500
00100000
2a00aa00
2aa2aaa8
ffffffff
d5555557
00000000

08888888
2aaaaaa8
d5515557
2aaaaaa8
2aaaaaa8
00000000
d5555557
d5555557
2aa2aaa8
d5555557
c4444444

00000000
00000000
00000000
00000000
00540057
00020000
00aa00a8
00000000
00000000
00000000
00000000

2aaaaaa8
c0000003
00000000
00000000
d5555557
00030000
2aaaaaa8
00000000
00000000
00000000
d5555557

22222220
eaaaaaab
ffffffff
d5515557
2aabaaa8
00010000
d5555557
2aa2aaa8
ffffffff
d5555557
11111113

00080000
eaaaaaab
d5515557
00000000
d5005500
00000000
2a00aa00
00000000
2aa2aaa8
d5555557
00000000

08808888
c0000003
00000000
2aaaaaa8
2aaaaaa8
00000000
d5555557
d5555557
00000000
00000000
c4444444

00000000
00000000
d5515557
d5555557
00550057
00000000
002a00a8
2aaaaaa8
2aaaaaa8
00000000
00000000

2a00aa00
2aaaaaa8
fffbffff
d5555557
d5555557
00800000
2aaaaaa8
2aaaaaa8
ffffffff
d5555557
d5005500

00000000
eaaaaaab
00000000
00000000
2aaaaaa8
00000000
d5555557
00000000
00000000
d5555557
00000000

00000000
00000000
00000000
00000000
ffaaffa8
00800000
3fd5ff54
00000000
00000000
00000000
00000000

2a00aa00
c0000003
d5555557
ff55ff57
2aaaaaa8
00000000
15555554
ffaaffa8
2aaaaaa8
00000000
d5005500

00000000
eaaaaaab
ffffffff
ffffffff
2beaabe8
3ffffffc
17d557d4
ffffffff
ffffffff
d5555557
00000000

00000000
eaaaaaab
00000000
00aa00a8
02800280
00000000
c1400143
00550057
00000000
d5555557
00000000

2a00aa00
c0000003
00000000
00000000
d7805780
ff00ff00
2b40ab40
00000000
00000000
00000000
d5005500

00000000
00000000
00000000
2a00aa00
00000000
00000000
00000000
d5005500
00000000
00000000
00000000

00000000
2aaaaaa8
2aaaaaa8
2aaaaaa8
00000000
00000000
00000000
d5555557
d5555557
d5555557
00000000

2a00aa00
2aaaaaa8
00000000
00aa00a8
d7805780
ff00ff00
2b40ab40
00550057
00000000
d5555557
d5005500

00000000
00000000
00000000
00000000
00000000
00000000
00000000
00000000
00000000
00000000
00000000

00000000
00000000
00000000
00000000
00550057
00000000
00aa00a8
00000000
00000000
00000000
00000000

3ffffffc
2aaaaaa8
ffffffff
ffffffff
ffffffff
00000000
ffffffff
ffffffff
ffffffff
d5555557
fffbffff

22222220
eaaaaaab
d5455557
d5015557
2aaaaaa8
00000000
d5555557
2a22aaa8
2a82aaa8
d5555557
11111113

00080000
c0000003
d5455557
d5515557
d5005500
00000000
2a00aa00
2aa2aaa8
2a82aaa8
00000000
00000000

08808888
15555554
00000000
00000000
00000000
00000000
00000000
00000000
00000000
2aa2aaa8
c4404444

15555554
2aaaaaa8
2aaaaaa8
2afaaaa8
2affaaff
00000000
d5ff55ff
d5d55557
d5555557
fff7ffff
2aaaaaa8

2aaaaaa8
eaaaaaab
d5555557
d5515557
ffffffff
00040000
ffffffff
2aa2aaa8
2aa2aaa8
d5555557
d5555557

37737774
15555554
d5555557
d5515557
00000000
00000000
00000000
2aa2aaa8
2aa2aaa8
00000000
3bb3bbbb

15595554
00000000
00000000
00000000
d5005500
00040000
2a00aa00
00000000
00000000
00000000
2aa2aaa8

08808888
eaaaaaab
2aaaaaa8
2aaaaaa8
2aaaaaa8
00000000
d5555557
d5555557
d5555557
ffffffff
c4444444

00000000
eaaaaaab
00000000
00000000
00550057
00000000
00aa00a8
00000000
00000000
d5555557
00000000

3ffbfffc
00000000
00000000
00000000
d5555557
00000000
2aaaaaa8
00000000
00000000
00000000
fff7ffff

37777774
15555554
00000000
00000000
2aaaaaa8
00000000
d5555557
00000000
00000000
00000000
3bb3bbbb

00000000
ffffffff
ffffffff
d5515557
d5005500
00000000
2a00aa00
2aa2aaa8
ffffffff
ffffffff
00000000

08888888
2aaaaaa8
d5515557
2aaaaaa8
2aaaaaa8
00000000
d5555557
d5555557
2aa2aaa8
d5555557
c4444444

00040000
00000000
00000000
00000000
00550057
00000000
00aa00a8
00000000
00000000
00000000
00000000

3ffffffc
d5515557
00000000
00400000
d5555557
00000000
2aaaaaa8
00000000
00000000
00000000
ffffffff

22222220
fffbffff
ffffffff
d5515557
2aaaaaa8
00000000
d5555557
2aa2aaa8
ffffffff
d5555557
11111113

00080000
eaaaaaab
d5115557
00000000
d5005500
00000000
2a00aa00
00000000
2aa2aaa8
d5555557
00000000

1dd5dddc
00000000
00000000
2aaaaaa8
2aaaaaa8
00000000
d5555557
d5555557
00000000
00000000
eeeeeeec

00000000
15515554
d5555557
d5515557
00150057
00000000
002a00a8
2aaaaaa8
2aaaaaa8
2aaaaaa8
00000000

2a00aa00
3ffbfffc
ffffffff
d5515557
d5555557
00c00000
2aaaaaa8
2aaaaaa8
ffffffff
ffffffff
d5005500

15555554
2aaaaaa8
00000000
00000000
2aaaaaa8
00000000
d5555557
00000000
00000000
d5555557
2aaaaaa8

15555554
c0000003
00000000
00000000
d5485500
00c00000
2a84aa00
00000000
00000000
00000000
2aaaaaa8

2a00aa00
d5515557
d5515557
ff51ff57
00080000
00000000
00000000
ffaaffa8
2aaaaaa8
2aaaaaa8
ffaaffa8

00000000
fffbffff
fffbffff
fffbffff
15595554
000c0000
00000000
ffffffff
ffffffff
ffbfffff
00000000

15555554
eaaaaaab
00000000
00aa00a8
00000000
00000000
c0000003
00550057
00000000
d5155557
2aaaaaa8

2a00aa00
c0000003
00000000
00000000
d5005500
ff00ff00
2a00aa00
00000000
00000000
00000000
d5005500

00000000
15555554
00000000
2a00aa00
00000000
00000000
00000000
d5005500
00000000
2aaaaaa8
00000000

15555554
3ffffffc
2aaaaaa8
2aaaaaa8
02800280
00000000
00000000
d5555557
d5555557
ffffffff
2aaaaaa8

3f55ff54
eaaaaaab
00000000
00aa00a8
d7805780
ff00ff00
2a00aa00
00550057
00000000
d5555557
ffaaffa8

15515554
00000000
00000000
00000000
00000000
00000000
00000000
00000000
00000000
00000000
2aaaaaa8

22222220
00000000
00000000
00000000
00000000
00000000
00000000
00000000
00000000
00000000
11111113

2aaaaaa8
2aaaaaa8
ffffffff
fffbffff
ffffffff
00000000
ffffffff
fff7ffff
ffffffff
d5555557
d5555557

00080000
eaaaaaab
d5555557
d5555557
2affaaff
00000000
d5ff55ff
2aaaaaa8
2aaaaaa8
d5555557
00000000

08808888
c0000003
d5555557
d5555557
00000000
00000000
00000000
2aaaaaa8
2aaaaaa8
00000000
c4444444

00000000
00000000
00000000
00000000
d5005500
00000000
2a00aa00
00000000
00000000
00000000
00000000

22222220
2aaaaaa8
2aaaaaa8
2aaaaaa8
2aaaaaa8
00000000
d5555557
d5555557
d5555557
d5555557
11101113

2aaaa2a8
2aaaaaa8
d5455557
d5555557
ffffffff
00000800
ffffffff
2aa2aaa8
2aaaaaa8
d5555557
d5555557

00000000
00000000
d5555557
d5555557
00550057
00000000
00aa00a8
2aaaaaa8
2aaaaaa8
00000000
00000000

08888088
00000000
00000000
00000000
00000000
00000800
00000000
00000000
00000000
00000000
c4454444

00000000
eaaaaaab
2aaaaaa8
2aaaaaa8
ff8affa8
00000000
ff55ff57
d55d5557
d5555557
d5555557
00000000

22222220
eaaaaaab
00000000
00000000
00000000
00000000
00000000
00000000
00000000
d5555557
11111113

2aaaaaa8
00000000
00100000
00000000
d5555557
00010000
2aaaaaa8
00000000
00000000
00000000
d5555557

00000000
00000000
00000000
00000000
2adfaaff
00010000
d5ff55ff
00000000
00000000
00000000
00000000

08888888
2aaaaaa8
ffffffff
d5555557
00000000
00000000
00000000
2aaaaaa8
ffffffff
d5555557
c4444444

00000000
2aaaaaa8
d5555557
2aaaaaa8
ffaaffa8
00000000
ff55ff57
d5555557
2aa2aaa8
d5555557
00000000

22222220
00000000
00000000
00000000
00000000
00000000
00000000
00080000
00000000
00000000
11111113

2aaaaaa8
c0040003
00000000
00000000
d5555557
00000000
2aaaaaa8
00000000
00200000
00000000
d5555557

00040000
eaaeaaab
ffffffff
d5555557
2afbaaff
00000000
d5ff55ff
2aaaaaa8
ffffffff
d5555557
00080000

08888888
eaaeaaab
d5555557
00000000
00000000
00000000
00000000
00000000
2a8aaaa8
d5555557
c4444444

00000000
00040000
00000000
2aaaaaa8
ffaeffa8
00000000
ff55ff57
d5555557
00000000
00000000
00000000

2a002a00
00000000
d5515557
d5515557
00000000
00000000
00000000
2aa2aaa8
2aa2aaa8
00000000
d5005500

2aaeaaa8
eaaaaaab
fffbffff
d5515557
d5555557
00080000
2aaaaaa8
2aa2aaa8
fff7ffff
d5555557
d55d5557

00000000
2aaaaaa8
00000000
00000000
2affaaff
00000000
d5f755ff
00000000
00000000
d5555557
00000000

00aa00a8
c0000003
00000000
00000000
2aaaaaa8
00080000
15595554
00000000
00000000
00000000
00550057

00000000
c00c0003
d5515557
ffdfffff
ffaaffa8
00000000
3f51ff54
fff7ffff
2aa2aaa8
00000000
00000000

00008000
eaaeaaab
fffbffff
ffdfffff
2beaabe8
3ffffffc
17d157d4
fff7ffff
fff7ffff
d5555557
00000000

2a04aa00
eaa6aaab
00000000
00000000
02800280
00000000
c1400143
00000000
00000000
d5555557
d5085500

2aaaaaa8
c0040003
00000000
00000000
d7d557d7
ffffffff
2beaabe8
00000000
00000000
00000000
d5555557

00000000
00000000
00000000
2a8aaaa8
00000000
00000000
00000000
d5555557
00000000
00000000
00000000

00aa00a8
2aaaaaa8
2aaaaaa8
2acaaaa8
00550057
00ff00ff
00aa00a8
d5d55557
d5555557
d5555557
00550057

00040000
2aaaaaa8
00000000
00400000
02800280
00000000
01400140
00800000
00000000
d5555557
00080000

00000000
00000000
00000000
00000000
d5005500
ff00ff00
2a00aa00
00000000
00000000
00000000
00000000

22322220
00110000
00000000
00000000
00000000
00000000
00000000
00000000
00000000
00220000
11311113

2aabaaa8
2aabaaa8
ffffffff
ffeffbff
ffffffff
00000000
ffffffff
ffddf7ff
ffffffff
d5575557
d5575557

00000000
eaabaaab
d5555557
d5555557
2afbaaff
00000000
d5ff55ff
2a8aaaa8
2a8aaaa8
d5575557
00000000

08988888
c0110003
d5555557
d5555557
00000000
00000000
00000000
2aaaaaa8
2aaaaaa8
00220000
c4644444

00100000
00100000
00000000
00000000
d5045500
00000000
2a00aa00
00200000
00200000
00200000
00200000

22232220
2aaaaaa8
2aaaaaa8
2aaaaaa8
2aaaaaa8
00000000
d5555557
d5555557
d5555557
d5555557
11171113

2aaaaaa8
2aaaaaa8
d5555557
d5555557
ffffffff
00000000
ffffffff
2a8aaaa8
2a8aaaa8
d5555557
d5555557

00100000
00100000
d5555557
d5555557
00550057
00000000
00aa00a8
2aaaaaa8
2aaaaaa8
00200000
00200000

08988888
00100000
00000000
00000000
00000000
00000000
00000000
00200000
00200000
00200000
c4604444

00010000
2aaaaaa8
2aaaaaa8
2aaaaaa8
ffaaffa8
00000000
ff55ff57
d5555557
d5555557
d5555557
00020000

22202220
eaaaaaab
00000000
00000000
00000000
00000000
00000000
00000000
00000000
d5555557
11101113

2abaaaa8
c0100003
00000000
00000000
d5555557
00000000
2aaaaaa8
00000000
00000000
00200000
d5755557

00100800
00100000
00000000
00000000
2afeaaff
00000000
d5ff55ff
00000000
00000000
00200000
00200000

08898088
2aaaaaa8
ffffffff
d5555557
00010000
00000000
00000000
2aaaaaa8
ffffffff
d5555557
c4464444

00020000
2aaaaaa8
d5555557
2aaaaaa8
ffaaffa8
00000000
ff55ff57
d5755557
2a8aaaa8
d5555557
00010000

22322220
00100000
00000000
00000000
00000000
00000000
00000000
00000000
00000000
00200000
11311113

2aabaaa8
c0010003
00000000
00000000
d5555557
00000000
2aaaaaa8
00000000
00000000
00020000
d5575557

00010000
eaabaaab
ffffffff
dd555557
22ffaaff
00000000
d4ff55ff
2baaaaa8
ffffffff
d5575557
00020000

08898888
eaabaaab
d5515557
00000000
00000000
00000000
00000000
00200000
2a8aaaa8
d5575557
c4464444

00010000
c0010003
00000000
2aaeaaa8
ffaaffa8
00000000
ff55ff57
d5555557
00000000
00000000
00020000

2a00aa00
00000000
d5445557
d5445557
00440000
00000000
00000000
2a88aaa8
2a88aaa8
00000000
d5005500

2aaaaaa8
2aaaaaa8
ffeeffff
d5445557
d5555557
00440000
2aaaaaa8
2a88aaa8
fffdffff
d5555557
d5555557

00000000
eaaaaaab
00000000
00000000
2abbaaff
00000000
d5f755ff
00000000
00200000
d5555557
00000000

00aa00a8
00000000
00000000
00000000
2aaaaaa8
00000000
154c5554
00000000
00000000
00000000
00550057

00110000
c0110003
d5445557
ffcfffff
ffaaffa8
00440000
3f54ff54
ffdfffff
2a88aaa8
00220000
00220000

00110000
eabbaaab
ffeeffff
ffcfffff
2beaabe8
3fedfffc
17c457d4
ffdfffff
ffddffff
d5775557
00220000

2a11aa00
eabbaaab
00000000
00000000
00000000
00200000
c0000003
00000000
00000000
d5775557
d5225500

2abbaaa8
c0110003
00000000
00000000
d5555557
ffffffff
2aaaaaa8
00000000
00000000
00220000
d5775557

00100000
00100000
00000000
2a8aaaa8
00000000
00000000
00000000
d5555557
00000000
00200000
00200000

00ba00a8
2abaaaa8
2aaaaaa8
2a8aaaa8
00550057
00df00ff
00aa00a8
d5f55557
d5555557
d5715557
00750057

00100000
2abaaaa8
00000000
00000000
02800280
00000000
01400140
00a00000
00000000
d5715557
00200000

00100000
00100000
00000000
00000000
d5005500
ff00ff00
2a00aa00
00000000
00000000
00220000
00200000

00000000
15555554
00000000
00000000
00000000
00000000
00000000
00000000
00000000
2aaaaaa8
00010000

3ffffffc
3ffffffc
ffffffff
ffffffff
ffffffff
00010000
ffffffff
ffffffff
ffffffff
ffffffff
ffffffff

22202220
eaaaaaab
d5445557
d5445557
2afeaaff
00000000
d5ff55ff
2a88aaa8
2a88aaa8
d5555557
11101113

00020000
c0000003
d5445557
d5445557
00010000
00010000
00000000
2a88aaa8
2a88aaa8
00000000
00000000

08988888
15545554
00000000
00000000
d5005500
00000000
2a00aa00
00000000
00000000
2aa8aaa8
c4444444

15455554
3ffffffc
2aaaaaa8
2aaaaaa8
2aaaaaa8
00000000
d5555557
d5555557
d5555557
ffffffff
2aabaaa8

2aaaaaa8
2aabaaa8
d5445557
d5445557
fffffdff
00100000
ffffffff
2a88aaa8
2a08aaa8
d5575557
d5555557

37747374
00000000
d5455557
d5455757
00550057
00100000
00aa00a8
2a88aaa8
2a88aaa8
00000000
3b9ab3bb

15445154
15545554
00000000
00000000
00000000
00000000
00000000
00000000
00000000
2aa8aaa8
2a8aa6a8

089a8888
ffffffff
2aabaaa8
2aabaaa8
ffaaffa8
00000000
ff55ff57
d5555557
d5555557
ffffffff
c4444044

00000000
eaabaaab
00000000
00000000
00000000
00000000
00000000
00000000
00000000
d5575557
00000000

3ffefffc
00000000
00000000
00000000
d5555557
00080000
2aaaaaa8
00000000
00800000
00000000
ffedffff

37757774
15545154
00000000
00100000
2affaaff
00080000
d5ff55ff
00000000
00000000
00000000
3ba9bbbb

00010000
3ffffbfc
ffffffff
d5545557
00000000
00000000
00000000
2a88aaa8
ffffffff
d5555557
00000000

088a8888
2aabaaa8
d5445557
2aaaaaa8
ffaaffa8
00000000
ff55ff57
d5555557
2a88aaa8
d5555557
c4444444

00000000
00000000
00000000
00000000
00000000
00000000
00000000
00000000
00000000
00000000
00010000

3ffefffc
d5545157
00000000
00000000
d5555557
00080100
2aaaa8a8
00000000
00000000
00000000
ffffffff

22202220
ffffffff
ffffffff
d5445557
2affaaff
00080000
d5ff55ff
2a88aaa8
ffffffff
d5555557
11101113

00000800
eaabaeab
d5445557
00000000
00000000
00000100
00000000
00000000
2a88aaa8
d5555557
00000000

1ddfd5dc
00000000
00000000
2aaaaaa8
ffaaffa8
00000000
ff55fd57
d5555557
00000000
2aaaaaa8
eeeeeeec

2a00aa00
00110400
d5455557
d5455577
00000000
00000000
00000000
2aa8aaa8
2aa8aaa8
00100000
d5004500

2aaaaaa8
eabbaeab
ffefffff
d5455557
d5555557
00000000
2aaaaaa8
2aa8aaa8
fffdffff
d5555557
d5555557

15555554
2aaaaaa8
00000000
00000000
2affaadf
00000000
d5ff55ff
00000000
00000000
d5655557
2aaaaaa8

15ff55fc
c0000003
00000000
00000000
00220000
00000000
00110000
00000000
00000000
2a8aaaa8
2adfaaff

15555554
c0000003
d5455557
ffffffff
d5225500
00000000
2a01aa00
ffdfffff
2aa8aaa8
00000000
2aaaaaa8

00000000
ffffffff
ffefffff
ffffffff
15765554
00210000
00110000
ffffffff
fffdffff
ffddf7ff
00001000

3f55ff54
eaaaaaab
00000000
00000000
00000000
00000000
c0000003
00200000
00000000
ffddf7ff
ffaaffa8

2aaaaaa8
c0000003
00000000
00000000
d5555557
ffffffff
2aaaaaa8
00000000
00000000
00000000
d5555557

00000000
15555554
00000000
2aaaaaa8
00000000
00000000
00000000
d5555557
00000000
00100000
00000000

15ff55fc
2aaaaaa8
2aaaaaa8
2aaaaaa8
02d502d7
00ff00ff
00aa02a8
d5555557
d5555557
d5555557
2affaaff

15555554
2aaaaaa8
00000000
00000000
02800280
00000000
00000000
00000000
00000000
d5455557
2aaaaaa8

15555554
00000000
00000000
00000000
d5005500
ff00ff00
2a00a800
00000000
00000000
00000000
00200000

00000000
00000000
00000000
00000000
00000000
00000000
00000000
00000000
00000000
00000000
00000000

2aaaaaa8
2aaaaaa8
ffffffff
ffefffff
ffffffff
00000000
ffffffff
ffdff7ff
ffffffff
d5555557
d5555557

22202220
eaaaaaab
d5445557
d5445157
2affaaff
00000000
d5fd55ff
2a88aaa8
2a88aaa8
d5555557
11111113

00000000
c0010003
d5445557
d5445157
00000000
00000000
00000000
2a88aaa8
2a88aaa8
00000000
00000400

088a8888
00000000
00000000
00000000
d5005500
00000000
2a02aa00
00000000
00000000
00000000
c4444044

00000000
2aaaaaa8
2aaaaaa8
2aaaaaa8
2aaaaaa8
00000000
d5575557
d5555557
d5555557
d5555557
00000000

2aaaaaa8
2aaaaaa8
d5045157
d5445157
ffffffff
00030000
ffffffff
2a80aaa8
2a08aaa8
d5555557
d5545557

22202220
00000000
d5545157
d5445157
00550057
00010000
00a800a8
2a88aaa8
2a88aaa8
00000000
11001113

00130000
00110000
00000000
00000000
00000000
00020000
00000800
00000000
00000000
00220000
00320000

08998888
eabbaaab
2aaaaaa8
2aaaaaa8
ffaaffa8
00000000
ff55f757
d55d5557
d5555557
d5775557
c4664444

00110000
eabbaaab
00000000
00000000
00000000
00000000
00000000
00000000
00000000
d5775557
00220000

2ab9a2a8
00110000
00500000
00000000
d5555557
00000800
2aaaaaa8
00000000
00800000
00220000
d5775557

22112220
00110000
00000000
00040000
2affaaff
00000000
d5ff55ff
00000000
00000000
00220000
11221113

00310000
2abbaaa8
ffffffff
d5445157
00000000
00000800
00000000
2a88aaa8
ffffffff
d5775557
00230000

08998088
2abbaaa8
d5405157
2aaaaaa8
ffaaffa8
00000000
ff55ff57
d5555557
2a80aaa8
d5775557
c4764444

00130000
00100000
00000000
00000008
00000000
00000000
00000000
00080000
00000000
00220000
00220000

2aaaaaa8
c0000003
00000000
00000000
d5155557
00cc0000
2a2aaaa8
00000000
00000000
00000000
d5555557

22202220
eaaaaaab
ffffffff
d5445157
2abbabf7
00c80000
d57f55ff
2a88aaa8
ffffffff
d5555557
11101113

00000400
eaaaaeab
d5445157
00000000
00040000
00040000
00000000
00000000
2a88aaa8
d5555d57
00000800

08888c88
00000400
00000000
2aaaaaa8
ffaafea8
00000000
ff55ff57
d5555557
00000000
00020800
c4454c44

2a112a00
00110400
d5545557
d5545157
00000000
00000000
00000000
2a88aaa8
2a8aaaa8
00260000
d5225500

2abbaaa8
eabbaaab
fffeffff
d5545157
d5555557
000c0000
2aaaaaa8
2a88aaa8
ffdfffff
d5775557
d5775557

00110400
2abbaea8
00000000
00000000
2affaaff
00040000
d5f755ff
00000000
00000000
d5735d57
00220800

00bb04a8
c0110403
00000000
00000000
2a88aaa8
00080000
155c5554
00000000
00000000
00220800
00770857

00000000
c0080003
d5545157
fffdfbff
ff88ffa8
00000000
3f54ff54
fffdfbff
2a88aaa8
00000000
00000000

00008000
eaaaaaab
fffefbff
fffdfbff
2bc8abe8
3ffffbfc
17d457d4
fffdfbff
ffddffff
d5555557
00000000

2a00ae00
eaa2aeab
00000000
00000000
00000000
00000000
c0000803
00000000
00000000
d5555d57
d5005d00

2aaaaea8
c0000403
00000000
00000000
d5555557
ffffffff
2aaaaaa8
00000000
00000000
00000800
d5555d57

00110000
00110000
00000000
2aa8aaa8
00000000
00000000
00000000
d5555157
00000800
00260000
00220000

00bb00a8
2abbaaa8
2aaaaaa8
2aa8aaa8
00550057
00ff00ff
00aa00a8
d5555157
d5555d57
d5775557
00770057

00110400
2abbaea8
00000000
00000000
02800280
00000000
01400140
00000000
00000000
d5735d57
00220800

00110400
00110000
00000000
00000000
d5005500
ff00ff00
2a00a200
00000000
00000000
00200800
00220800

22222220
00000000
00000000
00000000
00000000
00000000
00000000
00000400
00000000
00000000
11111113

2aaaaaa8
2aaaaaa8
ffffffff
ffffffff
ffffffff
00000000
ffffffff
ffffffff
ffffffff
d5555557
d5555557

00000000
eaaaaaab
d5555557
d5555557
2affaaff
00000000
d5ff51ff
2aaaaaa8
2a8aaaa8
d5555557
00000000

08888888
c0000003
d5555557
d5555557
00000000
00000000
00000000
2aaaaaa8
2aaaaaa8
00000000
c4444444

00000000
00000000
00000000
00000000
d5005500
00000000
2a00aa00
00000000
00000000
00000000
00000000

22222220
2aaaaaa8
2aaaaaa8
2aaaaaa8
2aaaaaa8
00000000
d5555557
d5555557
d5755557
d5555557
11111113

2aaaaaa8
2aaaaaa8
d5555557
d5555557
ffffffff
00000000
fbffffff
2eaaaaa8
2aaaaaa8
d5555557
d5555557

00000000
00000000
d5555557
d5555557
00550057
00000000
00aa00a8
2aaaaaa8
2aaaaaa8
00000000
00000000

08888888
00000000
00000000
00000000
00000000
00000000
00000000
00000000
00000000
00000000
c4444444

00000000
2aaaaaa8
2aaaaaa8
2aaaaaa8
ffaaffa8
00000000
ff55ff57
d5555557
d5555557
d5555557
00000000

22222220
eaaaaaab
00000000
00000000
00000000
00000000
00000000
00000000
00000000
d5555557
11111113

2aaaaaa8
c0000003
00000000
00000000
d5555557
00400000
2aaaaaa8
00000000
00000000
00000000
d5555557

00000000
00000000
00000000
00000000
2abfaaff
00400000
d5ff55ff
00000000
00000000
00000000
00000000

08888888
2aaaaaa8
ffffffff
d5555557
00000000
00000000
00000000
2aaaaaa8
ffffffff
d5555557
c4444444

00000000
2aaaaaa8
d5555557
2aaaaaa8
ffeaffa8
00000000
ff55ff57
d5555557
2aaaaaa8
d5555557
00000000

22222220
00000000
00000000
00000000
00000000
00000000
00000000
00000000
00000000
00000000
11111113

2aaaaaa8
c0000003
00000000
00000000
d5555557
00000000
2aaaaaa8
00000000
00000000
00000000
d5555557

00000000
eaaaaaab
ffffffff
d5555557
2affaaff
00000000
d5ff55ff
2aaaaaa8
ffffffff
d5555557
00000000

08888888
eaaaaaab
d5555557
00000000
00000000
00000000
00000000
00000000
2eaaaaa8
d1555557
c4444444

00000000
c0000003
00000000
2aaaaaa8
ffaaffa8
00000000
ff55ff57
d5555557
00000000
00000000
00000000

2a00aa00
00000000
d5555557
d5555557
00000400
00000000
00000000
2aaaaaa8
2aaaaaa8
00000000
d5005500

2aaaaaa8
2aaaaaa8
ffffffff
d5555557
d5555557
00000000
2aaaaaa8
2aaaaaa8
ffffffff
d5555557
d5555557

00000000
eaaaaaab
00000000
00000000
2affaaff
00000000
d5ff55ff
00000000
00000000
d5555557
00000000

00aa00a8
00000000
00000000
00000000
2aaaaaa8
00000000
15555554
00000000
00000000
00000000
00550057

00000000
c0000003
d5555557
ffffffff
ffaafba8
00000000
3f55ff54
ffffffff
2aaaaaa8
00000000
00000000

00000000
eaaaaaab
ffffffff
ffffffff
2beaabe8
3ffffffc
17d557d4
ffffffff
ffffffff
d5555557
00000000

2a00aa00
eaaaaaab
00000000
00000000
02800280
00000000
c1400143
00000000
00000000
d5555557
d1005500

2aaaaaa8
c0000003
00000000
00000000
d7d557d7
ffffffff
2beaabe8
00000000
00000000
00000000
d1555557

00000000
00000000
00000000
2aaaaaa8
00000000
00000000
00000000
d1555557
00000000
00000000
00000000

00aa00a8
2aaaaaa8
2aaaaaa8
2aaaaaa8
00550057
00ff00ff
00aa00a8
d5555557
d5555557
d5555557
00550057

00000000
2aaaaaa8
00000000
00000000
02800280
00000000
01400140
00000000
00000000
d5555557
00000000

00000000
00000000
00000000
00000000
d5005500
ff00ff00
2a00aa00
04000000
00000000
00000000
00000000

22222220
00000000
00000000
00000000
00000000
00000000
00000000
00000000
00000000
00000000
11111113

3ffffffc
2aaaaaa8
ffffffff
ffffffff
ffffffff
00000000
ffffffff
ffffffff
ffffffff
d5555557
ffffffff

00000000
eaaaaaab
d5555557
d5555557
2affaaff
00000000
d5ff55ff
2aaaaaa8
2aaaaaa8
d5555557
00000000

08888888
c0000003
d5555557
d5555557
00000000
00000000
00000000
2aaaaaa8
2aaaaaa8
00000000
c4444444

00000000
15555554
00000000
00000000
d5005500
00000000
2a00aa00
00000000
00000000
2aaaaaa8
00000000

37777774
2aaaaaa8
2aaaaaa8
2aaaaaa8
2aaaaaa8
00000000
d5555557
d5555557
d5555557
ffffffff
3bbbbbbb

2aaaaaa8
eaaaaaab
d5555557
d5555557
ffffffff
00000000
ffffffff
2aaaaaa8
2aaaaaa8
d5555557
d5555557

15555554
15555554
d5555557
d5555557
00550057
00000000
00aa00a8
2aaaaaa8
2aaaaaa8
00000000
2aaaaaa8

1ddddddc
00000000
00000000
00000000
00000000
00000000
00000000
00000000
00000000
00000000
eeeeeeec

00000000
eaaaaaab
2aaaaaa8
2aaaaaa8
ff8affa8
00000000
ff55ff57
d5555557
d5555557
ffffffff
00000000

22222220
eaaaaaab
00000000
00000000
00000000
00000000
00000000
00000000
00000000
d5555557
11111113

3ffffffc
00000000
00000000
00000000
d5555557
00000000
2aaaaaa8
00000000
00000000
00000000
ffffffff

15555554
15555554
00000000
00000000
2adfaaff
00000000
d5ff55ff
00000000
00000000
00000000
2aaaaaa8

08888888
ffffffff
ffffffff
d5555557
00000000
00000000
00000000
2aaaaaa8
ffffffff
ffffffff
c4444444

00000000
2aaaaaa8
d5555557
2aaaaaa8
ffaaffa8
00000000
ff55ff57
d5555557
2aaaaaa8
d5555557
00000000

22222220
00000000
00000000
00000000
00000000
00000000
00000000
00000000
00000000
00000000
11111113

3ffffffc
d5555557
00000000
00000000
d5555557
00000000
2aaaaaa8
00000000
00000000
00000000
ffffffff

00000000
ffffffff
ffffffff
d5555557
2affaaff
00000000
d5ff55ff
2aaaaaa8
ffffffff
d5555557
00000000

08888888
eaaaaaab
d5555557
00000000
00000000
00000000
00000000
00000000
2a8aaaa8
d5555557
c4444444

15555554
00000000
00000000
2aaaaaa8
ffaaffa8
00000000
ff55ff57
d5755557
00000000
00000000
2aaaaaa8

2a00aa00
15555554
d5555557
d5555557
00000000
00000000
00000000
2aaaaaa8
2aaaaaa8
2aaaaaa8
d5005500

2aaaaaa8
3ffffffc
ffffffff
d5555557
d5555557
00000000
2aaaaaa8
2aaaaaa8
ffffffff
ffffffff
d5555557

15555554
2aaaaaa8
00000000
00000000
2affaaff
00000000
d5ff55ff
00000000
00000000
d5555557
2aaaaaa8

15ff55fc
c0000003
00000000
00000000
00000000
00000000
00000000
00000000
00000000
00000000
2affaaff

00000000
d5555557
d5555557
ffffffff
d5005500
00000000
2a00aa00
ffffffff
2aaaaaa8
2aaaaaa8
2aaaaaa8

00000000
ffffffff
ffffffff
ffffffff
15555554
00000000
00000000
ffffffff
ffffffff
ffffffff
00000000

3f55ff54
eaaaaaab
00000000
00000000
00000000
00000000
c0000003
00000000
00000000
d5555557
ffaaffa8

2aaaaaa8
c0000003
00000000
00000000
d5555557
ffffffff
2aaaaaa8
00000000
00000000
00000000
d5555557

00000000
15555554
00000000
2aaaaaa8
00000000
00000000
00000000
d5555557
00000000
2aaaaaa8
00000000

15ff55fc
3ffffffc
2aaaaaa8
2aaaaaa8
02d502d7
00ff00ff
00aa00a8
d5555557
d5555557
ffffffff
2affaaff

15555554
eaaaaaab
00000000
00000000
02800280
00000000
00000000
00000000
00000000
d5555557
2aaaaaa8

15555554
00000000
00000000
00000000
d5005500
ff00ff00
2a00aa00
00000000
00000000
00000000
2aaaaaa8

00000000
00000000
00000000
00000000
00000000
00000000
00000000
00000000
00000000
00000000
00000000

2aaaaaa8
2aaaaaa8
ffffffff
ffffffff
ffffffff
00000000
ffffffff
ffffffff
ffffffff
d5555557
d5555557

22222220
eaaaaaab
d5555557
d5555557
2affaaff
00000000
d5ff55ff
2aaaaaa8
2aaaaaa8
d5555557
11111113

00000000
c0000003
d5555557
d5555557
00000000
00000000
00000000
2aaaaaa8
2aaaaaa8
00000000
00000000

08888888
00000000
00000000
00000000
d5005500
00000000
2a00aa00
00000000
00000000
00000000
c4444444

00000000
2aaaaaa8
2aaaaaa8
2aaaaaa8
2aaaaaa8
00000200
d5555757
d5555557
d5555557
d5555557
00000000

2aaaaaa8
2aaaaaa8
d5555557
d5555557
ffffffff
00000200
ffffffff
2aaaaaa8
2aaaaaa8
d5555557
d5555557

22222220
00000000
d5555557
d5555557
00550057
00000000
00aa00a8
2aaaaaa8
2aaaaaa8
00000000
11511013

00000000
00000000
00000000
00000000
00000000
00000000
00000000
00000000
00000000
00000000
00000000

08888888
eaaaaaab
2aaaaaa8
2aaaaaa8
ffaaffa8
00000000
ff55fd57
d5555557
d5555557
d5555557
c4044544

00000000
eaaaaaab
00000000
00000000
00000000
00000000
00000000
00000000
00000000
d5555557
00000000

2aaaaaa8
00000000
00000000
00000000
d5555557
00000000
2aaaaaa8
00000000
00000000
00000000
d5555557

22222220
00000000
00000000
00000000
2affaaff
00000000
d5ff55ff
00000000
00000000
00000000
11111113

00000000
2aaaaaa8
ffffffff
d5555557
00000000
00000000
00000000
2aaaaaa8
ffffffff
d5555557
00000000

08888888
2aaaaaa8
d5555557
2aaaaaa8
ffaaffa8
00000000
ff55ff57
d5555557
2aaaaaa8
d5555557
c4444444

00000000
00000000
00000000
00000000
00000000
00000000
00000000
00000000
00000000
00000000
00000000

2aaaa8a8
c0000003
00000000
00000000
d5555557
00000000
2aaaaaa8
00000000
00000000
00000000
d5555557

22222020
eaaaaaab
ffffffff
d5555557
2affaaff
00000000
d5ff55ff
2aaaaaa8
ffffffff
d5555557
11511113

00000000
eaaaaaab
d5555157
00000400
00000000
00000000
00000000
00000000
2aaaaaa8
d5555557
00000000

08888888
00000000
00000000
2aaaaaa8
ffaaffa8
00000000
ff55ff57
d5555557
00000000
00000000
c4044444

2a00aa00
00000000
d5555557
d5555557
00000000
00000000
00000000
2aaaaaa8
2aaaaaa8
00000000
d5005500

2aaaaaa8
eaaaaaab
ffffffff
d5555557
d5555557
00000000
2aaaaaa8
2aaaaaa8
ffffffff
d5555557
d5555557

00000000
2aaaaaa8
00000000
00000000
2affaaff
00000000
d5ff55ff
00000000
00000000
d5555557
00000000

00aa00a8
c0000003
00000000
00000000
2aaaaaa8
00000000
15555554
00000000
00000000
00000000
00550057

00000000
c0000003
d5555457
ffffffff
ffaaffa8
00000000
3f55ff54
ff7fffff
2aaaaaa8
00000000
00000000

00000000
eaaaaaab
ffffffff
ffffffff
2beaabe8
3ffffffc
17d557d4
ff7fffff
ffffffff
d5555557
00000000

2a00aa00
eaaaaaab
00000000
00000000
02800280
00000000
c1400143
00000000
00000000
d5555557
d5005500

2aaaaaa8
c0000003
00000100
00000000
d7d557d7
ffffffff
2beaabe8
00000000
00000000
00000000
d5555557

00000000
00000000
00000000
2aaaaaa8
00000000
00000000
00000000
d5555557
00000000
00000000
00000000

00aa00a8
2aaaaaa8
2aaaaaa8
2aaaaaa8
00550057
00ff00ff
00aa00a8
d5555557
d5555557
d5555157
00550057

00000000
2aaaaaa8
00000000
00000000
02800280
00000000
01400140
00000000
00000000
d5555157
00000000

00000000
00000000
00000000
00000000
d5005500
ff00ff00
2a00aa00
00000000
00000000
00000000
00000000

00000000
00000000
00000000
00000000
00000000
00000000
00000000
00000000
00000000
00000000
00000000

2aaaaaa8
2aaaaaa8
ffffffff
fffffeff
ffffffff
00000000
ffffffff
ffffffff
ffffffff
d5555557
d5555557

23622360
ffffffff
d5555557
d5555557
2affaaff
00000000
d5ff55ff
2aaaaaa8
2aaaaaa8
fd7ffd7f
11111013

01400140
d5555557
d5555557
d5555557
00000000
00000000
00000000
2aaaaaa8
2aaaaaa8
282aa828
00000100

08888888
00000000
00000000
00000000
d5005500
00000000
2a00aa00
00000000
00000000
00000000
c4444444

00000000
2aaaaaa8
2aaaaaa8
2aaaaaa8
2aaaaaa8
00000000
d5555557
d5555557
d5555557
d5555557
00000000

2beaabe8
ffffffff
d5555557
d5555557
ffffffff
00000000
ffffffff
2aaaaaa8
2aaaaaa8
fd7ffd7f
d5555557

22222220
00400000
d5555557
d5555557
00550057
00000000
00aa00a8
2aaaaaa8
2aaaaaa8
00000000
11111113

00000000
00000000
00000000
00000000
00000000
00000000
00000000
00000000
00000000
00000000
00000000

08888888
2aaaaba8
2aaaaaa8
2aaaaaa8
ffaaffa8
00000000
ff55ff57
d5555557
d5555557
d5555557
c4444444

01400140
fffffeff
00000000
00000000
00000000
00000000
00000000
00000000
00000000
fd7ffd7f
00000000

2beaabe8
d5555557
00000000
00000000
d5555557
00000000
2aaaaaa8
00000000
00000000
282aa828
d5555557

22222020
00000000
00000000
00000000
2affaaff
00000000
d5ff55ff
00000000
00000000
00000000
11111113

00000200
2aaaaba8
ffffffff
d5555557
00000000
00000000
00000000
2aaaaaa8
ffffffff
d5555557
00000000

09c889c8
fffffeff
d5555557
2aaaaaa8
ffaaffa8
00000000
ff55ff57
d5555557
2aaaaaa8
fd7ffd7f
c4444444

00000000
00000000
00000000
00000000
00000400
00000800
00000800
00000000
00000000
00000000
00000000

2beaaae8
d5555557
00000000
00000000
d5555557
00000c00
2aaaaaa8
00000000
00000000
282aa828
d5555557

23622360
ffffffff
ffffffff
d5555557
2affaaff
00000400
d5ff55ff
2aaaaaa8
ffffffff
fd7ffd7f
11111113

01000140
ffbffeff
d5555557
00000000
00000000
00000000
00000000
00000000
2aaaaaa8
fd7ffd7f
00000000

09c889c8
d5155457
00000000
2aaaaaa8
ffaafba8
00000000
ff55f757
d5555557
00000000
282aa828
c4444444

2a00aa00
00000000
d5155457
d5155457
00000000
00000000
00000000
2a2aaaa8
2a2aaaa8
00000000
d5005500

2aeaaaa8
2aaaaaa8
ffbffeff
d5155457
d5555557
00000000
2aaaaaa8
2a2aaaa8
ff7fffff
d5555557
d5555557

00000000
2aaaaba8
00000000
00000000
2affaaff
00000000
d5ff55ff
00000000
00000000
d5555557
00000000

00aa00a8
00000000
00000000
00000000
00000200
00000000
00400000
00000000
00000000
00000000
00550057

01400140
d5555557
d5155457
ffbffeff
d5805700
00000000
2a00aa00
ff7ffbff
2a2aaaa8
282aa828
00000000

01400140
ffffffff
ffbffeff
ffbffeff
00800000
00c00200
00400000
fffffbff
ff7fffff
fd7ffd7f
00000000

2b40ab40
fffffeff
00000000
00000000
2a2aaaa8
00000000
d5155457
00800000
00000000
fd7ffd7f
d5005500

2beaabe8
d5555557
00000000
00000000
d5555557
ffffffff
2aaaaaa8
00000000
00000000
282aa828
d5555557

00000000
00000100
00000000
2aaaaaa8
00000000
00000000
00000000
d5555157
00000000
00000000
00000000

00aa00a8
2aaaaaa8
2aaaaaa8
2aaaaaa8
00550057
00ff00ff
00aa00a8
d5555157
d5555557
d5555557
00550057

01400140
ffffffff
00000000
00000000
00000000
00000000
00000000
00000000
00000000
fd7ffd7f
00000000

00000000
00000000
00000000
00000000
d5005500
ff00ff00
2a00aa00
00000000
00000000
00000000
00000000

