Timing Summary
==============

   POST-ROUTE

         Group  No. Clocks  No. Clock Pairs  WNS(ps)  TNS(ps)  TNS Endpoints      
   -----------  ----------  ---------------  -------  -------  -------------      
    <UDEF_clk>           1                1    -6235  -502331            143      




Clocks
======

            Clock    Clock net        Group  Constrained Period(ps)      Waveform(ps)   Achievable Period(ps)  Achievable Frequency(MHz)
   --------------  -----------  -----------  ----------------------  -----------------  ---------------------  -------------------------
              clk          clk   <UDEF_clk>           (auto) 2000            (0,1000)                   8234                    121.448 




Clock Relationships
===================

       From Clock        To Clock               Group    Endpoints     WNS(ps)    TNS(ps)  TNS Endpoints
   --------------  --------------  ------------------  -----------  ----------  ---------  -------------
              clk             clk          <UDEF_clk>          143       -6235    -502331            143




Timing Details for Clock Pair clk and clk
=========================================

       From Clock        To Clock               Group    Endpoints     WNS(ps)    TNS(ps)  TNS Endpoints
   --------------  --------------  ------------------  -----------  ----------  ---------  -------------
              clk             clk          <UDEF_clk>          143       -6235    -502331            143

Path 285:
   Slack (not met):                         -6235ps
     Path type:                               SETUP
     Group:                              <UDEF_clk>
     Launching clock:                           clk (rising edge)
     Capturing clock:                           clk (rising edge)

     Requested period:                       2000ps
   + Delay of the capturing clock:           2273ps
   - Clock uncertainty:                       150ps
   = Required time:                          4123ps
   - Propagation time:                       8034ps (50.2% logic, 49.8% route, logic stage 3)
   - Delay of the launching clock:           2324ps
   = Slack:                                 -6235ps

   Instance/Pin or Net Name   Type         ID     Location or Fanout   Delay(ps)  Edge  Arrival Time(ps)    Instance detail                                                                                                                                               
   -------------------------------------------------------------------------------------------------------------------------------------------------------------------------------------------------------------------------------------------------------------------------
   clk                        CLOCK-PORT    -                      -     launch     r               0                                                                                                                                                                     
   clk                        Clock net     2           (fanout=388)       2324                     -                                                                                                                                                                     
   RBB_6/CLK                  RBB_6L        6   [TILE 0 0, RBB 1 24]          -     r            2324                                                                                                                                                                     
   -------------------------------------------------------------------------------------------------------------------------------------------------------------------------------------------------------------------------------------------------------------------------
   RBB_6/CQ                   RBB_6L        6   [TILE 0 0, RBB 1 24]        800     r            3124     {inst15: por_FDRE_Q_1 (FDE,site=cff)}                                                                                                                           
   por[2]                     Net          26             (fanout=1)       1230                     -                                                                                                                                                                     
   RBB_6/C1                   RBB_6L        6   [TILE 0 0, RBB 1 24]          -     r            4354                                                                                                                                                                     
   RBB_6/DMUX                 RBB_6L        6   [TILE 0 0, RBB 1 24]       1637     r            5991     {inst12: por_CARRY4_S (CARRY4)}                                                                                                                                 
   por_CARRY4_S_CO            Net          73             (fanout=1)       1113                     -                                                                                                                                                                     
   RBB_8/D2                   RBB_6L        8  [TILE 0 0, RBB 10 26]          -     r            7104                                                                                                                                                                     
   RBB_8/D                    RBB_6L        8  [TILE 0 0, RBB 10 26]        659     r            7763     {inst13: por_CARRY4_S_CO_INV_I (LUT,site=dlut)}                                                                                                                 
   por_CARRY4_S_CO_INV_I_O    Net          31            (fanout=14)       1658                     -                                                                                                                                                                     
   RBB_14/A6                  RBB_6L       14  [TILE 0 0, RBB 25 16]          -     r            9421     {<SR>inst36: spi_miso_FDCE_Q_D_LUT6_O_I0_FDCE_Q_D_LUT6_O_I0_FDCE_Q_D_LUT6_O_I0_FDCE_Q_D_LUT6_O_I0_FDCE_Q_D_LUT6_O_I0_FDCE_Q_D_LUT6_O_I0_FDCE_Q (FDCE,site=bff)} 
   -------------------------------------------------------------------------------------------------------------------------------------------------------------------------------------------------------------------------------------------------------------------------
   RBB_14/CLK                 RBB_6L       14  [TILE 0 0, RBB 25 16]        937     r           10358                                                                                                                                                                     
   clk                        Clock net     2           (fanout=388)      -2273                     -                                                                                                                                                                     
   clk                        CLOCK-PORT    -                      -    capture     r            8085                                                                                                                                                                     
   -------------------------------------------------------------------------------------------------------------------------------------------------------------------------------------------------------------------------------------------------------------------------


Path 283:
   Slack (not met):                         -6235ps
     Path type:                               SETUP
     Group:                              <UDEF_clk>
     Launching clock:                           clk (rising edge)
     Capturing clock:                           clk (rising edge)

     Requested period:                       2000ps
   + Delay of the capturing clock:           2273ps
   - Clock uncertainty:                       150ps
   = Required time:                          4123ps
   - Propagation time:                       8034ps (50.2% logic, 49.8% route, logic stage 3)
   - Delay of the launching clock:           2324ps
   = Slack:                                 -6235ps

   Instance/Pin or Net Name   Type         ID     Location or Fanout   Delay(ps)  Edge  Arrival Time(ps)    Instance detail                                                                                                                            
   ------------------------------------------------------------------------------------------------------------------------------------------------------------------------------------------------------------------------------------------------------
   clk                        CLOCK-PORT    -                      -     launch     r               0                                                                                                                                                  
   clk                        Clock net     2           (fanout=388)       2324                     -                                                                                                                                                  
   RBB_6/CLK                  RBB_6L        6   [TILE 0 0, RBB 1 24]          -     r            2324                                                                                                                                                  
   ------------------------------------------------------------------------------------------------------------------------------------------------------------------------------------------------------------------------------------------------------
   RBB_6/CQ                   RBB_6L        6   [TILE 0 0, RBB 1 24]        800     r            3124     {inst15: por_FDRE_Q_1 (FDE,site=cff)}                                                                                                        
   por[2]                     Net          26             (fanout=1)       1230                     -                                                                                                                                                  
   RBB_6/C1                   RBB_6L        6   [TILE 0 0, RBB 1 24]          -     r            4354                                                                                                                                                  
   RBB_6/DMUX                 RBB_6L        6   [TILE 0 0, RBB 1 24]       1637     r            5991     {inst12: por_CARRY4_S (CARRY4)}                                                                                                              
   por_CARRY4_S_CO            Net          73             (fanout=1)       1113                     -                                                                                                                                                  
   RBB_8/D2                   RBB_6L        8  [TILE 0 0, RBB 10 26]          -     r            7104                                                                                                                                                  
   RBB_8/D                    RBB_6L        8  [TILE 0 0, RBB 10 26]        659     r            7763     {inst13: por_CARRY4_S_CO_INV_I (LUT,site=dlut)}                                                                                              
   por_CARRY4_S_CO_INV_I_O    Net          31            (fanout=14)       1658                     -                                                                                                                                                  
   RBB_14/A6                  RBB_6L       14  [TILE 0 0, RBB 25 16]          -     r            9421     {<SR>inst33: spi_miso_FDCE_Q_D_LUT6_O_I0_FDCE_Q_D_LUT6_O_I0_FDCE_Q_D_LUT6_O_I0_FDCE_Q_D_LUT6_O_I0_FDCE_Q_D_LUT6_O_I0_FDCE_Q (FDCE,site=cff)} 
   ------------------------------------------------------------------------------------------------------------------------------------------------------------------------------------------------------------------------------------------------------
   RBB_14/CLK                 RBB_6L       14  [TILE 0 0, RBB 25 16]        937     r           10358                                                                                                                                                  
   clk                        Clock net     2           (fanout=388)      -2273                     -                                                                                                                                                  
   clk                        CLOCK-PORT    -                      -    capture     r            8085                                                                                                                                                  
   ------------------------------------------------------------------------------------------------------------------------------------------------------------------------------------------------------------------------------------------------------


Path 284:
   Slack (not met):                         -6235ps
     Path type:                               SETUP
     Group:                              <UDEF_clk>
     Launching clock:                           clk (rising edge)
     Capturing clock:                           clk (rising edge)

     Requested period:                       2000ps
   + Delay of the capturing clock:           2273ps
   - Clock uncertainty:                       150ps
   = Required time:                          4123ps
   - Propagation time:                       8034ps (50.2% logic, 49.8% route, logic stage 3)
   - Delay of the launching clock:           2324ps
   = Slack:                                 -6235ps

   Instance/Pin or Net Name   Type         ID     Location or Fanout   Delay(ps)  Edge  Arrival Time(ps)    Instance detail                                                                                                         
   -----------------------------------------------------------------------------------------------------------------------------------------------------------------------------------------------------------------------------------
   clk                        CLOCK-PORT    -                      -     launch     r               0                                                                                                                               
   clk                        Clock net     2           (fanout=388)       2324                     -                                                                                                                               
   RBB_6/CLK                  RBB_6L        6   [TILE 0 0, RBB 1 24]          -     r            2324                                                                                                                               
   -----------------------------------------------------------------------------------------------------------------------------------------------------------------------------------------------------------------------------------
   RBB_6/CQ                   RBB_6L        6   [TILE 0 0, RBB 1 24]        800     r            3124     {inst15: por_FDRE_Q_1 (FDE,site=cff)}                                                                                     
   por[2]                     Net          26             (fanout=1)       1230                     -                                                                                                                               
   RBB_6/C1                   RBB_6L        6   [TILE 0 0, RBB 1 24]          -     r            4354                                                                                                                               
   RBB_6/DMUX                 RBB_6L        6   [TILE 0 0, RBB 1 24]       1637     r            5991     {inst12: por_CARRY4_S (CARRY4)}                                                                                           
   por_CARRY4_S_CO            Net          73             (fanout=1)       1113                     -                                                                                                                               
   RBB_8/D2                   RBB_6L        8  [TILE 0 0, RBB 10 26]          -     r            7104                                                                                                                               
   RBB_8/D                    RBB_6L        8  [TILE 0 0, RBB 10 26]        659     r            7763     {inst13: por_CARRY4_S_CO_INV_I (LUT,site=dlut)}                                                                           
   por_CARRY4_S_CO_INV_I_O    Net          31            (fanout=14)       1658                     -                                                                                                                               
   RBB_14/A6                  RBB_6L       14  [TILE 0 0, RBB 25 16]          -     r            9421     {<SR>inst30: spi_miso_FDCE_Q_D_LUT6_O_I0_FDCE_Q_D_LUT6_O_I0_FDCE_Q_D_LUT6_O_I0_FDCE_Q_D_LUT6_O_I0_FDCE_Q (FDCE,site=dff)} 
   -----------------------------------------------------------------------------------------------------------------------------------------------------------------------------------------------------------------------------------
   RBB_14/CLK                 RBB_6L       14  [TILE 0 0, RBB 25 16]        937     r           10358                                                                                                                               
   clk                        Clock net     2           (fanout=388)      -2273                     -                                                                                                                               
   clk                        CLOCK-PORT    -                      -    capture     r            8085                                                                                                                               
   -----------------------------------------------------------------------------------------------------------------------------------------------------------------------------------------------------------------------------------


Path 286:
   Slack (not met):                         -6118ps
     Path type:                               SETUP
     Group:                              <UDEF_clk>
     Launching clock:                           clk (rising edge)
     Capturing clock:                           clk (rising edge)

     Requested period:                       2000ps
   + Delay of the capturing clock:           2325ps
   - Clock uncertainty:                       150ps
   = Required time:                          4175ps
   - Propagation time:                       7969ps (50.4% logic, 49.6% route, logic stage 3)
   - Delay of the launching clock:           2324ps
   = Slack:                                 -6118ps

   Instance/Pin or Net Name   Type         ID     Location or Fanout   Delay(ps)  Edge  Arrival Time(ps)    Instance detail                                               
   -------------------------------------------------------------------------------------------------------------------------------------------------------------------------
   clk                        CLOCK-PORT    -                      -     launch     r               0                                                                     
   clk                        Clock net     2           (fanout=388)       2324                     -                                                                     
   RBB_6/CLK                  RBB_6L        6   [TILE 0 0, RBB 1 24]          -     r            2324                                                                     
   -------------------------------------------------------------------------------------------------------------------------------------------------------------------------
   RBB_6/CQ                   RBB_6L        6   [TILE 0 0, RBB 1 24]        800     r            3124     {inst15: por_FDRE_Q_1 (FDE,site=cff)}                           
   por[2]                     Net          26             (fanout=1)       1230                     -                                                                     
   RBB_6/C1                   RBB_6L        6   [TILE 0 0, RBB 1 24]          -     r            4354                                                                     
   RBB_6/DMUX                 RBB_6L        6   [TILE 0 0, RBB 1 24]       1637     r            5991     {inst12: por_CARRY4_S (CARRY4)}                                 
   por_CARRY4_S_CO            Net          73             (fanout=1)       1113                     -                                                                     
   RBB_8/D2                   RBB_6L        8  [TILE 0 0, RBB 10 26]          -     r            7104                                                                     
   RBB_8/D                    RBB_6L        8  [TILE 0 0, RBB 10 26]        659     r            7763     {inst13: por_CARRY4_S_CO_INV_I (LUT,site=dlut)}                 
   por_CARRY4_S_CO_INV_I_O    Net          31            (fanout=14)       1613                     -                                                                     
   RBB_11/A6                  RBB_6L       11  [TILE 0 0, RBB 22 18]          -     r            9376     {<SR>inst62: u_spi.r_ss_n_sync_LUT3_I1_O_FDCE_D (FDC,site=dff)} 
   -------------------------------------------------------------------------------------------------------------------------------------------------------------------------
   RBB_11/CLK                 RBB_6L       11  [TILE 0 0, RBB 22 18]        917     r           10293                                                                     
   clk                        Clock net     2           (fanout=388)      -2325                     -                                                                     
   clk                        CLOCK-PORT    -                      -    capture     r            7968                                                                     
   -------------------------------------------------------------------------------------------------------------------------------------------------------------------------


Path 351:
   Slack (not met):                         -6115ps
     Path type:                               SETUP
     Group:                              <UDEF_clk>
     Launching clock:                           clk (rising edge)
     Capturing clock:                           clk (rising edge)

     Requested period:                       2000ps
   + Delay of the capturing clock:           2295ps
   - Clock uncertainty:                       150ps
   = Required time:                          4145ps
   - Propagation time:                       7913ps (47.5% logic, 52.5% route, logic stage 3)
   - Delay of the launching clock:           2347ps
   = Slack:                                 -6115ps

   Instance/Pin or Net Name                                      Type         ID     Location or Fanout   Delay(ps)  Edge  Arrival Time(ps)    Instance detail                                                                                                                                                 
   --------------------------------------------------------------------------------------------------------------------------------------------------------------------------------------------------------------------------------------------------------------------------------------------------------------
   clk                                                           CLOCK-PORT    -                      -     launch     r               0                                                                                                                                                                       
   clk                                                           Clock net     2           (fanout=388)       2347                     -                                                                                                                                                                       
   RBB_10/CLK                                                    RBB_6L       10  [TILE 0 0, RBB 19 20]          -     r            2347                                                                                                                                                                       
   --------------------------------------------------------------------------------------------------------------------------------------------------------------------------------------------------------------------------------------------------------------------------------------------------------------
   RBB_10/DQ                                                     RBB_6L       10  [TILE 0 0, RBB 19 20]        800     r            3147     {inst45: spi_mosi_FDCE_D_Q_FDCE_Q (FDC,site=dff)}                                                                                                                 
   spi_mosi_FDCE_D_Q[1]                                          Net          33            (fanout=10)       1653                     -                                                                                                                                                                       
   RBB_7/B1                                                      RBB_6L        7  [TILE 0 0, RBB 25 20]          -     r            4800                                                                                                                                                                       
   RBB_7/BMUX                                                    RBB_6L        7  [TILE 0 0, RBB 25 20]       1234     r            6034     {inst47: spi_mosi_FDCE_D_Q_FDCE_Q_D_LUT4_O_I3_CARRY4_O (CARRY4)}                                                                                                  
   spi_mosi_FDCE_D_Q_FDCE_Q_D_LUT4_O_I3_CARRY4_O_CO_2[3]         Net          76             (fanout=2)       1144                     -                                                                                                                                                                       
   RBB_10/A1                                                     RBB_6L       10  [TILE 0 0, RBB 19 20]          -     r            7178                                                                                                                                                                       
   RBB_10/A                                                      RBB_6L       10  [TILE 0 0, RBB 19 20]        763     r            7941     {inst48: spi_mosi_FDCE_D_Q_FDCE_Q_D_LUT4_O_I3_CARRY4_O_CO_2_LUT4_I2 (LUT,site=alut)}                                                                              
   spi_mosi_FDCE_D_Q_FDCE_Q_D_LUT4_O_I3_CARRY4_O_CO_2_LUT4_I2_O  Net          54             (fanout=2)       1356                     -                                                                                                                                                                       
   RBB_8/A6                                                      RBB_6L        8  [TILE 0 0, RBB 10 26]          -     r            9297     {<CE>inst37: spi_miso_FDCE_Q_D_LUT6_O_I0_FDCE_Q_D_LUT6_O_I0_FDCE_Q_D_LUT6_O_I0_FDCE_Q_D_LUT6_O_I0_FDCE_Q_D_LUT6_O_I0_FDCE_Q_D_LUT6_O_I0_FDCE_Q_1 (FDCE,site=aff)} 
   --------------------------------------------------------------------------------------------------------------------------------------------------------------------------------------------------------------------------------------------------------------------------------------------------------------
   RBB_8/CLK                                                     RBB_6L        8  [TILE 0 0, RBB 10 26]        963     r           10260                                                                                                                                                                       
   clk                                                           Clock net     2           (fanout=388)      -2295                     -                                                                                                                                                                       
   clk                                                           CLOCK-PORT    -                      -    capture     r            7965                                                                                                                                                                       
   --------------------------------------------------------------------------------------------------------------------------------------------------------------------------------------------------------------------------------------------------------------------------------------------------------------


Path 350:
   Slack (not met):                         -6115ps
     Path type:                               SETUP
     Group:                              <UDEF_clk>
     Launching clock:                           clk (rising edge)
     Capturing clock:                           clk (rising edge)

     Requested period:                       2000ps
   + Delay of the capturing clock:           2295ps
   - Clock uncertainty:                       150ps
   = Required time:                          4145ps
   - Propagation time:                       7913ps (47.5% logic, 52.5% route, logic stage 3)
   - Delay of the launching clock:           2347ps
   = Slack:                                 -6115ps

   Instance/Pin or Net Name                                      Type         ID     Location or Fanout   Delay(ps)  Edge  Arrival Time(ps)    Instance detail                                                                                                                              
   -------------------------------------------------------------------------------------------------------------------------------------------------------------------------------------------------------------------------------------------------------------------------------------------
   clk                                                           CLOCK-PORT    -                      -     launch     r               0                                                                                                                                                    
   clk                                                           Clock net     2           (fanout=388)       2347                     -                                                                                                                                                    
   RBB_10/CLK                                                    RBB_6L       10  [TILE 0 0, RBB 19 20]          -     r            2347                                                                                                                                                    
   -------------------------------------------------------------------------------------------------------------------------------------------------------------------------------------------------------------------------------------------------------------------------------------------
   RBB_10/DQ                                                     RBB_6L       10  [TILE 0 0, RBB 19 20]        800     r            3147     {inst45: spi_mosi_FDCE_D_Q_FDCE_Q (FDC,site=dff)}                                                                                              
   spi_mosi_FDCE_D_Q[1]                                          Net          33            (fanout=10)       1653                     -                                                                                                                                                    
   RBB_7/B1                                                      RBB_6L        7  [TILE 0 0, RBB 25 20]          -     r            4800                                                                                                                                                    
   RBB_7/BMUX                                                    RBB_6L        7  [TILE 0 0, RBB 25 20]       1234     r            6034     {inst47: spi_mosi_FDCE_D_Q_FDCE_Q_D_LUT4_O_I3_CARRY4_O (CARRY4)}                                                                               
   spi_mosi_FDCE_D_Q_FDCE_Q_D_LUT4_O_I3_CARRY4_O_CO_2[3]         Net          76             (fanout=2)       1144                     -                                                                                                                                                    
   RBB_10/A1                                                     RBB_6L       10  [TILE 0 0, RBB 19 20]          -     r            7178                                                                                                                                                    
   RBB_10/A                                                      RBB_6L       10  [TILE 0 0, RBB 19 20]        763     r            7941     {inst48: spi_mosi_FDCE_D_Q_FDCE_Q_D_LUT4_O_I3_CARRY4_O_CO_2_LUT4_I2 (LUT,site=alut)}                                                           
   spi_mosi_FDCE_D_Q_FDCE_Q_D_LUT4_O_I3_CARRY4_O_CO_2_LUT4_I2_O  Net          54             (fanout=2)       1356                     -                                                                                                                                                    
   RBB_8/A6                                                      RBB_6L        8  [TILE 0 0, RBB 10 26]          -     r            9297     {<CE>inst34: spi_miso_FDCE_Q_D_LUT6_O_I0_FDCE_Q_D_LUT6_O_I0_FDCE_Q_D_LUT6_O_I0_FDCE_Q_D_LUT6_O_I0_FDCE_Q_D_LUT6_O_I0_FDCE_Q_1 (FDCE,site=bff)} 
   -------------------------------------------------------------------------------------------------------------------------------------------------------------------------------------------------------------------------------------------------------------------------------------------
   RBB_8/CLK                                                     RBB_6L        8  [TILE 0 0, RBB 10 26]        963     r           10260                                                                                                                                                    
   clk                                                           Clock net     2           (fanout=388)      -2295                     -                                                                                                                                                    
   clk                                                           CLOCK-PORT    -                      -    capture     r            7965                                                                                                                                                    
   -------------------------------------------------------------------------------------------------------------------------------------------------------------------------------------------------------------------------------------------------------------------------------------------


Path 352:
   Slack (not met):                         -6115ps
     Path type:                               SETUP
     Group:                              <UDEF_clk>
     Launching clock:                           clk (rising edge)
     Capturing clock:                           clk (rising edge)

     Requested period:                       2000ps
   + Delay of the capturing clock:           2295ps
   - Clock uncertainty:                       150ps
   = Required time:                          4145ps
   - Propagation time:                       7913ps (47.5% logic, 52.5% route, logic stage 3)
   - Delay of the launching clock:           2347ps
   = Slack:                                 -6115ps

   Instance/Pin or Net Name                                      Type         ID     Location or Fanout   Delay(ps)  Edge  Arrival Time(ps)    Instance detail                                                                                                            
   -------------------------------------------------------------------------------------------------------------------------------------------------------------------------------------------------------------------------------------------------------------------------
   clk                                                           CLOCK-PORT    -                      -     launch     r               0                                                                                                                                  
   clk                                                           Clock net     2           (fanout=388)       2347                     -                                                                                                                                  
   RBB_10/CLK                                                    RBB_6L       10  [TILE 0 0, RBB 19 20]          -     r            2347                                                                                                                                  
   -------------------------------------------------------------------------------------------------------------------------------------------------------------------------------------------------------------------------------------------------------------------------
   RBB_10/DQ                                                     RBB_6L       10  [TILE 0 0, RBB 19 20]        800     r            3147     {inst45: spi_mosi_FDCE_D_Q_FDCE_Q (FDC,site=dff)}                                                                            
   spi_mosi_FDCE_D_Q[1]                                          Net          33            (fanout=10)       1653                     -                                                                                                                                  
   RBB_7/B1                                                      RBB_6L        7  [TILE 0 0, RBB 25 20]          -     r            4800                                                                                                                                  
   RBB_7/BMUX                                                    RBB_6L        7  [TILE 0 0, RBB 25 20]       1234     r            6034     {inst47: spi_mosi_FDCE_D_Q_FDCE_Q_D_LUT4_O_I3_CARRY4_O (CARRY4)}                                                             
   spi_mosi_FDCE_D_Q_FDCE_Q_D_LUT4_O_I3_CARRY4_O_CO_2[3]         Net          76             (fanout=2)       1144                     -                                                                                                                                  
   RBB_10/A1                                                     RBB_6L       10  [TILE 0 0, RBB 19 20]          -     r            7178                                                                                                                                  
   RBB_10/A                                                      RBB_6L       10  [TILE 0 0, RBB 19 20]        763     r            7941     {inst48: spi_mosi_FDCE_D_Q_FDCE_Q_D_LUT4_O_I3_CARRY4_O_CO_2_LUT4_I2 (LUT,site=alut)}                                         
   spi_mosi_FDCE_D_Q_FDCE_Q_D_LUT4_O_I3_CARRY4_O_CO_2_LUT4_I2_O  Net          54             (fanout=2)       1356                     -                                                                                                                                  
   RBB_8/A6                                                      RBB_6L        8  [TILE 0 0, RBB 10 26]          -     r            9297     {<CE>inst31: spi_miso_FDCE_Q_D_LUT6_O_I0_FDCE_Q_D_LUT6_O_I0_FDCE_Q_D_LUT6_O_I0_FDCE_Q_D_LUT6_O_I0_FDCE_Q_1 (FDCE,site=cffo)} 
   -------------------------------------------------------------------------------------------------------------------------------------------------------------------------------------------------------------------------------------------------------------------------
   RBB_8/CLK                                                     RBB_6L        8  [TILE 0 0, RBB 10 26]        963     r           10260                                                                                                                                  
   clk                                                           Clock net     2           (fanout=388)      -2295                     -                                                                                                                                  
   clk                                                           CLOCK-PORT    -                      -    capture     r            7965                                                                                                                                  
   -------------------------------------------------------------------------------------------------------------------------------------------------------------------------------------------------------------------------------------------------------------------------


Path 353:
   Slack (not met):                         -6115ps
     Path type:                               SETUP
     Group:                              <UDEF_clk>
     Launching clock:                           clk (rising edge)
     Capturing clock:                           clk (rising edge)

     Requested period:                       2000ps
   + Delay of the capturing clock:           2295ps
   - Clock uncertainty:                       150ps
   = Required time:                          4145ps
   - Propagation time:                       7913ps (47.5% logic, 52.5% route, logic stage 3)
   - Delay of the launching clock:           2347ps
   = Slack:                                 -6115ps

   Instance/Pin or Net Name                                      Type         ID     Location or Fanout   Delay(ps)  Edge  Arrival Time(ps)    Instance detail                                                                     
   ----------------------------------------------------------------------------------------------------------------------------------------------------------------------------------------------------------------------------------
   clk                                                           CLOCK-PORT    -                      -     launch     r               0                                                                                           
   clk                                                           Clock net     2           (fanout=388)       2347                     -                                                                                           
   RBB_10/CLK                                                    RBB_6L       10  [TILE 0 0, RBB 19 20]          -     r            2347                                                                                           
   ----------------------------------------------------------------------------------------------------------------------------------------------------------------------------------------------------------------------------------
   RBB_10/DQ                                                     RBB_6L       10  [TILE 0 0, RBB 19 20]        800     r            3147     {inst45: spi_mosi_FDCE_D_Q_FDCE_Q (FDC,site=dff)}                                     
   spi_mosi_FDCE_D_Q[1]                                          Net          33            (fanout=10)       1653                     -                                                                                           
   RBB_7/B1                                                      RBB_6L        7  [TILE 0 0, RBB 25 20]          -     r            4800                                                                                           
   RBB_7/BMUX                                                    RBB_6L        7  [TILE 0 0, RBB 25 20]       1234     r            6034     {inst47: spi_mosi_FDCE_D_Q_FDCE_Q_D_LUT4_O_I3_CARRY4_O (CARRY4)}                      
   spi_mosi_FDCE_D_Q_FDCE_Q_D_LUT4_O_I3_CARRY4_O_CO_2[3]         Net          76             (fanout=2)       1144                     -                                                                                           
   RBB_10/A1                                                     RBB_6L       10  [TILE 0 0, RBB 19 20]          -     r            7178                                                                                           
   RBB_10/A                                                      RBB_6L       10  [TILE 0 0, RBB 19 20]        763     r            7941     {inst48: spi_mosi_FDCE_D_Q_FDCE_Q_D_LUT4_O_I3_CARRY4_O_CO_2_LUT4_I2 (LUT,site=alut)}  
   spi_mosi_FDCE_D_Q_FDCE_Q_D_LUT4_O_I3_CARRY4_O_CO_2_LUT4_I2_O  Net          54             (fanout=2)       1356                     -                                                                                           
   RBB_8/A6                                                      RBB_6L        8  [TILE 0 0, RBB 10 26]          -     r            9297     {<CE>inst25: spi_miso_FDCE_Q_D_LUT6_O_I0_FDCE_Q_D_LUT6_O_I0_FDCE_Q_1 (FDCE,site=cff)} 
   ----------------------------------------------------------------------------------------------------------------------------------------------------------------------------------------------------------------------------------
   RBB_8/CLK                                                     RBB_6L        8  [TILE 0 0, RBB 10 26]        963     r           10260                                                                                           
   clk                                                           Clock net     2           (fanout=388)      -2295                     -                                                                                           
   clk                                                           CLOCK-PORT    -                      -    capture     r            7965                                                                                           
   ----------------------------------------------------------------------------------------------------------------------------------------------------------------------------------------------------------------------------------


Path 349:
   Slack (not met):                         -6115ps
     Path type:                               SETUP
     Group:                              <UDEF_clk>
     Launching clock:                           clk (rising edge)
     Capturing clock:                           clk (rising edge)

     Requested period:                       2000ps
   + Delay of the capturing clock:           2295ps
   - Clock uncertainty:                       150ps
   = Required time:                          4145ps
   - Propagation time:                       7913ps (47.5% logic, 52.5% route, logic stage 3)
   - Delay of the launching clock:           2347ps
   = Slack:                                 -6115ps

   Instance/Pin or Net Name                                      Type         ID     Location or Fanout   Delay(ps)  Edge  Arrival Time(ps)    Instance detail                                                                    
   ---------------------------------------------------------------------------------------------------------------------------------------------------------------------------------------------------------------------------------
   clk                                                           CLOCK-PORT    -                      -     launch     r               0                                                                                          
   clk                                                           Clock net     2           (fanout=388)       2347                     -                                                                                          
   RBB_10/CLK                                                    RBB_6L       10  [TILE 0 0, RBB 19 20]          -     r            2347                                                                                          
   ---------------------------------------------------------------------------------------------------------------------------------------------------------------------------------------------------------------------------------
   RBB_10/DQ                                                     RBB_6L       10  [TILE 0 0, RBB 19 20]        800     r            3147     {inst45: spi_mosi_FDCE_D_Q_FDCE_Q (FDC,site=dff)}                                    
   spi_mosi_FDCE_D_Q[1]                                          Net          33            (fanout=10)       1653                     -                                                                                          
   RBB_7/B1                                                      RBB_6L        7  [TILE 0 0, RBB 25 20]          -     r            4800                                                                                          
   RBB_7/BMUX                                                    RBB_6L        7  [TILE 0 0, RBB 25 20]       1234     r            6034     {inst47: spi_mosi_FDCE_D_Q_FDCE_Q_D_LUT4_O_I3_CARRY4_O (CARRY4)}                     
   spi_mosi_FDCE_D_Q_FDCE_Q_D_LUT4_O_I3_CARRY4_O_CO_2[3]         Net          76             (fanout=2)       1144                     -                                                                                          
   RBB_10/A1                                                     RBB_6L       10  [TILE 0 0, RBB 19 20]          -     r            7178                                                                                          
   RBB_10/A                                                      RBB_6L       10  [TILE 0 0, RBB 19 20]        763     r            7941     {inst48: spi_mosi_FDCE_D_Q_FDCE_Q_D_LUT4_O_I3_CARRY4_O_CO_2_LUT4_I2 (LUT,site=alut)} 
   spi_mosi_FDCE_D_Q_FDCE_Q_D_LUT4_O_I3_CARRY4_O_CO_2_LUT4_I2_O  Net          54             (fanout=2)       1356                     -                                                                                          
   RBB_8/A6                                                      RBB_6L        8  [TILE 0 0, RBB 10 26]          -     r            9297     {<CE>inst22: spi_miso_FDCE_Q_D_LUT6_O_I0_FDCE_Q_1 (FDCE,site=dff)}                   
   ---------------------------------------------------------------------------------------------------------------------------------------------------------------------------------------------------------------------------------
   RBB_8/CLK                                                     RBB_6L        8  [TILE 0 0, RBB 10 26]        963     r           10260                                                                                          
   clk                                                           Clock net     2           (fanout=388)      -2295                     -                                                                                          
   clk                                                           CLOCK-PORT    -                      -    capture     r            7965                                                                                          
   ---------------------------------------------------------------------------------------------------------------------------------------------------------------------------------------------------------------------------------


Path 287:
   Slack (not met):                         -5946ps
     Path type:                               SETUP
     Group:                              <UDEF_clk>
     Launching clock:                           clk (rising edge)
     Capturing clock:                           clk (rising edge)

     Requested period:                       2000ps
   + Delay of the capturing clock:           2324ps
   - Clock uncertainty:                       150ps
   = Required time:                          4174ps
   - Propagation time:                       7796ps (53.2% logic, 46.8% route, logic stage 3)
   - Delay of the launching clock:           2324ps
   = Slack:                                 -5946ps

   Instance/Pin or Net Name   Type         ID     Location or Fanout   Delay(ps)  Edge  Arrival Time(ps)    Instance detail                               
   ---------------------------------------------------------------------------------------------------------------------------------------------------------
   clk                        CLOCK-PORT    -                      -     launch     r               0                                                     
   clk                        Clock net     2           (fanout=388)       2324                     -                                                     
   RBB_6/CLK                  RBB_6L        6   [TILE 0 0, RBB 1 24]          -     r            2324                                                     
   ---------------------------------------------------------------------------------------------------------------------------------------------------------
   RBB_6/CQ                   RBB_6L        6   [TILE 0 0, RBB 1 24]        800     r            3124     {inst15: por_FDRE_Q_1 (FDE,site=cff)}           
   por[2]                     Net          26             (fanout=1)       1230                     -                                                     
   RBB_6/C1                   RBB_6L        6   [TILE 0 0, RBB 1 24]          -     r            4354                                                     
   RBB_6/DMUX                 RBB_6L        6   [TILE 0 0, RBB 1 24]       1637     r            5991     {inst12: por_CARRY4_S (CARRY4)}                 
   por_CARRY4_S_CO            Net          73             (fanout=1)       1113                     -                                                     
   RBB_8/D2                   RBB_6L        8  [TILE 0 0, RBB 10 26]          -     r            7104                                                     
   RBB_8/D                    RBB_6L        8  [TILE 0 0, RBB 10 26]        659     r            7763     {inst13: por_CARRY4_S_CO_INV_I (LUT,site=dlut)} 
   por_CARRY4_S_CO_INV_I_O    Net          31            (fanout=14)       1309                     -                                                     
   RBB_6/A6                   RBB_6L        6   [TILE 0 0, RBB 1 24]          -     r            9072     {<CE>inst14: por_FDRE_Q (FDE,site=dff)}         
   ---------------------------------------------------------------------------------------------------------------------------------------------------------
   RBB_6/CLK                  RBB_6L        6   [TILE 0 0, RBB 1 24]       1048     r           10120                                                     
   clk                        Clock net     2           (fanout=388)      -2324                     -                                                     
   clk                        CLOCK-PORT    -                      -    capture     r            7796                                                     
   ---------------------------------------------------------------------------------------------------------------------------------------------------------


Path 288:
   Slack (not met):                         -5883ps
     Path type:                               SETUP
     Group:                              <UDEF_clk>
     Launching clock:                           clk (rising edge)
     Capturing clock:                           clk (rising edge)

     Requested period:                       2000ps
   + Delay of the capturing clock:           2324ps
   - Clock uncertainty:                       150ps
   = Required time:                          4174ps
   - Propagation time:                       7733ps (52.8% logic, 47.2% route, logic stage 3)
   - Delay of the launching clock:           2324ps
   = Slack:                                 -5883ps

   Instance/Pin or Net Name   Type         ID     Location or Fanout   Delay(ps)  Edge  Arrival Time(ps)    Instance detail                               
   ---------------------------------------------------------------------------------------------------------------------------------------------------------
   clk                        CLOCK-PORT    -                      -     launch     r               0                                                     
   clk                        Clock net     2           (fanout=388)       2324                     -                                                     
   RBB_6/CLK                  RBB_6L        6   [TILE 0 0, RBB 1 24]          -     r            2324                                                     
   ---------------------------------------------------------------------------------------------------------------------------------------------------------
   RBB_6/CQ                   RBB_6L        6   [TILE 0 0, RBB 1 24]        800     r            3124     {inst15: por_FDRE_Q_1 (FDE,site=cff)}           
   por[2]                     Net          26             (fanout=1)       1230                     -                                                     
   RBB_6/C1                   RBB_6L        6   [TILE 0 0, RBB 1 24]          -     r            4354                                                     
   RBB_6/DMUX                 RBB_6L        6   [TILE 0 0, RBB 1 24]       1637     r            5991     {inst12: por_CARRY4_S (CARRY4)}                 
   por_CARRY4_S_CO            Net          73             (fanout=1)       1113                     -                                                     
   RBB_8/D2                   RBB_6L        8  [TILE 0 0, RBB 10 26]          -     r            7104                                                     
   RBB_8/D                    RBB_6L        8  [TILE 0 0, RBB 10 26]        659     r            7763     {inst13: por_CARRY4_S_CO_INV_I (LUT,site=dlut)} 
   por_CARRY4_S_CO_INV_I_O    Net          31            (fanout=14)       1309                     -                                                     
   RBB_6/A6                   RBB_6L        6   [TILE 0 0, RBB 1 24]          -     r            9072     {<CE>inst15: por_FDRE_Q_1 (FDE,site=cff)}       
   ---------------------------------------------------------------------------------------------------------------------------------------------------------
   RBB_6/CLK                  RBB_6L        6   [TILE 0 0, RBB 1 24]        985     r           10057                                                     
   clk                        Clock net     2           (fanout=388)      -2324                     -                                                     
   clk                        CLOCK-PORT    -                      -    capture     r            7733                                                     
   ---------------------------------------------------------------------------------------------------------------------------------------------------------


Path 290:
   Slack (not met):                         -5829ps
     Path type:                               SETUP
     Group:                              <UDEF_clk>
     Launching clock:                           clk (rising edge)
     Capturing clock:                           clk (rising edge)

     Requested period:                       2000ps
   + Delay of the capturing clock:           2324ps
   - Clock uncertainty:                       150ps
   = Required time:                          4174ps
   - Propagation time:                       7679ps (52.8% logic, 47.2% route, logic stage 3)
   - Delay of the launching clock:           2324ps
   = Slack:                                 -5829ps

   Instance/Pin or Net Name   Type         ID     Location or Fanout   Delay(ps)  Edge  Arrival Time(ps)    Instance detail                                                      
   --------------------------------------------------------------------------------------------------------------------------------------------------------------------------------
   clk                        CLOCK-PORT    -                      -     launch     r               0                                                                            
   clk                        Clock net     2           (fanout=388)       2324                     -                                                                            
   RBB_6/CLK                  RBB_6L        6   [TILE 0 0, RBB 1 24]          -     r            2324                                                                            
   --------------------------------------------------------------------------------------------------------------------------------------------------------------------------------
   RBB_6/CQ                   RBB_6L        6   [TILE 0 0, RBB 1 24]        800     r            3124     {inst15: por_FDRE_Q_1 (FDE,site=cff)}                                  
   por[2]                     Net          26             (fanout=1)       1230                     -                                                                            
   RBB_6/C1                   RBB_6L        6   [TILE 0 0, RBB 1 24]          -     r            4354                                                                            
   RBB_6/DMUX                 RBB_6L        6   [TILE 0 0, RBB 1 24]       1637     r            5991     {inst12: por_CARRY4_S (CARRY4)}                                        
   por_CARRY4_S_CO            Net          73             (fanout=1)       1113                     -                                                                            
   RBB_8/D2                   RBB_6L        8  [TILE 0 0, RBB 10 26]          -     r            7104                                                                            
   RBB_8/D                    RBB_6L        8  [TILE 0 0, RBB 10 26]        659     r            7763     {inst13: por_CARRY4_S_CO_INV_I (LUT,site=dlut)}                        
   por_CARRY4_S_CO_INV_I_O    Net          31            (fanout=14)       1285                     -                                                                            
   RBB_0/SR                   IOB           0   [TILE 0 0, RBB 0 25]          -     r            9048     {inst11: led_FDRE_Q (FDRE)} {(output_port) inst74: g_74_led_obuf (IO)} 
   --------------------------------------------------------------------------------------------------------------------------------------------------------------------------------
   RBB_0/CLK                  IOB           0   [TILE 0 0, RBB 0 25]        955     r           10003                                                                            
   clk                        Clock net     2           (fanout=388)      -2324                     -                                                                            
   clk                        CLOCK-PORT    -                      -    capture     r            7679                                                                            
   --------------------------------------------------------------------------------------------------------------------------------------------------------------------------------


Path 289:
   Slack (not met):                         -5791ps
     Path type:                               SETUP
     Group:                              <UDEF_clk>
     Launching clock:                           clk (rising edge)
     Capturing clock:                           clk (rising edge)

     Requested period:                       2000ps
   + Delay of the capturing clock:           2324ps
   - Clock uncertainty:                       150ps
   = Required time:                          4174ps
   - Propagation time:                       7641ps (52.2% logic, 47.8% route, logic stage 3)
   - Delay of the launching clock:           2324ps
   = Slack:                                 -5791ps

   Instance/Pin or Net Name   Type         ID     Location or Fanout   Delay(ps)  Edge  Arrival Time(ps)    Instance detail                               
   ---------------------------------------------------------------------------------------------------------------------------------------------------------
   clk                        CLOCK-PORT    -                      -     launch     r               0                                                     
   clk                        Clock net     2           (fanout=388)       2324                     -                                                     
   RBB_6/CLK                  RBB_6L        6   [TILE 0 0, RBB 1 24]          -     r            2324                                                     
   ---------------------------------------------------------------------------------------------------------------------------------------------------------
   RBB_6/CQ                   RBB_6L        6   [TILE 0 0, RBB 1 24]        800     r            3124     {inst15: por_FDRE_Q_1 (FDE,site=cff)}           
   por[2]                     Net          26             (fanout=1)       1230                     -                                                     
   RBB_6/C1                   RBB_6L        6   [TILE 0 0, RBB 1 24]          -     r            4354                                                     
   RBB_6/DMUX                 RBB_6L        6   [TILE 0 0, RBB 1 24]       1637     r            5991     {inst12: por_CARRY4_S (CARRY4)}                 
   por_CARRY4_S_CO            Net          73             (fanout=1)       1113                     -                                                     
   RBB_8/D2                   RBB_6L        8  [TILE 0 0, RBB 10 26]          -     r            7104                                                     
   RBB_8/D                    RBB_6L        8  [TILE 0 0, RBB 10 26]        659     r            7763     {inst13: por_CARRY4_S_CO_INV_I (LUT,site=dlut)} 
   por_CARRY4_S_CO_INV_I_O    Net          31            (fanout=14)       1309                     -                                                     
   RBB_6/A6                   RBB_6L        6   [TILE 0 0, RBB 1 24]          -     r            9072     {<CE>inst16: por_FDRE_Q_2 (FDE,site=bff)}       
   ---------------------------------------------------------------------------------------------------------------------------------------------------------
   RBB_6/CLK                  RBB_6L        6   [TILE 0 0, RBB 1 24]        893     r            9965                                                     
   clk                        Clock net     2           (fanout=388)      -2324                     -                                                     
   clk                        CLOCK-PORT    -                      -    capture     r            7641                                                     
   ---------------------------------------------------------------------------------------------------------------------------------------------------------


Path 291:
   Slack (not met):                         -5791ps
     Path type:                               SETUP
     Group:                              <UDEF_clk>
     Launching clock:                           clk (rising edge)
     Capturing clock:                           clk (rising edge)

     Requested period:                       2000ps
   + Delay of the capturing clock:           2311ps
   - Clock uncertainty:                       150ps
   = Required time:                          4161ps
   - Propagation time:                       7628ps (51.7% logic, 48.3% route, logic stage 3)
   - Delay of the launching clock:           2324ps
   = Slack:                                 -5791ps

   Instance/Pin or Net Name   Type         ID     Location or Fanout   Delay(ps)  Edge  Arrival Time(ps)    Instance detail                                     
   ---------------------------------------------------------------------------------------------------------------------------------------------------------------
   clk                        CLOCK-PORT    -                      -     launch     r               0                                                           
   clk                        Clock net     2           (fanout=388)       2324                     -                                                           
   RBB_6/CLK                  RBB_6L        6   [TILE 0 0, RBB 1 24]          -     r            2324                                                           
   ---------------------------------------------------------------------------------------------------------------------------------------------------------------
   RBB_6/CQ                   RBB_6L        6   [TILE 0 0, RBB 1 24]        800     r            3124     {inst15: por_FDRE_Q_1 (FDE,site=cff)}                 
   por[2]                     Net          26             (fanout=1)       1230                     -                                                           
   RBB_6/C1                   RBB_6L        6   [TILE 0 0, RBB 1 24]          -     r            4354                                                           
   RBB_6/DMUX                 RBB_6L        6   [TILE 0 0, RBB 1 24]       1637     r            5991     {inst12: por_CARRY4_S (CARRY4)}                       
   por_CARRY4_S_CO            Net          73             (fanout=1)       1113                     -                                                           
   RBB_8/D2                   RBB_6L        8  [TILE 0 0, RBB 10 26]          -     r            7104                                                           
   RBB_8/D                    RBB_6L        8  [TILE 0 0, RBB 10 26]        659     r            7763     {inst13: por_CARRY4_S_CO_INV_I (LUT,site=dlut)}       
   por_CARRY4_S_CO_INV_I_O    Net          31            (fanout=14)       1345                     -                                                           
   RBB_15/B6                  RBB_6L       15   [TILE 0 0, RBB 4 22]          -     r            9108     {<SR>inst67: u_spi.rx_shift_FDCE_Q_4 (FDCE,site=bff)} 
   ---------------------------------------------------------------------------------------------------------------------------------------------------------------
   RBB_15/CLK                 RBB_6L       15   [TILE 0 0, RBB 4 22]        844     r            9952                                                           
   clk                        Clock net     2           (fanout=388)      -2311                     -                                                           
   clk                        CLOCK-PORT    -                      -    capture     r            7641                                                           
   ---------------------------------------------------------------------------------------------------------------------------------------------------------------


Path 295:
   Slack (not met):                         -5791ps
     Path type:                               SETUP
     Group:                              <UDEF_clk>
     Launching clock:                           clk (rising edge)
     Capturing clock:                           clk (rising edge)

     Requested period:                       2000ps
   + Delay of the capturing clock:           2311ps
   - Clock uncertainty:                       150ps
   = Required time:                          4161ps
   - Propagation time:                       7628ps (51.7% logic, 48.3% route, logic stage 3)
   - Delay of the launching clock:           2324ps
   = Slack:                                 -5791ps

   Instance/Pin or Net Name   Type         ID     Location or Fanout   Delay(ps)  Edge  Arrival Time(ps)    Instance detail                                      
   ----------------------------------------------------------------------------------------------------------------------------------------------------------------
   clk                        CLOCK-PORT    -                      -     launch     r               0                                                            
   clk                        Clock net     2           (fanout=388)       2324                     -                                                            
   RBB_6/CLK                  RBB_6L        6   [TILE 0 0, RBB 1 24]          -     r            2324                                                            
   ----------------------------------------------------------------------------------------------------------------------------------------------------------------
   RBB_6/CQ                   RBB_6L        6   [TILE 0 0, RBB 1 24]        800     r            3124     {inst15: por_FDRE_Q_1 (FDE,site=cff)}                  
   por[2]                     Net          26             (fanout=1)       1230                     -                                                            
   RBB_6/C1                   RBB_6L        6   [TILE 0 0, RBB 1 24]          -     r            4354                                                            
   RBB_6/DMUX                 RBB_6L        6   [TILE 0 0, RBB 1 24]       1637     r            5991     {inst12: por_CARRY4_S (CARRY4)}                        
   por_CARRY4_S_CO            Net          73             (fanout=1)       1113                     -                                                            
   RBB_8/D2                   RBB_6L        8  [TILE 0 0, RBB 10 26]          -     r            7104                                                            
   RBB_8/D                    RBB_6L        8  [TILE 0 0, RBB 10 26]        659     r            7763     {inst13: por_CARRY4_S_CO_INV_I (LUT,site=dlut)}        
   por_CARRY4_S_CO_INV_I_O    Net          31            (fanout=14)       1345                     -                                                            
   RBB_15/B6                  RBB_6L       15   [TILE 0 0, RBB 4 22]          -     r            9108     {<SR>inst65: u_spi.rx_shift_FDCE_Q_2 (FDCE,site=dffo)} 
   ----------------------------------------------------------------------------------------------------------------------------------------------------------------
   RBB_15/CLK                 RBB_6L       15   [TILE 0 0, RBB 4 22]        844     r            9952                                                            
   clk                        Clock net     2           (fanout=388)      -2311                     -                                                            
   clk                        CLOCK-PORT    -                      -    capture     r            7641                                                            
   ----------------------------------------------------------------------------------------------------------------------------------------------------------------


Path 296:
   Slack (not met):                         -5791ps
     Path type:                               SETUP
     Group:                              <UDEF_clk>
     Launching clock:                           clk (rising edge)
     Capturing clock:                           clk (rising edge)

     Requested period:                       2000ps
   + Delay of the capturing clock:           2311ps
   - Clock uncertainty:                       150ps
   = Required time:                          4161ps
   - Propagation time:                       7628ps (51.7% logic, 48.3% route, logic stage 3)
   - Delay of the launching clock:           2324ps
   = Slack:                                 -5791ps

   Instance/Pin or Net Name   Type         ID     Location or Fanout   Delay(ps)  Edge  Arrival Time(ps)    Instance detail                                     
   ---------------------------------------------------------------------------------------------------------------------------------------------------------------
   clk                        CLOCK-PORT    -                      -     launch     r               0                                                           
   clk                        Clock net     2           (fanout=388)       2324                     -                                                           
   RBB_6/CLK                  RBB_6L        6   [TILE 0 0, RBB 1 24]          -     r            2324                                                           
   ---------------------------------------------------------------------------------------------------------------------------------------------------------------
   RBB_6/CQ                   RBB_6L        6   [TILE 0 0, RBB 1 24]        800     r            3124     {inst15: por_FDRE_Q_1 (FDE,site=cff)}                 
   por[2]                     Net          26             (fanout=1)       1230                     -                                                           
   RBB_6/C1                   RBB_6L        6   [TILE 0 0, RBB 1 24]          -     r            4354                                                           
   RBB_6/DMUX                 RBB_6L        6   [TILE 0 0, RBB 1 24]       1637     r            5991     {inst12: por_CARRY4_S (CARRY4)}                       
   por_CARRY4_S_CO            Net          73             (fanout=1)       1113                     -                                                           
   RBB_8/D2                   RBB_6L        8  [TILE 0 0, RBB 10 26]          -     r            7104                                                           
   RBB_8/D                    RBB_6L        8  [TILE 0 0, RBB 10 26]        659     r            7763     {inst13: por_CARRY4_S_CO_INV_I (LUT,site=dlut)}       
   por_CARRY4_S_CO_INV_I_O    Net          31            (fanout=14)       1345                     -                                                           
   RBB_15/B6                  RBB_6L       15   [TILE 0 0, RBB 4 22]          -     r            9108     {<SR>inst64: u_spi.rx_shift_FDCE_Q_1 (FDCE,site=cff)} 
   ---------------------------------------------------------------------------------------------------------------------------------------------------------------
   RBB_15/CLK                 RBB_6L       15   [TILE 0 0, RBB 4 22]        844     r            9952                                                           
   clk                        Clock net     2           (fanout=388)      -2311                     -                                                           
   clk                        CLOCK-PORT    -                      -    capture     r            7641                                                           
   ---------------------------------------------------------------------------------------------------------------------------------------------------------------


Path 294:
   Slack (not met):                         -5791ps
     Path type:                               SETUP
     Group:                              <UDEF_clk>
     Launching clock:                           clk (rising edge)
     Capturing clock:                           clk (rising edge)

     Requested period:                       2000ps
   + Delay of the capturing clock:           2311ps
   - Clock uncertainty:                       150ps
   = Required time:                          4161ps
   - Propagation time:                       7628ps (51.7% logic, 48.3% route, logic stage 3)
   - Delay of the launching clock:           2324ps
   = Slack:                                 -5791ps

   Instance/Pin or Net Name   Type         ID     Location or Fanout   Delay(ps)  Edge  Arrival Time(ps)    Instance detail                                   
   -------------------------------------------------------------------------------------------------------------------------------------------------------------
   clk                        CLOCK-PORT    -                      -     launch     r               0                                                         
   clk                        Clock net     2           (fanout=388)       2324                     -                                                         
   RBB_6/CLK                  RBB_6L        6   [TILE 0 0, RBB 1 24]          -     r            2324                                                         
   -------------------------------------------------------------------------------------------------------------------------------------------------------------
   RBB_6/CQ                   RBB_6L        6   [TILE 0 0, RBB 1 24]        800     r            3124     {inst15: por_FDRE_Q_1 (FDE,site=cff)}               
   por[2]                     Net          26             (fanout=1)       1230                     -                                                         
   RBB_6/C1                   RBB_6L        6   [TILE 0 0, RBB 1 24]          -     r            4354                                                         
   RBB_6/DMUX                 RBB_6L        6   [TILE 0 0, RBB 1 24]       1637     r            5991     {inst12: por_CARRY4_S (CARRY4)}                     
   por_CARRY4_S_CO            Net          73             (fanout=1)       1113                     -                                                         
   RBB_8/D2                   RBB_6L        8  [TILE 0 0, RBB 10 26]          -     r            7104                                                         
   RBB_8/D                    RBB_6L        8  [TILE 0 0, RBB 10 26]        659     r            7763     {inst13: por_CARRY4_S_CO_INV_I (LUT,site=dlut)}     
   por_CARRY4_S_CO_INV_I_O    Net          31            (fanout=14)       1345                     -                                                         
   RBB_15/B6                  RBB_6L       15   [TILE 0 0, RBB 4 22]          -     r            9108     {<SR>inst63: u_spi.rx_shift_FDCE_Q (FDCE,site=dff)} 
   -------------------------------------------------------------------------------------------------------------------------------------------------------------
   RBB_15/CLK                 RBB_6L       15   [TILE 0 0, RBB 4 22]        844     r            9952                                                         
   clk                        Clock net     2           (fanout=388)      -2311                     -                                                         
   clk                        CLOCK-PORT    -                      -    capture     r            7641                                                         
   -------------------------------------------------------------------------------------------------------------------------------------------------------------


Path 292:
   Slack (not met):                         -5791ps
     Path type:                               SETUP
     Group:                              <UDEF_clk>
     Launching clock:                           clk (rising edge)
     Capturing clock:                           clk (rising edge)

     Requested period:                       2000ps
   + Delay of the capturing clock:           2311ps
   - Clock uncertainty:                       150ps
   = Required time:                          4161ps
   - Propagation time:                       7628ps (51.7% logic, 48.3% route, logic stage 3)
   - Delay of the launching clock:           2324ps
   = Slack:                                 -5791ps

   Instance/Pin or Net Name   Type         ID     Location or Fanout   Delay(ps)  Edge  Arrival Time(ps)    Instance detail                                     
   ---------------------------------------------------------------------------------------------------------------------------------------------------------------
   clk                        CLOCK-PORT    -                      -     launch     r               0                                                           
   clk                        Clock net     2           (fanout=388)       2324                     -                                                           
   RBB_6/CLK                  RBB_6L        6   [TILE 0 0, RBB 1 24]          -     r            2324                                                           
   ---------------------------------------------------------------------------------------------------------------------------------------------------------------
   RBB_6/CQ                   RBB_6L        6   [TILE 0 0, RBB 1 24]        800     r            3124     {inst15: por_FDRE_Q_1 (FDE,site=cff)}                 
   por[2]                     Net          26             (fanout=1)       1230                     -                                                           
   RBB_6/C1                   RBB_6L        6   [TILE 0 0, RBB 1 24]          -     r            4354                                                           
   RBB_6/DMUX                 RBB_6L        6   [TILE 0 0, RBB 1 24]       1637     r            5991     {inst12: por_CARRY4_S (CARRY4)}                       
   por_CARRY4_S_CO            Net          73             (fanout=1)       1113                     -                                                           
   RBB_8/D2                   RBB_6L        8  [TILE 0 0, RBB 10 26]          -     r            7104                                                           
   RBB_8/D                    RBB_6L        8  [TILE 0 0, RBB 10 26]        659     r            7763     {inst13: por_CARRY4_S_CO_INV_I (LUT,site=dlut)}       
   por_CARRY4_S_CO_INV_I_O    Net          31            (fanout=14)       1345                     -                                                           
   RBB_15/B6                  RBB_6L       15   [TILE 0 0, RBB 4 22]          -     r            9108     {<SR>inst68: u_spi.rx_shift_FDCE_Q_5 (FDCE,site=aff)} 
   ---------------------------------------------------------------------------------------------------------------------------------------------------------------
   RBB_15/CLK                 RBB_6L       15   [TILE 0 0, RBB 4 22]        844     r            9952                                                           
   clk                        Clock net     2           (fanout=388)      -2311                     -                                                           
   clk                        CLOCK-PORT    -                      -    capture     r            7641                                                           
   ---------------------------------------------------------------------------------------------------------------------------------------------------------------


Path 293:
   Slack (not met):                         -5791ps
     Path type:                               SETUP
     Group:                              <UDEF_clk>
     Launching clock:                           clk (rising edge)
     Capturing clock:                           clk (rising edge)

     Requested period:                       2000ps
   + Delay of the capturing clock:           2311ps
   - Clock uncertainty:                       150ps
   = Required time:                          4161ps
   - Propagation time:                       7628ps (51.7% logic, 48.3% route, logic stage 3)
   - Delay of the launching clock:           2324ps
   = Slack:                                 -5791ps

   Instance/Pin or Net Name   Type         ID     Location or Fanout   Delay(ps)  Edge  Arrival Time(ps)    Instance detail                                      
   ----------------------------------------------------------------------------------------------------------------------------------------------------------------
   clk                        CLOCK-PORT    -                      -     launch     r               0                                                            
   clk                        Clock net     2           (fanout=388)       2324                     -                                                            
   RBB_6/CLK                  RBB_6L        6   [TILE 0 0, RBB 1 24]          -     r            2324                                                            
   ----------------------------------------------------------------------------------------------------------------------------------------------------------------
   RBB_6/CQ                   RBB_6L        6   [TILE 0 0, RBB 1 24]        800     r            3124     {inst15: por_FDRE_Q_1 (FDE,site=cff)}                  
   por[2]                     Net          26             (fanout=1)       1230                     -                                                            
   RBB_6/C1                   RBB_6L        6   [TILE 0 0, RBB 1 24]          -     r            4354                                                            
   RBB_6/DMUX                 RBB_6L        6   [TILE 0 0, RBB 1 24]       1637     r            5991     {inst12: por_CARRY4_S (CARRY4)}                        
   por_CARRY4_S_CO            Net          73             (fanout=1)       1113                     -                                                            
   RBB_8/D2                   RBB_6L        8  [TILE 0 0, RBB 10 26]          -     r            7104                                                            
   RBB_8/D                    RBB_6L        8  [TILE 0 0, RBB 10 26]        659     r            7763     {inst13: por_CARRY4_S_CO_INV_I (LUT,site=dlut)}        
   por_CARRY4_S_CO_INV_I_O    Net          31            (fanout=14)       1345                     -                                                            
   RBB_15/B6                  RBB_6L       15   [TILE 0 0, RBB 4 22]          -     r            9108     {<SR>inst66: u_spi.rx_shift_FDCE_Q_3 (FDCE,site=cffo)} 
   ----------------------------------------------------------------------------------------------------------------------------------------------------------------
   RBB_15/CLK                 RBB_6L       15   [TILE 0 0, RBB 4 22]        844     r            9952                                                            
   clk                        Clock net     2           (fanout=388)      -2311                     -                                                            
   clk                        CLOCK-PORT    -                      -    capture     r            7641                                                            
   ----------------------------------------------------------------------------------------------------------------------------------------------------------------


Path 297:
   Slack (not met):                         -5770ps
     Path type:                               SETUP
     Group:                              <UDEF_clk>
     Launching clock:                           clk (rising edge)
     Capturing clock:                           clk (rising edge)

     Requested period:                       2000ps
   + Delay of the capturing clock:           2347ps
   - Clock uncertainty:                       150ps
   = Required time:                          4197ps
   - Propagation time:                       7643ps (52.8% logic, 47.2% route, logic stage 3)
   - Delay of the launching clock:           2324ps
   = Slack:                                 -5770ps

   Instance/Pin or Net Name   Type         ID     Location or Fanout   Delay(ps)  Edge  Arrival Time(ps)    Instance detail                                                                               
   ---------------------------------------------------------------------------------------------------------------------------------------------------------------------------------------------------------
   clk                        CLOCK-PORT    -                      -     launch     r               0                                                                                                     
   clk                        Clock net     2           (fanout=388)       2324                     -                                                                                                     
   RBB_6/CLK                  RBB_6L        6   [TILE 0 0, RBB 1 24]          -     r            2324                                                                                                     
   ---------------------------------------------------------------------------------------------------------------------------------------------------------------------------------------------------------
   RBB_6/CQ                   RBB_6L        6   [TILE 0 0, RBB 1 24]        800     r            3124     {inst15: por_FDRE_Q_1 (FDE,site=cff)}                                                           
   por[2]                     Net          26             (fanout=1)       1230                     -                                                                                                     
   RBB_6/C1                   RBB_6L        6   [TILE 0 0, RBB 1 24]          -     r            4354                                                                                                     
   RBB_6/DMUX                 RBB_6L        6   [TILE 0 0, RBB 1 24]       1637     r            5991     {inst12: por_CARRY4_S (CARRY4)}                                                                 
   por_CARRY4_S_CO            Net          73             (fanout=1)       1113                     -                                                                                                     
   RBB_8/D2                   RBB_6L        8  [TILE 0 0, RBB 10 26]          -     r            7104                                                                                                     
   RBB_8/D                    RBB_6L        8  [TILE 0 0, RBB 10 26]        659     r            7763     {inst13: por_CARRY4_S_CO_INV_I (LUT,site=dlut)}                                                 
   por_CARRY4_S_CO_INV_I_O    Net          31            (fanout=14)       1267                     -                                                                                                     
   RBB_10/A6                  RBB_6L       10  [TILE 0 0, RBB 19 20]          -     r            9030     {<SR>inst52: spi_mosi_FDCE_D_Q_FDCE_Q_D_LUT4_O_I3_CARRY4_O_O_1_LUT4_I3_O_FDCE_D (FDC,site=bff)} 
   ---------------------------------------------------------------------------------------------------------------------------------------------------------------------------------------------------------
   RBB_10/CLK                 RBB_6L       10  [TILE 0 0, RBB 19 20]        937     r            9967                                                                                                     
   clk                        Clock net     2           (fanout=388)      -2347                     -                                                                                                     
   clk                        CLOCK-PORT    -                      -    capture     r            7620                                                                                                     
   ---------------------------------------------------------------------------------------------------------------------------------------------------------------------------------------------------------


Path 299:
   Slack (not met):                         -5770ps
     Path type:                               SETUP
     Group:                              <UDEF_clk>
     Launching clock:                           clk (rising edge)
     Capturing clock:                           clk (rising edge)

     Requested period:                       2000ps
   + Delay of the capturing clock:           2347ps
   - Clock uncertainty:                       150ps
   = Required time:                          4197ps
   - Propagation time:                       7643ps (52.8% logic, 47.2% route, logic stage 3)
   - Delay of the launching clock:           2324ps
   = Slack:                                 -5770ps

   Instance/Pin or Net Name   Type         ID     Location or Fanout   Delay(ps)  Edge  Arrival Time(ps)    Instance detail                                     
   ---------------------------------------------------------------------------------------------------------------------------------------------------------------
   clk                        CLOCK-PORT    -                      -     launch     r               0                                                           
   clk                        Clock net     2           (fanout=388)       2324                     -                                                           
   RBB_6/CLK                  RBB_6L        6   [TILE 0 0, RBB 1 24]          -     r            2324                                                           
   ---------------------------------------------------------------------------------------------------------------------------------------------------------------
   RBB_6/CQ                   RBB_6L        6   [TILE 0 0, RBB 1 24]        800     r            3124     {inst15: por_FDRE_Q_1 (FDE,site=cff)}                 
   por[2]                     Net          26             (fanout=1)       1230                     -                                                           
   RBB_6/C1                   RBB_6L        6   [TILE 0 0, RBB 1 24]          -     r            4354                                                           
   RBB_6/DMUX                 RBB_6L        6   [TILE 0 0, RBB 1 24]       1637     r            5991     {inst12: por_CARRY4_S (CARRY4)}                       
   por_CARRY4_S_CO            Net          73             (fanout=1)       1113                     -                                                           
   RBB_8/D2                   RBB_6L        8  [TILE 0 0, RBB 10 26]          -     r            7104                                                           
   RBB_8/D                    RBB_6L        8  [TILE 0 0, RBB 10 26]        659     r            7763     {inst13: por_CARRY4_S_CO_INV_I (LUT,site=dlut)}       
   por_CARRY4_S_CO_INV_I_O    Net          31            (fanout=14)       1267                     -                                                           
   RBB_10/A6                  RBB_6L       10  [TILE 0 0, RBB 19 20]          -     r            9030     {<SR>inst45: spi_mosi_FDCE_D_Q_FDCE_Q (FDC,site=dff)} 
   ---------------------------------------------------------------------------------------------------------------------------------------------------------------
   RBB_10/CLK                 RBB_6L       10  [TILE 0 0, RBB 19 20]        937     r            9967                                                           
   clk                        Clock net     2           (fanout=388)      -2347                     -                                                           
   clk                        CLOCK-PORT    -                      -    capture     r            7620                                                           
   ---------------------------------------------------------------------------------------------------------------------------------------------------------------


Path 300:
   Slack (not met):                         -5770ps
     Path type:                               SETUP
     Group:                              <UDEF_clk>
     Launching clock:                           clk (rising edge)
     Capturing clock:                           clk (rising edge)

     Requested period:                       2000ps
   + Delay of the capturing clock:           2347ps
   - Clock uncertainty:                       150ps
   = Required time:                          4197ps
   - Propagation time:                       7643ps (52.8% logic, 47.2% route, logic stage 3)
   - Delay of the launching clock:           2324ps
   = Slack:                                 -5770ps

   Instance/Pin or Net Name   Type         ID     Location or Fanout   Delay(ps)  Edge  Arrival Time(ps)    Instance detail                                         
   -------------------------------------------------------------------------------------------------------------------------------------------------------------------
   clk                        CLOCK-PORT    -                      -     launch     r               0                                                               
   clk                        Clock net     2           (fanout=388)       2324                     -                                                               
   RBB_6/CLK                  RBB_6L        6   [TILE 0 0, RBB 1 24]          -     r            2324                                                               
   -------------------------------------------------------------------------------------------------------------------------------------------------------------------
   RBB_6/CQ                   RBB_6L        6   [TILE 0 0, RBB 1 24]        800     r            3124     {inst15: por_FDRE_Q_1 (FDE,site=cff)}                     
   por[2]                     Net          26             (fanout=1)       1230                     -                                                               
   RBB_6/C1                   RBB_6L        6   [TILE 0 0, RBB 1 24]          -     r            4354                                                               
   RBB_6/DMUX                 RBB_6L        6   [TILE 0 0, RBB 1 24]       1637     r            5991     {inst12: por_CARRY4_S (CARRY4)}                           
   por_CARRY4_S_CO            Net          73             (fanout=1)       1113                     -                                                               
   RBB_8/D2                   RBB_6L        8  [TILE 0 0, RBB 10 26]          -     r            7104                                                               
   RBB_8/D                    RBB_6L        8  [TILE 0 0, RBB 10 26]        659     r            7763     {inst13: por_CARRY4_S_CO_INV_I (LUT,site=dlut)}           
   por_CARRY4_S_CO_INV_I_O    Net          31            (fanout=14)       1267                     -                                                               
   RBB_10/A6                  RBB_6L       10  [TILE 0 0, RBB 19 20]          -     r            9030     {<SR>inst56: u_spi.o_rx_data_valid_FDCE_Q (FDC,site=aff)} 
   -------------------------------------------------------------------------------------------------------------------------------------------------------------------
   RBB_10/CLK                 RBB_6L       10  [TILE 0 0, RBB 19 20]        937     r            9967                                                               
   clk                        Clock net     2           (fanout=388)      -2347                     -                                                               
   clk                        CLOCK-PORT    -                      -    capture     r            7620                                                               
   -------------------------------------------------------------------------------------------------------------------------------------------------------------------


Path 298:
   Slack (not met):                         -5770ps
     Path type:                               SETUP
     Group:                              <UDEF_clk>
     Launching clock:                           clk (rising edge)
     Capturing clock:                           clk (rising edge)

     Requested period:                       2000ps
   + Delay of the capturing clock:           2347ps
   - Clock uncertainty:                       150ps
   = Required time:                          4197ps
   - Propagation time:                       7643ps (52.8% logic, 47.2% route, logic stage 3)
   - Delay of the launching clock:           2324ps
   = Slack:                                 -5770ps

   Instance/Pin or Net Name   Type         ID     Location or Fanout   Delay(ps)  Edge  Arrival Time(ps)    Instance detail                                                                                
   ----------------------------------------------------------------------------------------------------------------------------------------------------------------------------------------------------------
   clk                        CLOCK-PORT    -                      -     launch     r               0                                                                                                      
   clk                        Clock net     2           (fanout=388)       2324                     -                                                                                                      
   RBB_6/CLK                  RBB_6L        6   [TILE 0 0, RBB 1 24]          -     r            2324                                                                                                      
   ----------------------------------------------------------------------------------------------------------------------------------------------------------------------------------------------------------
   RBB_6/CQ                   RBB_6L        6   [TILE 0 0, RBB 1 24]        800     r            3124     {inst15: por_FDRE_Q_1 (FDE,site=cff)}                                                            
   por[2]                     Net          26             (fanout=1)       1230                     -                                                                                                      
   RBB_6/C1                   RBB_6L        6   [TILE 0 0, RBB 1 24]          -     r            4354                                                                                                      
   RBB_6/DMUX                 RBB_6L        6   [TILE 0 0, RBB 1 24]       1637     r            5991     {inst12: por_CARRY4_S (CARRY4)}                                                                  
   por_CARRY4_S_CO            Net          73             (fanout=1)       1113                     -                                                                                                      
   RBB_8/D2                   RBB_6L        8  [TILE 0 0, RBB 10 26]          -     r            7104                                                                                                      
   RBB_8/D                    RBB_6L        8  [TILE 0 0, RBB 10 26]        659     r            7763     {inst13: por_CARRY4_S_CO_INV_I (LUT,site=dlut)}                                                  
   por_CARRY4_S_CO_INV_I_O    Net          31            (fanout=14)       1267                     -                                                                                                      
   RBB_10/A6                  RBB_6L       10  [TILE 0 0, RBB 19 20]          -     r            9030     {<SR>inst50: spi_mosi_FDCE_D_Q_FDCE_Q_D_LUT4_O_I3_CARRY4_O_CO_2_LUT5_I4_O_FDCE_D (FDC,site=cff)} 
   ----------------------------------------------------------------------------------------------------------------------------------------------------------------------------------------------------------
   RBB_10/CLK                 RBB_6L       10  [TILE 0 0, RBB 19 20]        937     r            9967                                                                                                      
   clk                        Clock net     2           (fanout=388)      -2347                     -                                                                                                      
   clk                        CLOCK-PORT    -                      -    capture     r            7620                                                                                                      
   ----------------------------------------------------------------------------------------------------------------------------------------------------------------------------------------------------------


Path 303:
   Slack (not met):                         -5699ps
     Path type:                               SETUP
     Group:                              <UDEF_clk>
     Launching clock:                           clk (rising edge)
     Capturing clock:                           clk (rising edge)

     Requested period:                       2000ps
   + Delay of the capturing clock:           2347ps
   - Clock uncertainty:                       150ps
   = Required time:                          4197ps
   - Propagation time:                       7572ps (52.3% logic, 47.7% route, logic stage 3)
   - Delay of the launching clock:           2324ps
   = Slack:                                 -5699ps

   Instance/Pin or Net Name   Type         ID     Location or Fanout   Delay(ps)  Edge  Arrival Time(ps)    Instance detail                                               
   -------------------------------------------------------------------------------------------------------------------------------------------------------------------------
   clk                        CLOCK-PORT    -                      -     launch     r               0                                                                     
   clk                        Clock net     2           (fanout=388)       2324                     -                                                                     
   RBB_6/CLK                  RBB_6L        6   [TILE 0 0, RBB 1 24]          -     r            2324                                                                     
   -------------------------------------------------------------------------------------------------------------------------------------------------------------------------
   RBB_6/CQ                   RBB_6L        6   [TILE 0 0, RBB 1 24]        800     r            3124     {inst15: por_FDRE_Q_1 (FDE,site=cff)}                           
   por[2]                     Net          26             (fanout=1)       1230                     -                                                                     
   RBB_6/C1                   RBB_6L        6   [TILE 0 0, RBB 1 24]          -     r            4354                                                                     
   RBB_6/DMUX                 RBB_6L        6   [TILE 0 0, RBB 1 24]       1637     r            5991     {inst12: por_CARRY4_S (CARRY4)}                                 
   por_CARRY4_S_CO            Net          73             (fanout=1)       1113                     -                                                                     
   RBB_8/D2                   RBB_6L        8  [TILE 0 0, RBB 10 26]          -     r            7104                                                                     
   RBB_8/D                    RBB_6L        8  [TILE 0 0, RBB 10 26]        659     r            7763     {inst13: por_CARRY4_S_CO_INV_I (LUT,site=dlut)}                 
   por_CARRY4_S_CO_INV_I_O    Net          31            (fanout=14)       1267                     -                                                                     
   RBB_10/A6                  RBB_6L       10  [TILE 0 0, RBB 19 20]          -     r            9030     {<SR>inst71: u_spi.w_sck_edge_LUT2_O_I0_FDCE_Q (FDC,site=affo)} 
   -------------------------------------------------------------------------------------------------------------------------------------------------------------------------
   RBB_10/CLK                 RBB_6L       10  [TILE 0 0, RBB 19 20]        866     r            9896                                                                     
   clk                        Clock net     2           (fanout=388)      -2347                     -                                                                     
   clk                        CLOCK-PORT    -                      -    capture     r            7549                                                                     
   -------------------------------------------------------------------------------------------------------------------------------------------------------------------------


Path 305:
   Slack (not met):                         -5699ps
     Path type:                               SETUP
     Group:                              <UDEF_clk>
     Launching clock:                           clk (rising edge)
     Capturing clock:                           clk (rising edge)

     Requested period:                       2000ps
   + Delay of the capturing clock:           2347ps
   - Clock uncertainty:                       150ps
   = Required time:                          4197ps
   - Propagation time:                       7572ps (52.3% logic, 47.7% route, logic stage 3)
   - Delay of the launching clock:           2324ps
   = Slack:                                 -5699ps

   Instance/Pin or Net Name   Type         ID     Location or Fanout   Delay(ps)  Edge  Arrival Time(ps)    Instance detail                                      
   ----------------------------------------------------------------------------------------------------------------------------------------------------------------
   clk                        CLOCK-PORT    -                      -     launch     r               0                                                            
   clk                        Clock net     2           (fanout=388)       2324                     -                                                            
   RBB_6/CLK                  RBB_6L        6   [TILE 0 0, RBB 1 24]          -     r            2324                                                            
   ----------------------------------------------------------------------------------------------------------------------------------------------------------------
   RBB_6/CQ                   RBB_6L        6   [TILE 0 0, RBB 1 24]        800     r            3124     {inst15: por_FDRE_Q_1 (FDE,site=cff)}                  
   por[2]                     Net          26             (fanout=1)       1230                     -                                                            
   RBB_6/C1                   RBB_6L        6   [TILE 0 0, RBB 1 24]          -     r            4354                                                            
   RBB_6/DMUX                 RBB_6L        6   [TILE 0 0, RBB 1 24]       1637     r            5991     {inst12: por_CARRY4_S (CARRY4)}                        
   por_CARRY4_S_CO            Net          73             (fanout=1)       1113                     -                                                            
   RBB_8/D2                   RBB_6L        8  [TILE 0 0, RBB 10 26]          -     r            7104                                                            
   RBB_8/D                    RBB_6L        8  [TILE 0 0, RBB 10 26]        659     r            7763     {inst13: por_CARRY4_S_CO_INV_I (LUT,site=dlut)}        
   por_CARRY4_S_CO_INV_I_O    Net          31            (fanout=14)       1267                     -                                                            
   RBB_10/A6                  RBB_6L       10  [TILE 0 0, RBB 19 20]          -     r            9030     {<SR>inst59: u_spi.r_ss_n_sync_FDPE_Q (FDP,site=bffo)} 
   ----------------------------------------------------------------------------------------------------------------------------------------------------------------
   RBB_10/CLK                 RBB_6L       10  [TILE 0 0, RBB 19 20]        866     r            9896                                                            
   clk                        Clock net     2           (fanout=388)      -2347                     -                                                            
   clk                        CLOCK-PORT    -                      -    capture     r            7549                                                            
   ----------------------------------------------------------------------------------------------------------------------------------------------------------------


Path 302:
   Slack (not met):                         -5699ps
     Path type:                               SETUP
     Group:                              <UDEF_clk>
     Launching clock:                           clk (rising edge)
     Capturing clock:                           clk (rising edge)

     Requested period:                       2000ps
   + Delay of the capturing clock:           2347ps
   - Clock uncertainty:                       150ps
   = Required time:                          4197ps
   - Propagation time:                       7572ps (52.3% logic, 47.7% route, logic stage 3)
   - Delay of the launching clock:           2324ps
   = Slack:                                 -5699ps

   Instance/Pin or Net Name   Type         ID     Location or Fanout   Delay(ps)  Edge  Arrival Time(ps)    Instance detail                                     
   ---------------------------------------------------------------------------------------------------------------------------------------------------------------
   clk                        CLOCK-PORT    -                      -     launch     r               0                                                           
   clk                        Clock net     2           (fanout=388)       2324                     -                                                           
   RBB_6/CLK                  RBB_6L        6   [TILE 0 0, RBB 1 24]          -     r            2324                                                           
   ---------------------------------------------------------------------------------------------------------------------------------------------------------------
   RBB_6/CQ                   RBB_6L        6   [TILE 0 0, RBB 1 24]        800     r            3124     {inst15: por_FDRE_Q_1 (FDE,site=cff)}                 
   por[2]                     Net          26             (fanout=1)       1230                     -                                                           
   RBB_6/C1                   RBB_6L        6   [TILE 0 0, RBB 1 24]          -     r            4354                                                           
   RBB_6/DMUX                 RBB_6L        6   [TILE 0 0, RBB 1 24]       1637     r            5991     {inst12: por_CARRY4_S (CARRY4)}                       
   por_CARRY4_S_CO            Net          73             (fanout=1)       1113                     -                                                           
   RBB_8/D2                   RBB_6L        8  [TILE 0 0, RBB 10 26]          -     r            7104                                                           
   RBB_8/D                    RBB_6L        8  [TILE 0 0, RBB 10 26]        659     r            7763     {inst13: por_CARRY4_S_CO_INV_I (LUT,site=dlut)}       
   por_CARRY4_S_CO_INV_I_O    Net          31            (fanout=14)       1267                     -                                                           
   RBB_10/A6                  RBB_6L       10  [TILE 0 0, RBB 19 20]          -     r            9030     {<SR>inst57: u_spi.r_sck_sync_FDCE_Q (FDC,site=cffo)} 
   ---------------------------------------------------------------------------------------------------------------------------------------------------------------
   RBB_10/CLK                 RBB_6L       10  [TILE 0 0, RBB 19 20]        866     r            9896                                                           
   clk                        Clock net     2           (fanout=388)      -2347                     -                                                           
   clk                        CLOCK-PORT    -                      -    capture     r            7549                                                           
   ---------------------------------------------------------------------------------------------------------------------------------------------------------------


Path 304:
   Slack (not met):                         -5699ps
     Path type:                               SETUP
     Group:                              <UDEF_clk>
     Launching clock:                           clk (rising edge)
     Capturing clock:                           clk (rising edge)

     Requested period:                       2000ps
   + Delay of the capturing clock:           2347ps
   - Clock uncertainty:                       150ps
   = Required time:                          4197ps
   - Propagation time:                       7572ps (52.3% logic, 47.7% route, logic stage 3)
   - Delay of the launching clock:           2324ps
   = Slack:                                 -5699ps

   Instance/Pin or Net Name   Type         ID     Location or Fanout   Delay(ps)  Edge  Arrival Time(ps)    Instance detail                                        
   ------------------------------------------------------------------------------------------------------------------------------------------------------------------
   clk                        CLOCK-PORT    -                      -     launch     r               0                                                              
   clk                        Clock net     2           (fanout=388)       2324                     -                                                              
   RBB_6/CLK                  RBB_6L        6   [TILE 0 0, RBB 1 24]          -     r            2324                                                              
   ------------------------------------------------------------------------------------------------------------------------------------------------------------------
   RBB_6/CQ                   RBB_6L        6   [TILE 0 0, RBB 1 24]        800     r            3124     {inst15: por_FDRE_Q_1 (FDE,site=cff)}                    
   por[2]                     Net          26             (fanout=1)       1230                     -                                                              
   RBB_6/C1                   RBB_6L        6   [TILE 0 0, RBB 1 24]          -     r            4354                                                              
   RBB_6/DMUX                 RBB_6L        6   [TILE 0 0, RBB 1 24]       1637     r            5991     {inst12: por_CARRY4_S (CARRY4)}                          
   por_CARRY4_S_CO            Net          73             (fanout=1)       1113                     -                                                              
   RBB_8/D2                   RBB_6L        8  [TILE 0 0, RBB 10 26]          -     r            7104                                                              
   RBB_8/D                    RBB_6L        8  [TILE 0 0, RBB 10 26]        659     r            7763     {inst13: por_CARRY4_S_CO_INV_I (LUT,site=dlut)}          
   por_CARRY4_S_CO_INV_I_O    Net          31            (fanout=14)       1267                     -                                                              
   RBB_10/A6                  RBB_6L       10  [TILE 0 0, RBB 19 20]          -     r            9030     {<SR>inst43: spi_miso_en_INV_O_I_FDPE_Q (FDP,site=dffo)} 
   ------------------------------------------------------------------------------------------------------------------------------------------------------------------
   RBB_10/CLK                 RBB_6L       10  [TILE 0 0, RBB 19 20]        866     r            9896                                                              
   clk                        Clock net     2           (fanout=388)      -2347                     -                                                              
   clk                        CLOCK-PORT    -                      -    capture     r            7549                                                              
   ------------------------------------------------------------------------------------------------------------------------------------------------------------------


Path 308:
   Slack (not met):                         -5628ps
     Path type:                               SETUP
     Group:                              <UDEF_clk>
     Launching clock:                           clk (rising edge)
     Capturing clock:                           clk (rising edge)

     Requested period:                       2000ps
   + Delay of the capturing clock:           2302ps
   - Clock uncertainty:                       150ps
   = Required time:                          4152ps
   - Propagation time:                       7456ps (54.1% logic, 45.9% route, logic stage 3)
   - Delay of the launching clock:           2324ps
   = Slack:                                 -5628ps

   Instance/Pin or Net Name   Type         ID     Location or Fanout   Delay(ps)  Edge  Arrival Time(ps)    Instance detail                                                                                      
   ----------------------------------------------------------------------------------------------------------------------------------------------------------------------------------------------------------------
   clk                        CLOCK-PORT    -                      -     launch     r               0                                                                                                            
   clk                        Clock net     2           (fanout=388)       2324                     -                                                                                                            
   RBB_6/CLK                  RBB_6L        6   [TILE 0 0, RBB 1 24]          -     r            2324                                                                                                            
   ----------------------------------------------------------------------------------------------------------------------------------------------------------------------------------------------------------------
   RBB_6/CQ                   RBB_6L        6   [TILE 0 0, RBB 1 24]        800     r            3124     {inst15: por_FDRE_Q_1 (FDE,site=cff)}                                                                  
   por[2]                     Net          26             (fanout=1)       1230                     -                                                                                                            
   RBB_6/C1                   RBB_6L        6   [TILE 0 0, RBB 1 24]          -     r            4354                                                                                                            
   RBB_6/DMUX                 RBB_6L        6   [TILE 0 0, RBB 1 24]       1637     r            5991     {inst12: por_CARRY4_S (CARRY4)}                                                                        
   por_CARRY4_S_CO            Net          73             (fanout=1)       1113                     -                                                                                                            
   RBB_8/D2                   RBB_6L        8  [TILE 0 0, RBB 10 26]          -     r            7104                                                                                                            
   RBB_8/D                    RBB_6L        8  [TILE 0 0, RBB 10 26]        659     r            7763     {inst13: por_CARRY4_S_CO_INV_I (LUT,site=dlut)}                                                        
   por_CARRY4_S_CO_INV_I_O    Net          31            (fanout=14)       1080                     -                                                                                                            
   RBB_13/A6                  RBB_6L       13   [TILE 0 0, RBB 7 26]          -     r            8843     {<SR>inst27: spi_miso_FDCE_Q_D_LUT6_O_I0_FDCE_Q_D_LUT6_O_I0_FDCE_Q_D_LUT6_O_I0_FDCE_Q (FDCE,site=bff)} 
   ----------------------------------------------------------------------------------------------------------------------------------------------------------------------------------------------------------------
   RBB_13/CLK                 RBB_6L       13   [TILE 0 0, RBB 7 26]        937     r            9780                                                                                                            
   clk                        Clock net     2           (fanout=388)      -2302                     -                                                                                                            
   clk                        CLOCK-PORT    -                      -    capture     r            7478                                                                                                            
   ----------------------------------------------------------------------------------------------------------------------------------------------------------------------------------------------------------------


Path 307:
   Slack (not met):                         -5628ps
     Path type:                               SETUP
     Group:                              <UDEF_clk>
     Launching clock:                           clk (rising edge)
     Capturing clock:                           clk (rising edge)

     Requested period:                       2000ps
   + Delay of the capturing clock:           2302ps
   - Clock uncertainty:                       150ps
   = Required time:                          4152ps
   - Propagation time:                       7456ps (54.1% logic, 45.9% route, logic stage 3)
   - Delay of the launching clock:           2324ps
   = Slack:                                 -5628ps

   Instance/Pin or Net Name   Type         ID     Location or Fanout   Delay(ps)  Edge  Arrival Time(ps)    Instance detail                                                                   
   ---------------------------------------------------------------------------------------------------------------------------------------------------------------------------------------------
   clk                        CLOCK-PORT    -                      -     launch     r               0                                                                                         
   clk                        Clock net     2           (fanout=388)       2324                     -                                                                                         
   RBB_6/CLK                  RBB_6L        6   [TILE 0 0, RBB 1 24]          -     r            2324                                                                                         
   ---------------------------------------------------------------------------------------------------------------------------------------------------------------------------------------------
   RBB_6/CQ                   RBB_6L        6   [TILE 0 0, RBB 1 24]        800     r            3124     {inst15: por_FDRE_Q_1 (FDE,site=cff)}                                               
   por[2]                     Net          26             (fanout=1)       1230                     -                                                                                         
   RBB_6/C1                   RBB_6L        6   [TILE 0 0, RBB 1 24]          -     r            4354                                                                                         
   RBB_6/DMUX                 RBB_6L        6   [TILE 0 0, RBB 1 24]       1637     r            5991     {inst12: por_CARRY4_S (CARRY4)}                                                     
   por_CARRY4_S_CO            Net          73             (fanout=1)       1113                     -                                                                                         
   RBB_8/D2                   RBB_6L        8  [TILE 0 0, RBB 10 26]          -     r            7104                                                                                         
   RBB_8/D                    RBB_6L        8  [TILE 0 0, RBB 10 26]        659     r            7763     {inst13: por_CARRY4_S_CO_INV_I (LUT,site=dlut)}                                     
   por_CARRY4_S_CO_INV_I_O    Net          31            (fanout=14)       1080                     -                                                                                         
   RBB_13/A6                  RBB_6L       13   [TILE 0 0, RBB 7 26]          -     r            8843     {<SR>inst24: spi_miso_FDCE_Q_D_LUT6_O_I0_FDCE_Q_D_LUT6_O_I0_FDCE_Q (FDCE,site=cff)} 
   ---------------------------------------------------------------------------------------------------------------------------------------------------------------------------------------------
   RBB_13/CLK                 RBB_6L       13   [TILE 0 0, RBB 7 26]        937     r            9780                                                                                         
   clk                        Clock net     2           (fanout=388)      -2302                     -                                                                                         
   clk                        CLOCK-PORT    -                      -    capture     r            7478                                                                                         
   ---------------------------------------------------------------------------------------------------------------------------------------------------------------------------------------------


Path 306:
   Slack (not met):                         -5628ps
     Path type:                               SETUP
     Group:                              <UDEF_clk>
     Launching clock:                           clk (rising edge)
     Capturing clock:                           clk (rising edge)

     Requested period:                       2000ps
   + Delay of the capturing clock:           2302ps
   - Clock uncertainty:                       150ps
   = Required time:                          4152ps
   - Propagation time:                       7456ps (54.1% logic, 45.9% route, logic stage 3)
   - Delay of the launching clock:           2324ps
   = Slack:                                 -5628ps

   Instance/Pin or Net Name   Type         ID     Location or Fanout   Delay(ps)  Edge  Arrival Time(ps)    Instance detail                                                                                                                                                                  
   --------------------------------------------------------------------------------------------------------------------------------------------------------------------------------------------------------------------------------------------------------------------------------------------
   clk                        CLOCK-PORT    -                      -     launch     r               0                                                                                                                                                                                        
   clk                        Clock net     2           (fanout=388)       2324                     -                                                                                                                                                                                        
   RBB_6/CLK                  RBB_6L        6   [TILE 0 0, RBB 1 24]          -     r            2324                                                                                                                                                                                        
   --------------------------------------------------------------------------------------------------------------------------------------------------------------------------------------------------------------------------------------------------------------------------------------------
   RBB_6/CQ                   RBB_6L        6   [TILE 0 0, RBB 1 24]        800     r            3124     {inst15: por_FDRE_Q_1 (FDE,site=cff)}                                                                                                                                              
   por[2]                     Net          26             (fanout=1)       1230                     -                                                                                                                                                                                        
   RBB_6/C1                   RBB_6L        6   [TILE 0 0, RBB 1 24]          -     r            4354                                                                                                                                                                                        
   RBB_6/DMUX                 RBB_6L        6   [TILE 0 0, RBB 1 24]       1637     r            5991     {inst12: por_CARRY4_S (CARRY4)}                                                                                                                                                    
   por_CARRY4_S_CO            Net          73             (fanout=1)       1113                     -                                                                                                                                                                                        
   RBB_8/D2                   RBB_6L        8  [TILE 0 0, RBB 10 26]          -     r            7104                                                                                                                                                                                        
   RBB_8/D                    RBB_6L        8  [TILE 0 0, RBB 10 26]        659     r            7763     {inst13: por_CARRY4_S_CO_INV_I (LUT,site=dlut)}                                                                                                                                    
   por_CARRY4_S_CO_INV_I_O    Net          31            (fanout=14)       1080                     -                                                                                                                                                                                        
   RBB_13/A6                  RBB_6L       13   [TILE 0 0, RBB 7 26]          -     r            8843     {<SR>inst39: spi_miso_FDCE_Q_D_LUT6_O_I0_FDCE_Q_D_LUT6_O_I0_FDCE_Q_D_LUT6_O_I0_FDCE_Q_D_LUT6_O_I0_FDCE_Q_D_LUT6_O_I0_FDCE_Q_D_LUT6_O_I0_FDCE_Q_D_LUT6_O_I0_FDCE_Q (FDCE,site=aff)} 
   --------------------------------------------------------------------------------------------------------------------------------------------------------------------------------------------------------------------------------------------------------------------------------------------
   RBB_13/CLK                 RBB_6L       13   [TILE 0 0, RBB 7 26]        937     r            9780                                                                                                                                                                                        
   clk                        Clock net     2           (fanout=388)      -2302                     -                                                                                                                                                                                        
   clk                        CLOCK-PORT    -                      -    capture     r            7478                                                                                                                                                                                        
   --------------------------------------------------------------------------------------------------------------------------------------------------------------------------------------------------------------------------------------------------------------------------------------------


Path 309:
   Slack (not met):                         -5628ps
     Path type:                               SETUP
     Group:                              <UDEF_clk>
     Launching clock:                           clk (rising edge)
     Capturing clock:                           clk (rising edge)

     Requested period:                       2000ps
   + Delay of the capturing clock:           2302ps
   - Clock uncertainty:                       150ps
   = Required time:                          4152ps
   - Propagation time:                       7456ps (54.1% logic, 45.9% route, logic stage 3)
   - Delay of the launching clock:           2324ps
   = Slack:                                 -5628ps

   Instance/Pin or Net Name   Type         ID     Location or Fanout   Delay(ps)  Edge  Arrival Time(ps)    Instance detail                                                
   --------------------------------------------------------------------------------------------------------------------------------------------------------------------------
   clk                        CLOCK-PORT    -                      -     launch     r               0                                                                      
   clk                        Clock net     2           (fanout=388)       2324                     -                                                                      
   RBB_6/CLK                  RBB_6L        6   [TILE 0 0, RBB 1 24]          -     r            2324                                                                      
   --------------------------------------------------------------------------------------------------------------------------------------------------------------------------
   RBB_6/CQ                   RBB_6L        6   [TILE 0 0, RBB 1 24]        800     r            3124     {inst15: por_FDRE_Q_1 (FDE,site=cff)}                            
   por[2]                     Net          26             (fanout=1)       1230                     -                                                                      
   RBB_6/C1                   RBB_6L        6   [TILE 0 0, RBB 1 24]          -     r            4354                                                                      
   RBB_6/DMUX                 RBB_6L        6   [TILE 0 0, RBB 1 24]       1637     r            5991     {inst12: por_CARRY4_S (CARRY4)}                                  
   por_CARRY4_S_CO            Net          73             (fanout=1)       1113                     -                                                                      
   RBB_8/D2                   RBB_6L        8  [TILE 0 0, RBB 10 26]          -     r            7104                                                                      
   RBB_8/D                    RBB_6L        8  [TILE 0 0, RBB 10 26]        659     r            7763     {inst13: por_CARRY4_S_CO_INV_I (LUT,site=dlut)}                  
   por_CARRY4_S_CO_INV_I_O    Net          31            (fanout=14)       1080                     -                                                                      
   RBB_13/A6                  RBB_6L       13   [TILE 0 0, RBB 7 26]          -     r            8843     {<SR>inst21: spi_miso_FDCE_Q_D_LUT6_O_I0_FDCE_Q (FDCE,site=dff)} 
   --------------------------------------------------------------------------------------------------------------------------------------------------------------------------
   RBB_13/CLK                 RBB_6L       13   [TILE 0 0, RBB 7 26]        937     r            9780                                                                      
   clk                        Clock net     2           (fanout=388)      -2302                     -                                                                      
   clk                        CLOCK-PORT    -                      -    capture     r            7478                                                                      
   --------------------------------------------------------------------------------------------------------------------------------------------------------------------------


Path 301:
   Slack (not met):                         -5625ps
     Path type:                               SETUP
     Group:                              <UDEF_clk>
     Launching clock:                           clk (rising edge)
     Capturing clock:                           clk (rising edge)

     Requested period:                       2000ps
   + Delay of the capturing clock:           2321ps
   - Clock uncertainty:                       150ps
   = Required time:                          4171ps
   - Propagation time:                       7472ps (51.3% logic, 48.7% route, logic stage 3)
   - Delay of the launching clock:           2324ps
   = Slack:                                 -5625ps

   Instance/Pin or Net Name   Type         ID     Location or Fanout   Delay(ps)  Edge  Arrival Time(ps)    Instance detail                               
   ---------------------------------------------------------------------------------------------------------------------------------------------------------
   clk                        CLOCK-PORT    -                      -     launch     r               0                                                     
   clk                        Clock net     2           (fanout=388)       2324                     -                                                     
   RBB_6/CLK                  RBB_6L        6   [TILE 0 0, RBB 1 24]          -     r            2324                                                     
   ---------------------------------------------------------------------------------------------------------------------------------------------------------
   RBB_6/CQ                   RBB_6L        6   [TILE 0 0, RBB 1 24]        800     r            3124     {inst15: por_FDRE_Q_1 (FDE,site=cff)}           
   por[2]                     Net          26             (fanout=1)       1230                     -                                                     
   RBB_6/C1                   RBB_6L        6   [TILE 0 0, RBB 1 24]          -     r            4354                                                     
   RBB_6/DMUX                 RBB_6L        6   [TILE 0 0, RBB 1 24]       1637     r            5991     {inst12: por_CARRY4_S (CARRY4)}                 
   por_CARRY4_S_CO            Net          73             (fanout=1)       1113                     -                                                     
   RBB_8/D2                   RBB_6L        8  [TILE 0 0, RBB 10 26]          -     r            7104                                                     
   RBB_8/D                    RBB_6L        8  [TILE 0 0, RBB 10 26]        659     r            7763     {inst13: por_CARRY4_S_CO_INV_I (LUT,site=dlut)} 
   por_CARRY4_S_CO_INV_I_O    Net          31            (fanout=14)       1294                     -                                                     
   RBB_12/A6                  RBB_6L       12   [TILE 0 0, RBB 1 26]          -     r            9057     {<CE>inst17: por_FDRE_Q_3 (FDE,site=dff)}       
   ---------------------------------------------------------------------------------------------------------------------------------------------------------
   RBB_12/CLK                 RBB_6L       12   [TILE 0 0, RBB 1 26]        739     r            9796                                                     
   clk                        Clock net     2           (fanout=388)      -2321                     -                                                     
   clk                        CLOCK-PORT    -                      -    capture     r            7475                                                     
   ---------------------------------------------------------------------------------------------------------------------------------------------------------


Path 354:
   Slack (not met):                         -5621ps
     Path type:                               SETUP
     Group:                              <UDEF_clk>
     Launching clock:                           clk (rising edge)
     Capturing clock:                           clk (rising edge)

     Requested period:                       2000ps
   + Delay of the capturing clock:           2295ps
   - Clock uncertainty:                       150ps
   = Required time:                          4145ps
   - Propagation time:                       7419ps (44.0% logic, 56.0% route, logic stage 3)
   - Delay of the launching clock:           2347ps
   = Slack:                                 -5621ps

   Instance/Pin or Net Name                                      Type         ID     Location or Fanout   Delay(ps)  Edge  Arrival Time(ps)    Instance detail                                                                                         
   ------------------------------------------------------------------------------------------------------------------------------------------------------------------------------------------------------------------------------------------------------
   clk                                                           CLOCK-PORT    -                      -     launch     r               0                                                                                                               
   clk                                                           Clock net     2           (fanout=388)       2347                     -                                                                                                               
   RBB_10/CLK                                                    RBB_6L       10  [TILE 0 0, RBB 19 20]          -     r            2347                                                                                                               
   ------------------------------------------------------------------------------------------------------------------------------------------------------------------------------------------------------------------------------------------------------
   RBB_10/DQ                                                     RBB_6L       10  [TILE 0 0, RBB 19 20]        800     r            3147     {inst45: spi_mosi_FDCE_D_Q_FDCE_Q (FDC,site=dff)}                                                         
   spi_mosi_FDCE_D_Q[1]                                          Net          33            (fanout=10)       1653                     -                                                                                                               
   RBB_7/B1                                                      RBB_6L        7  [TILE 0 0, RBB 25 20]          -     r            4800                                                                                                               
   RBB_7/BMUX                                                    RBB_6L        7  [TILE 0 0, RBB 25 20]       1234     r            6034     {inst47: spi_mosi_FDCE_D_Q_FDCE_Q_D_LUT4_O_I3_CARRY4_O (CARRY4)}                                          
   spi_mosi_FDCE_D_Q_FDCE_Q_D_LUT4_O_I3_CARRY4_O_CO_2[3]         Net          76             (fanout=2)       1144                     -                                                                                                               
   RBB_10/A1                                                     RBB_6L       10  [TILE 0 0, RBB 19 20]          -     r            7178                                                                                                               
   RBB_10/A                                                      RBB_6L       10  [TILE 0 0, RBB 19 20]        763     r            7941     {inst48: spi_mosi_FDCE_D_Q_FDCE_Q_D_LUT4_O_I3_CARRY4_O_CO_2_LUT4_I2 (LUT,site=alut)}                      
   spi_mosi_FDCE_D_Q_FDCE_Q_D_LUT4_O_I3_CARRY4_O_CO_2_LUT4_I2_O  Net          54             (fanout=2)       1356                     -                                                                                                               
   RBB_8/A6                                                      RBB_6L        8  [TILE 0 0, RBB 10 26]          -     r            9297     {<CE>inst28: spi_miso_FDCE_Q_D_LUT6_O_I0_FDCE_Q_D_LUT6_O_I0_FDCE_Q_D_LUT6_O_I0_FDCE_Q_1 (FDCE,site=dffo)} 
   ------------------------------------------------------------------------------------------------------------------------------------------------------------------------------------------------------------------------------------------------------
   RBB_8/CLK                                                     RBB_6L        8  [TILE 0 0, RBB 10 26]        469     r            9766                                                                                                               
   clk                                                           Clock net     2           (fanout=388)      -2295                     -                                                                                                               
   clk                                                           CLOCK-PORT    -                      -    capture     r            7471                                                                                                               
   ------------------------------------------------------------------------------------------------------------------------------------------------------------------------------------------------------------------------------------------------------


Path 141:
   Slack (not met):                         -5518ps
     Path type:                               SETUP
     Group:                              <UDEF_clk>
     Launching clock:                           clk (rising edge)
     Capturing clock:                           clk (rising edge)

     Requested period:                       2000ps
   + Delay of the capturing clock:           2328ps
   - Clock uncertainty:                       150ps
   = Required time:                          4178ps
   - Propagation time:                       7349ps (41.6% logic, 58.4% route, logic stage 3)
   - Delay of the launching clock:           2347ps
   = Slack:                                 -5518ps

   Instance/Pin or Net Name                                                 Type         ID     Location or Fanout   Delay(ps)  Edge  Arrival Time(ps)    Instance detail                                                                           
   ---------------------------------------------------------------------------------------------------------------------------------------------------------------------------------------------------------------------------------------------------
   clk                                                                      CLOCK-PORT    -                      -     launch     r               0                                                                                                 
   clk                                                                      Clock net     2           (fanout=388)       2347                     -                                                                                                 
   RBB_10/CLK                                                               RBB_6L       10  [TILE 0 0, RBB 19 20]          -     r            2347                                                                                                 
   ---------------------------------------------------------------------------------------------------------------------------------------------------------------------------------------------------------------------------------------------------
   RBB_10/BQ                                                                RBB_6L       10  [TILE 0 0, RBB 19 20]        800     r            3147     {inst52: spi_mosi_FDCE_D_Q_FDCE_Q_D_LUT4_O_I3_CARRY4_O_O_1_LUT4_I3_O_FDCE_D (FDC,site=bff)} 
   spi_mosi_FDCE_D_Q_FDCE_Q_D_LUT4_O_I3_CARRY4_O_O_1_LUT4_I3_O_FDCE_D_Q[0]  Net          51             (fanout=5)       2211                     -                                                                                                 
   RBB_14/A3                                                                RBB_6L       14  [TILE 0 0, RBB 25 16]          -     r            5358                                                                                                 
   RBB_14/AMUX                                                              RBB_6L       14  [TILE 0 0, RBB 25 16]        813     r            6171     {inst54: spi_mosi_FDCE_D_Q_LUT2_O (LUT,site=aluto)}                                         
   spi_mosi_FDCE_D_Q[3]                                                     Net          34             (fanout=8)       1190                     -                                                                                                 
   RBB_17/D5                                                                RBB_6L       17  [TILE 0 0, RBB 25 10]          -     r            7361                                                                                                 
   RBB_17/D                                                                 RBB_6L       17  [TILE 0 0, RBB 25 10]        623     r            7984     {inst20: spi_miso_FDCE_Q_D_LUT6_O (LUT,site=dlut,dluto)}                                    
   spi_miso_FDCE_Q_D                                                        Net          60             (fanout=1)        892                     -                                                                                                 
   RBB_1/O[0]                                                               IOB           1   [TILE 0 0, RBB 31 8]          -     r            8876     {inst19: spi_miso_FDCE_Q (FDCE)} {(output_port) inst76: g_76_spi_miso_obuf (IO)}            
   ---------------------------------------------------------------------------------------------------------------------------------------------------------------------------------------------------------------------------------------------------
   RBB_1/CLK                                                                IOB           1   [TILE 0 0, RBB 31 8]        820     r            9696                                                                                                 
   clk                                                                      Clock net     2           (fanout=388)      -2328                     -                                                                                                 
   clk                                                                      CLOCK-PORT    -                      -    capture     r            7368                                                                                                 
   ---------------------------------------------------------------------------------------------------------------------------------------------------------------------------------------------------------------------------------------------------


Path 356:
   Slack (not met):                         -5429ps
     Path type:                               SETUP
     Group:                              <UDEF_clk>
     Launching clock:                           clk (rising edge)
     Capturing clock:                           clk (rising edge)

     Requested period:                       2000ps
   + Delay of the capturing clock:           2347ps
   - Clock uncertainty:                       150ps
   = Required time:                          4197ps
   - Propagation time:                       7279ps (50.5% logic, 49.5% route, logic stage 3)
   - Delay of the launching clock:           2347ps
   = Slack:                                 -5429ps

   Instance/Pin or Net Name                                      Type         ID     Location or Fanout   Delay(ps)  Edge  Arrival Time(ps)    Instance detail                                                                    
   ---------------------------------------------------------------------------------------------------------------------------------------------------------------------------------------------------------------------------------
   clk                                                           CLOCK-PORT    -                      -     launch     r               0                                                                                          
   clk                                                           Clock net     2           (fanout=388)       2347                     -                                                                                          
   RBB_10/CLK                                                    RBB_6L       10  [TILE 0 0, RBB 19 20]          -     r            2347                                                                                          
   ---------------------------------------------------------------------------------------------------------------------------------------------------------------------------------------------------------------------------------
   RBB_10/DQ                                                     RBB_6L       10  [TILE 0 0, RBB 19 20]        800     r            3147     {inst45: spi_mosi_FDCE_D_Q_FDCE_Q (FDC,site=dff)}                                    
   spi_mosi_FDCE_D_Q[1]                                          Net          33            (fanout=10)       1653                     -                                                                                          
   RBB_7/B1                                                      RBB_6L        7  [TILE 0 0, RBB 25 20]          -     r            4800                                                                                          
   RBB_7/BMUX                                                    RBB_6L        7  [TILE 0 0, RBB 25 20]       1234     r            6034     {inst47: spi_mosi_FDCE_D_Q_FDCE_Q_D_LUT4_O_I3_CARRY4_O (CARRY4)}                     
   spi_mosi_FDCE_D_Q_FDCE_Q_D_LUT4_O_I3_CARRY4_O_CO_2[3]         Net          76             (fanout=2)       1144                     -                                                                                          
   RBB_10/A1                                                     RBB_6L       10  [TILE 0 0, RBB 19 20]          -     r            7178                                                                                          
   RBB_10/A                                                      RBB_6L       10  [TILE 0 0, RBB 19 20]        763     r            7941     {inst48: spi_mosi_FDCE_D_Q_FDCE_Q_D_LUT4_O_I3_CARRY4_O_CO_2_LUT4_I2 (LUT,site=alut)} 
   spi_mosi_FDCE_D_Q_FDCE_Q_D_LUT4_O_I3_CARRY4_O_CO_2_LUT4_I2_O  Net          54             (fanout=2)        809                     -                                                                                          
   RBB_9/A6                                                      RBB_6L        9  [TILE 0 0, RBB 19 22]          -     r            8750     {<CE>inst44: spi_mosi_FDCE_D (FDCE,site=cff)}                                        
   ---------------------------------------------------------------------------------------------------------------------------------------------------------------------------------------------------------------------------------
   RBB_9/CLK                                                     RBB_6L        9  [TILE 0 0, RBB 19 22]        876     r            9626                                                                                          
   clk                                                           Clock net     2           (fanout=388)      -2347                     -                                                                                          
   clk                                                           CLOCK-PORT    -                      -    capture     r            7279                                                                                          
   ---------------------------------------------------------------------------------------------------------------------------------------------------------------------------------------------------------------------------------


Path 355:
   Slack (not met):                         -5429ps
     Path type:                               SETUP
     Group:                              <UDEF_clk>
     Launching clock:                           clk (rising edge)
     Capturing clock:                           clk (rising edge)

     Requested period:                       2000ps
   + Delay of the capturing clock:           2347ps
   - Clock uncertainty:                       150ps
   = Required time:                          4197ps
   - Propagation time:                       7279ps (50.5% logic, 49.5% route, logic stage 3)
   - Delay of the launching clock:           2347ps
   = Slack:                                 -5429ps

   Instance/Pin or Net Name                                      Type         ID     Location or Fanout   Delay(ps)  Edge  Arrival Time(ps)    Instance detail                                                                                                                                                                    
   ---------------------------------------------------------------------------------------------------------------------------------------------------------------------------------------------------------------------------------------------------------------------------------------------------------------------------------
   clk                                                           CLOCK-PORT    -                      -     launch     r               0                                                                                                                                                                                          
   clk                                                           Clock net     2           (fanout=388)       2347                     -                                                                                                                                                                                          
   RBB_10/CLK                                                    RBB_6L       10  [TILE 0 0, RBB 19 20]          -     r            2347                                                                                                                                                                                          
   ---------------------------------------------------------------------------------------------------------------------------------------------------------------------------------------------------------------------------------------------------------------------------------------------------------------------------------
   RBB_10/DQ                                                     RBB_6L       10  [TILE 0 0, RBB 19 20]        800     r            3147     {inst45: spi_mosi_FDCE_D_Q_FDCE_Q (FDC,site=dff)}                                                                                                                                    
   spi_mosi_FDCE_D_Q[1]                                          Net          33            (fanout=10)       1653                     -                                                                                                                                                                                          
   RBB_7/B1                                                      RBB_6L        7  [TILE 0 0, RBB 25 20]          -     r            4800                                                                                                                                                                                          
   RBB_7/BMUX                                                    RBB_6L        7  [TILE 0 0, RBB 25 20]       1234     r            6034     {inst47: spi_mosi_FDCE_D_Q_FDCE_Q_D_LUT4_O_I3_CARRY4_O (CARRY4)}                                                                                                                     
   spi_mosi_FDCE_D_Q_FDCE_Q_D_LUT4_O_I3_CARRY4_O_CO_2[3]         Net          76             (fanout=2)       1144                     -                                                                                                                                                                                          
   RBB_10/A1                                                     RBB_6L       10  [TILE 0 0, RBB 19 20]          -     r            7178                                                                                                                                                                                          
   RBB_10/A                                                      RBB_6L       10  [TILE 0 0, RBB 19 20]        763     r            7941     {inst48: spi_mosi_FDCE_D_Q_FDCE_Q_D_LUT4_O_I3_CARRY4_O_CO_2_LUT4_I2 (LUT,site=alut)}                                                                                                 
   spi_mosi_FDCE_D_Q_FDCE_Q_D_LUT4_O_I3_CARRY4_O_CO_2_LUT4_I2_O  Net          54             (fanout=2)        809                     -                                                                                                                                                                                          
   RBB_9/A6                                                      RBB_6L        9  [TILE 0 0, RBB 19 22]          -     r            8750     {<CE>inst40: spi_miso_FDCE_Q_D_LUT6_O_I0_FDCE_Q_D_LUT6_O_I0_FDCE_Q_D_LUT6_O_I0_FDCE_Q_D_LUT6_O_I0_FDCE_Q_D_LUT6_O_I0_FDCE_Q_D_LUT6_O_I0_FDCE_Q_D_LUT6_O_I0_FDCE_Q_1 (FDCE,site=dff)} 
   ---------------------------------------------------------------------------------------------------------------------------------------------------------------------------------------------------------------------------------------------------------------------------------------------------------------------------------
   RBB_9/CLK                                                     RBB_6L        9  [TILE 0 0, RBB 19 22]        876     r            9626                                                                                                                                                                                          
   clk                                                           Clock net     2           (fanout=388)      -2347                     -                                                                                                                                                                                          
   clk                                                           CLOCK-PORT    -                      -    capture     r            7279                                                                                                                                                                                          
   ---------------------------------------------------------------------------------------------------------------------------------------------------------------------------------------------------------------------------------------------------------------------------------------------------------------------------------


Path 315:
   Slack (not met):                         -5412ps
     Path type:                               SETUP
     Group:                              <UDEF_clk>
     Launching clock:                           clk (rising edge)
     Capturing clock:                           clk (rising edge)

     Requested period:                       2000ps
   + Delay of the capturing clock:           2347ps
   - Clock uncertainty:                       150ps
   = Required time:                          4197ps
   - Propagation time:                       7285ps (50.9% logic, 49.1% route, logic stage 3)
   - Delay of the launching clock:           2324ps
   = Slack:                                 -5412ps

   Instance/Pin or Net Name   Type         ID     Location or Fanout   Delay(ps)  Edge  Arrival Time(ps)    Instance detail                               
   ---------------------------------------------------------------------------------------------------------------------------------------------------------
   clk                        CLOCK-PORT    -                      -     launch     r               0                                                     
   clk                        Clock net     2           (fanout=388)       2324                     -                                                     
   RBB_6/CLK                  RBB_6L        6   [TILE 0 0, RBB 1 24]          -     r            2324                                                     
   ---------------------------------------------------------------------------------------------------------------------------------------------------------
   RBB_6/CQ                   RBB_6L        6   [TILE 0 0, RBB 1 24]        800     r            3124     {inst15: por_FDRE_Q_1 (FDE,site=cff)}           
   por[2]                     Net          26             (fanout=1)       1230                     -                                                     
   RBB_6/C1                   RBB_6L        6   [TILE 0 0, RBB 1 24]          -     r            4354                                                     
   RBB_6/DMUX                 RBB_6L        6   [TILE 0 0, RBB 1 24]       1637     r            5991     {inst12: por_CARRY4_S (CARRY4)}                 
   por_CARRY4_S_CO            Net          73             (fanout=1)       1113                     -                                                     
   RBB_8/D2                   RBB_6L        8  [TILE 0 0, RBB 10 26]          -     r            7104                                                     
   RBB_8/D                    RBB_6L        8  [TILE 0 0, RBB 10 26]        659     r            7763     {inst13: por_CARRY4_S_CO_INV_I (LUT,site=dlut)} 
   por_CARRY4_S_CO_INV_I_O    Net          31            (fanout=14)       1233                     -                                                     
   RBB_9/B6                   RBB_6L        9  [TILE 0 0, RBB 19 22]          -     r            8996     {<SR>inst44: spi_mosi_FDCE_D (FDCE,site=cff)}   
   ---------------------------------------------------------------------------------------------------------------------------------------------------------
   RBB_9/CLK                  RBB_6L        9  [TILE 0 0, RBB 19 22]        613     r            9609                                                     
   clk                        Clock net     2           (fanout=388)      -2347                     -                                                     
   clk                        CLOCK-PORT    -                      -    capture     r            7262                                                     
   ---------------------------------------------------------------------------------------------------------------------------------------------------------


Path 316:
   Slack (not met):                         -5412ps
     Path type:                               SETUP
     Group:                              <UDEF_clk>
     Launching clock:                           clk (rising edge)
     Capturing clock:                           clk (rising edge)

     Requested period:                       2000ps
   + Delay of the capturing clock:           2347ps
   - Clock uncertainty:                       150ps
   = Required time:                          4197ps
   - Propagation time:                       7285ps (50.9% logic, 49.1% route, logic stage 3)
   - Delay of the launching clock:           2324ps
   = Slack:                                 -5412ps

   Instance/Pin or Net Name   Type         ID     Location or Fanout   Delay(ps)  Edge  Arrival Time(ps)    Instance detail                                                                                                                                                                    
   ----------------------------------------------------------------------------------------------------------------------------------------------------------------------------------------------------------------------------------------------------------------------------------------------
   clk                        CLOCK-PORT    -                      -     launch     r               0                                                                                                                                                                                          
   clk                        Clock net     2           (fanout=388)       2324                     -                                                                                                                                                                                          
   RBB_6/CLK                  RBB_6L        6   [TILE 0 0, RBB 1 24]          -     r            2324                                                                                                                                                                                          
   ----------------------------------------------------------------------------------------------------------------------------------------------------------------------------------------------------------------------------------------------------------------------------------------------
   RBB_6/CQ                   RBB_6L        6   [TILE 0 0, RBB 1 24]        800     r            3124     {inst15: por_FDRE_Q_1 (FDE,site=cff)}                                                                                                                                                
   por[2]                     Net          26             (fanout=1)       1230                     -                                                                                                                                                                                          
   RBB_6/C1                   RBB_6L        6   [TILE 0 0, RBB 1 24]          -     r            4354                                                                                                                                                                                          
   RBB_6/DMUX                 RBB_6L        6   [TILE 0 0, RBB 1 24]       1637     r            5991     {inst12: por_CARRY4_S (CARRY4)}                                                                                                                                                      
   por_CARRY4_S_CO            Net          73             (fanout=1)       1113                     -                                                                                                                                                                                          
   RBB_8/D2                   RBB_6L        8  [TILE 0 0, RBB 10 26]          -     r            7104                                                                                                                                                                                          
   RBB_8/D                    RBB_6L        8  [TILE 0 0, RBB 10 26]        659     r            7763     {inst13: por_CARRY4_S_CO_INV_I (LUT,site=dlut)}                                                                                                                                      
   por_CARRY4_S_CO_INV_I_O    Net          31            (fanout=14)       1233                     -                                                                                                                                                                                          
   RBB_9/B6                   RBB_6L        9  [TILE 0 0, RBB 19 22]          -     r            8996     {<SR>inst40: spi_miso_FDCE_Q_D_LUT6_O_I0_FDCE_Q_D_LUT6_O_I0_FDCE_Q_D_LUT6_O_I0_FDCE_Q_D_LUT6_O_I0_FDCE_Q_D_LUT6_O_I0_FDCE_Q_D_LUT6_O_I0_FDCE_Q_D_LUT6_O_I0_FDCE_Q_1 (FDCE,site=dff)} 
   ----------------------------------------------------------------------------------------------------------------------------------------------------------------------------------------------------------------------------------------------------------------------------------------------
   RBB_9/CLK                  RBB_6L        9  [TILE 0 0, RBB 19 22]        613     r            9609                                                                                                                                                                                          
   clk                        Clock net     2           (fanout=388)      -2347                     -                                                                                                                                                                                          
   clk                        CLOCK-PORT    -                      -    capture     r            7262                                                                                                                                                                                          
   ----------------------------------------------------------------------------------------------------------------------------------------------------------------------------------------------------------------------------------------------------------------------------------------------


Path 318:
   Slack (not met):                         -5144ps
     Path type:                               SETUP
     Group:                              <UDEF_clk>
     Launching clock:                           clk (rising edge)
     Capturing clock:                           clk (rising edge)

     Requested period:                       2000ps
   + Delay of the capturing clock:           2295ps
   - Clock uncertainty:                       150ps
   = Required time:                          4145ps
   - Propagation time:                       6965ps (57.6% logic, 42.4% route, logic stage 3)
   - Delay of the launching clock:           2324ps
   = Slack:                                 -5144ps

   Instance/Pin or Net Name   Type         ID     Location or Fanout   Delay(ps)  Edge  Arrival Time(ps)    Instance detail                                                  
   ----------------------------------------------------------------------------------------------------------------------------------------------------------------------------
   clk                        CLOCK-PORT    -                      -     launch     r               0                                                                        
   clk                        Clock net     2           (fanout=388)       2324                     -                                                                        
   RBB_6/CLK                  RBB_6L        6   [TILE 0 0, RBB 1 24]          -     r            2324                                                                        
   ----------------------------------------------------------------------------------------------------------------------------------------------------------------------------
   RBB_6/CQ                   RBB_6L        6   [TILE 0 0, RBB 1 24]        800     r            3124     {inst15: por_FDRE_Q_1 (FDE,site=cff)}                              
   por[2]                     Net          26             (fanout=1)       1230                     -                                                                        
   RBB_6/C1                   RBB_6L        6   [TILE 0 0, RBB 1 24]          -     r            4354                                                                        
   RBB_6/DMUX                 RBB_6L        6   [TILE 0 0, RBB 1 24]       1637     r            5991     {inst12: por_CARRY4_S (CARRY4)}                                    
   por_CARRY4_S_CO            Net          73             (fanout=1)       1113                     -                                                                        
   RBB_8/D2                   RBB_6L        8  [TILE 0 0, RBB 10 26]          -     r            7104                                                                        
   RBB_8/D                    RBB_6L        8  [TILE 0 0, RBB 10 26]        659     r            7763     {inst13: por_CARRY4_S_CO_INV_I (LUT,site=dlut)}                    
   por_CARRY4_S_CO_INV_I_O    Net          31            (fanout=14)        609                     -                                                                        
   RBB_8/B6                   RBB_6L        8  [TILE 0 0, RBB 10 26]          -     r            8372     {<SR>inst22: spi_miso_FDCE_Q_D_LUT6_O_I0_FDCE_Q_1 (FDCE,site=dff)} 
   ----------------------------------------------------------------------------------------------------------------------------------------------------------------------------
   RBB_8/CLK                  RBB_6L        8  [TILE 0 0, RBB 10 26]        917     r            9289                                                                        
   clk                        Clock net     2           (fanout=388)      -2295                     -                                                                        
   clk                        CLOCK-PORT    -                      -    capture     r            6994                                                                        
   ----------------------------------------------------------------------------------------------------------------------------------------------------------------------------


Path 319:
   Slack (not met):                         -5144ps
     Path type:                               SETUP
     Group:                              <UDEF_clk>
     Launching clock:                           clk (rising edge)
     Capturing clock:                           clk (rising edge)

     Requested period:                       2000ps
   + Delay of the capturing clock:           2295ps
   - Clock uncertainty:                       150ps
   = Required time:                          4145ps
   - Propagation time:                       6965ps (57.6% logic, 42.4% route, logic stage 3)
   - Delay of the launching clock:           2324ps
   = Slack:                                 -5144ps

   Instance/Pin or Net Name   Type         ID     Location or Fanout   Delay(ps)  Edge  Arrival Time(ps)    Instance detail                                                                     
   -----------------------------------------------------------------------------------------------------------------------------------------------------------------------------------------------
   clk                        CLOCK-PORT    -                      -     launch     r               0                                                                                           
   clk                        Clock net     2           (fanout=388)       2324                     -                                                                                           
   RBB_6/CLK                  RBB_6L        6   [TILE 0 0, RBB 1 24]          -     r            2324                                                                                           
   -----------------------------------------------------------------------------------------------------------------------------------------------------------------------------------------------
   RBB_6/CQ                   RBB_6L        6   [TILE 0 0, RBB 1 24]        800     r            3124     {inst15: por_FDRE_Q_1 (FDE,site=cff)}                                                 
   por[2]                     Net          26             (fanout=1)       1230                     -                                                                                           
   RBB_6/C1                   RBB_6L        6   [TILE 0 0, RBB 1 24]          -     r            4354                                                                                           
   RBB_6/DMUX                 RBB_6L        6   [TILE 0 0, RBB 1 24]       1637     r            5991     {inst12: por_CARRY4_S (CARRY4)}                                                       
   por_CARRY4_S_CO            Net          73             (fanout=1)       1113                     -                                                                                           
   RBB_8/D2                   RBB_6L        8  [TILE 0 0, RBB 10 26]          -     r            7104                                                                                           
   RBB_8/D                    RBB_6L        8  [TILE 0 0, RBB 10 26]        659     r            7763     {inst13: por_CARRY4_S_CO_INV_I (LUT,site=dlut)}                                       
   por_CARRY4_S_CO_INV_I_O    Net          31            (fanout=14)        609                     -                                                                                           
   RBB_8/B6                   RBB_6L        8  [TILE 0 0, RBB 10 26]          -     r            8372     {<SR>inst25: spi_miso_FDCE_Q_D_LUT6_O_I0_FDCE_Q_D_LUT6_O_I0_FDCE_Q_1 (FDCE,site=cff)} 
   -----------------------------------------------------------------------------------------------------------------------------------------------------------------------------------------------
   RBB_8/CLK                  RBB_6L        8  [TILE 0 0, RBB 10 26]        917     r            9289                                                                                           
   clk                        Clock net     2           (fanout=388)      -2295                     -                                                                                           
   clk                        CLOCK-PORT    -                      -    capture     r            6994                                                                                           
   -----------------------------------------------------------------------------------------------------------------------------------------------------------------------------------------------


Path 317:
   Slack (not met):                         -5144ps
     Path type:                               SETUP
     Group:                              <UDEF_clk>
     Launching clock:                           clk (rising edge)
     Capturing clock:                           clk (rising edge)

     Requested period:                       2000ps
   + Delay of the capturing clock:           2295ps
   - Clock uncertainty:                       150ps
   = Required time:                          4145ps
   - Propagation time:                       6965ps (57.6% logic, 42.4% route, logic stage 3)
   - Delay of the launching clock:           2324ps
   = Slack:                                 -5144ps

   Instance/Pin or Net Name   Type         ID     Location or Fanout   Delay(ps)  Edge  Arrival Time(ps)    Instance detail                                                                                                                                                 
   ---------------------------------------------------------------------------------------------------------------------------------------------------------------------------------------------------------------------------------------------------------------------------
   clk                        CLOCK-PORT    -                      -     launch     r               0                                                                                                                                                                       
   clk                        Clock net     2           (fanout=388)       2324                     -                                                                                                                                                                       
   RBB_6/CLK                  RBB_6L        6   [TILE 0 0, RBB 1 24]          -     r            2324                                                                                                                                                                       
   ---------------------------------------------------------------------------------------------------------------------------------------------------------------------------------------------------------------------------------------------------------------------------
   RBB_6/CQ                   RBB_6L        6   [TILE 0 0, RBB 1 24]        800     r            3124     {inst15: por_FDRE_Q_1 (FDE,site=cff)}                                                                                                                             
   por[2]                     Net          26             (fanout=1)       1230                     -                                                                                                                                                                       
   RBB_6/C1                   RBB_6L        6   [TILE 0 0, RBB 1 24]          -     r            4354                                                                                                                                                                       
   RBB_6/DMUX                 RBB_6L        6   [TILE 0 0, RBB 1 24]       1637     r            5991     {inst12: por_CARRY4_S (CARRY4)}                                                                                                                                   
   por_CARRY4_S_CO            Net          73             (fanout=1)       1113                     -                                                                                                                                                                       
   RBB_8/D2                   RBB_6L        8  [TILE 0 0, RBB 10 26]          -     r            7104                                                                                                                                                                       
   RBB_8/D                    RBB_6L        8  [TILE 0 0, RBB 10 26]        659     r            7763     {inst13: por_CARRY4_S_CO_INV_I (LUT,site=dlut)}                                                                                                                   
   por_CARRY4_S_CO_INV_I_O    Net          31            (fanout=14)        609                     -                                                                                                                                                                       
   RBB_8/B6                   RBB_6L        8  [TILE 0 0, RBB 10 26]          -     r            8372     {<SR>inst37: spi_miso_FDCE_Q_D_LUT6_O_I0_FDCE_Q_D_LUT6_O_I0_FDCE_Q_D_LUT6_O_I0_FDCE_Q_D_LUT6_O_I0_FDCE_Q_D_LUT6_O_I0_FDCE_Q_D_LUT6_O_I0_FDCE_Q_1 (FDCE,site=aff)} 
   ---------------------------------------------------------------------------------------------------------------------------------------------------------------------------------------------------------------------------------------------------------------------------
   RBB_8/CLK                  RBB_6L        8  [TILE 0 0, RBB 10 26]        917     r            9289                                                                                                                                                                       
   clk                        Clock net     2           (fanout=388)      -2295                     -                                                                                                                                                                       
   clk                        CLOCK-PORT    -                      -    capture     r            6994                                                                                                                                                                       
   ---------------------------------------------------------------------------------------------------------------------------------------------------------------------------------------------------------------------------------------------------------------------------


Path 320:
   Slack (not met):                         -5144ps
     Path type:                               SETUP
     Group:                              <UDEF_clk>
     Launching clock:                           clk (rising edge)
     Capturing clock:                           clk (rising edge)

     Requested period:                       2000ps
   + Delay of the capturing clock:           2295ps
   - Clock uncertainty:                       150ps
   = Required time:                          4145ps
   - Propagation time:                       6965ps (57.6% logic, 42.4% route, logic stage 3)
   - Delay of the launching clock:           2324ps
   = Slack:                                 -5144ps

   Instance/Pin or Net Name   Type         ID     Location or Fanout   Delay(ps)  Edge  Arrival Time(ps)    Instance detail                                                                                                                              
   --------------------------------------------------------------------------------------------------------------------------------------------------------------------------------------------------------------------------------------------------------
   clk                        CLOCK-PORT    -                      -     launch     r               0                                                                                                                                                    
   clk                        Clock net     2           (fanout=388)       2324                     -                                                                                                                                                    
   RBB_6/CLK                  RBB_6L        6   [TILE 0 0, RBB 1 24]          -     r            2324                                                                                                                                                    
   --------------------------------------------------------------------------------------------------------------------------------------------------------------------------------------------------------------------------------------------------------
   RBB_6/CQ                   RBB_6L        6   [TILE 0 0, RBB 1 24]        800     r            3124     {inst15: por_FDRE_Q_1 (FDE,site=cff)}                                                                                                          
   por[2]                     Net          26             (fanout=1)       1230                     -                                                                                                                                                    
   RBB_6/C1                   RBB_6L        6   [TILE 0 0, RBB 1 24]          -     r            4354                                                                                                                                                    
   RBB_6/DMUX                 RBB_6L        6   [TILE 0 0, RBB 1 24]       1637     r            5991     {inst12: por_CARRY4_S (CARRY4)}                                                                                                                
   por_CARRY4_S_CO            Net          73             (fanout=1)       1113                     -                                                                                                                                                    
   RBB_8/D2                   RBB_6L        8  [TILE 0 0, RBB 10 26]          -     r            7104                                                                                                                                                    
   RBB_8/D                    RBB_6L        8  [TILE 0 0, RBB 10 26]        659     r            7763     {inst13: por_CARRY4_S_CO_INV_I (LUT,site=dlut)}                                                                                                
   por_CARRY4_S_CO_INV_I_O    Net          31            (fanout=14)        609                     -                                                                                                                                                    
   RBB_8/B6                   RBB_6L        8  [TILE 0 0, RBB 10 26]          -     r            8372     {<SR>inst34: spi_miso_FDCE_Q_D_LUT6_O_I0_FDCE_Q_D_LUT6_O_I0_FDCE_Q_D_LUT6_O_I0_FDCE_Q_D_LUT6_O_I0_FDCE_Q_D_LUT6_O_I0_FDCE_Q_1 (FDCE,site=bff)} 
   --------------------------------------------------------------------------------------------------------------------------------------------------------------------------------------------------------------------------------------------------------
   RBB_8/CLK                  RBB_6L        8  [TILE 0 0, RBB 10 26]        917     r            9289                                                                                                                                                    
   clk                        Clock net     2           (fanout=388)      -2295                     -                                                                                                                                                    
   clk                        CLOCK-PORT    -                      -    capture     r            6994                                                                                                                                                    
   --------------------------------------------------------------------------------------------------------------------------------------------------------------------------------------------------------------------------------------------------------


Path 323:
   Slack (not met):                         -5076ps
     Path type:                               SETUP
     Group:                              <UDEF_clk>
     Launching clock:                           clk (rising edge)
     Capturing clock:                           clk (rising edge)

     Requested period:                       2000ps
   + Delay of the capturing clock:           2295ps
   - Clock uncertainty:                       150ps
   = Required time:                          4145ps
   - Propagation time:                       6897ps (57.2% logic, 42.8% route, logic stage 3)
   - Delay of the launching clock:           2324ps
   = Slack:                                 -5076ps

   Instance/Pin or Net Name   Type         ID     Location or Fanout   Delay(ps)  Edge  Arrival Time(ps)    Instance detail                                                                                         
   -------------------------------------------------------------------------------------------------------------------------------------------------------------------------------------------------------------------
   clk                        CLOCK-PORT    -                      -     launch     r               0                                                                                                               
   clk                        Clock net     2           (fanout=388)       2324                     -                                                                                                               
   RBB_6/CLK                  RBB_6L        6   [TILE 0 0, RBB 1 24]          -     r            2324                                                                                                               
   -------------------------------------------------------------------------------------------------------------------------------------------------------------------------------------------------------------------
   RBB_6/CQ                   RBB_6L        6   [TILE 0 0, RBB 1 24]        800     r            3124     {inst15: por_FDRE_Q_1 (FDE,site=cff)}                                                                     
   por[2]                     Net          26             (fanout=1)       1230                     -                                                                                                               
   RBB_6/C1                   RBB_6L        6   [TILE 0 0, RBB 1 24]          -     r            4354                                                                                                               
   RBB_6/DMUX                 RBB_6L        6   [TILE 0 0, RBB 1 24]       1637     r            5991     {inst12: por_CARRY4_S (CARRY4)}                                                                           
   por_CARRY4_S_CO            Net          73             (fanout=1)       1113                     -                                                                                                               
   RBB_8/D2                   RBB_6L        8  [TILE 0 0, RBB 10 26]          -     r            7104                                                                                                               
   RBB_8/D                    RBB_6L        8  [TILE 0 0, RBB 10 26]        659     r            7763     {inst13: por_CARRY4_S_CO_INV_I (LUT,site=dlut)}                                                           
   por_CARRY4_S_CO_INV_I_O    Net          31            (fanout=14)        609                     -                                                                                                               
   RBB_8/B6                   RBB_6L        8  [TILE 0 0, RBB 10 26]          -     r            8372     {<SR>inst28: spi_miso_FDCE_Q_D_LUT6_O_I0_FDCE_Q_D_LUT6_O_I0_FDCE_Q_D_LUT6_O_I0_FDCE_Q_1 (FDCE,site=dffo)} 
   -------------------------------------------------------------------------------------------------------------------------------------------------------------------------------------------------------------------
   RBB_8/CLK                  RBB_6L        8  [TILE 0 0, RBB 10 26]        849     r            9221                                                                                                               
   clk                        Clock net     2           (fanout=388)      -2295                     -                                                                                                               
   clk                        CLOCK-PORT    -                      -    capture     r            6926                                                                                                               
   -------------------------------------------------------------------------------------------------------------------------------------------------------------------------------------------------------------------


Path 324:
   Slack (not met):                         -5076ps
     Path type:                               SETUP
     Group:                              <UDEF_clk>
     Launching clock:                           clk (rising edge)
     Capturing clock:                           clk (rising edge)

     Requested period:                       2000ps
   + Delay of the capturing clock:           2295ps
   - Clock uncertainty:                       150ps
   = Required time:                          4145ps
   - Propagation time:                       6897ps (57.2% logic, 42.8% route, logic stage 3)
   - Delay of the launching clock:           2324ps
   = Slack:                                 -5076ps

   Instance/Pin or Net Name   Type         ID     Location or Fanout   Delay(ps)  Edge  Arrival Time(ps)    Instance detail                                                                                                            
   --------------------------------------------------------------------------------------------------------------------------------------------------------------------------------------------------------------------------------------
   clk                        CLOCK-PORT    -                      -     launch     r               0                                                                                                                                  
   clk                        Clock net     2           (fanout=388)       2324                     -                                                                                                                                  
   RBB_6/CLK                  RBB_6L        6   [TILE 0 0, RBB 1 24]          -     r            2324                                                                                                                                  
   --------------------------------------------------------------------------------------------------------------------------------------------------------------------------------------------------------------------------------------
   RBB_6/CQ                   RBB_6L        6   [TILE 0 0, RBB 1 24]        800     r            3124     {inst15: por_FDRE_Q_1 (FDE,site=cff)}                                                                                        
   por[2]                     Net          26             (fanout=1)       1230                     -                                                                                                                                  
   RBB_6/C1                   RBB_6L        6   [TILE 0 0, RBB 1 24]          -     r            4354                                                                                                                                  
   RBB_6/DMUX                 RBB_6L        6   [TILE 0 0, RBB 1 24]       1637     r            5991     {inst12: por_CARRY4_S (CARRY4)}                                                                                              
   por_CARRY4_S_CO            Net          73             (fanout=1)       1113                     -                                                                                                                                  
   RBB_8/D2                   RBB_6L        8  [TILE 0 0, RBB 10 26]          -     r            7104                                                                                                                                  
   RBB_8/D                    RBB_6L        8  [TILE 0 0, RBB 10 26]        659     r            7763     {inst13: por_CARRY4_S_CO_INV_I (LUT,site=dlut)}                                                                              
   por_CARRY4_S_CO_INV_I_O    Net          31            (fanout=14)        609                     -                                                                                                                                  
   RBB_8/B6                   RBB_6L        8  [TILE 0 0, RBB 10 26]          -     r            8372     {<SR>inst31: spi_miso_FDCE_Q_D_LUT6_O_I0_FDCE_Q_D_LUT6_O_I0_FDCE_Q_D_LUT6_O_I0_FDCE_Q_D_LUT6_O_I0_FDCE_Q_1 (FDCE,site=cffo)} 
   --------------------------------------------------------------------------------------------------------------------------------------------------------------------------------------------------------------------------------------
   RBB_8/CLK                  RBB_6L        8  [TILE 0 0, RBB 10 26]        849     r            9221                                                                                                                                  
   clk                        Clock net     2           (fanout=388)      -2295                     -                                                                                                                                  
   clk                        CLOCK-PORT    -                      -    capture     r            6926                                                                                                                                  
   --------------------------------------------------------------------------------------------------------------------------------------------------------------------------------------------------------------------------------------


Path 326:
   Slack (not met):                         -4932ps
     Path type:                               SETUP
     Group:                              <UDEF_clk>
     Launching clock:                           clk (rising edge)
     Capturing clock:                           clk (rising edge)

     Requested period:                       2000ps
   + Delay of the capturing clock:           2355ps
   - Clock uncertainty:                       150ps
   = Required time:                          4205ps
   - Propagation time:                       6813ps (56.3% logic, 43.7% route, logic stage 3)
   - Delay of the launching clock:           2324ps
   = Slack:                                 -4932ps

   Instance/Pin or Net Name   Type         ID     Location or Fanout   Delay(ps)  Edge  Arrival Time(ps)    Instance detail                                     
   ---------------------------------------------------------------------------------------------------------------------------------------------------------------
   clk                        CLOCK-PORT    -                      -     launch     r               0                                                           
   clk                        Clock net     2           (fanout=388)       2324                     -                                                           
   RBB_6/CLK                  RBB_6L        6   [TILE 0 0, RBB 1 24]          -     r            2324                                                           
   ---------------------------------------------------------------------------------------------------------------------------------------------------------------
   RBB_6/CQ                   RBB_6L        6   [TILE 0 0, RBB 1 24]        800     r            3124     {inst15: por_FDRE_Q_1 (FDE,site=cff)}                 
   por[2]                     Net          26             (fanout=1)       1230                     -                                                           
   RBB_6/C1                   RBB_6L        6   [TILE 0 0, RBB 1 24]          -     r            4354                                                           
   RBB_6/DMUX                 RBB_6L        6   [TILE 0 0, RBB 1 24]       1637     r            5991     {inst12: por_CARRY4_S (CARRY4)}                       
   por_CARRY4_S_CO            Net          73             (fanout=1)       1113                     -                                                           
   RBB_8/D2                   RBB_6L        8  [TILE 0 0, RBB 10 26]          -     r            7104                                                           
   RBB_8/D                    RBB_6L        8  [TILE 0 0, RBB 10 26]        659     r            7763     {inst13: por_CARRY4_S_CO_INV_I (LUT,site=dlut)}       
   por_CARRY4_S_CO_INV_I_O    Net          31            (fanout=14)        635                     -                                                           
   RBB_16/B6                  RBB_6L       16  [TILE 0 0, RBB 10 24]          -     r            8398     {<SR>inst69: u_spi.rx_shift_FDCE_Q_6 (FDCE,site=dff)} 
   ---------------------------------------------------------------------------------------------------------------------------------------------------------------
   RBB_16/CLK                 RBB_6L       16  [TILE 0 0, RBB 10 24]        739     r            9137                                                           
   clk                        Clock net     2           (fanout=388)      -2355                     -                                                           
   clk                        CLOCK-PORT    -                      -    capture     r            6782                                                           
   ---------------------------------------------------------------------------------------------------------------------------------------------------------------


Path 66:
   Slack (not met):                         -4864ps
     Path type:                               SETUP
     Group:                              <UDEF_clk>
     Launching clock:                           clk (rising edge)
     Capturing clock:                           clk (rising edge)

     Requested period:                       2000ps
   + Delay of the capturing clock:           2302ps
   - Clock uncertainty:                       150ps
   = Required time:                          4152ps
   - Propagation time:                       6669ps (38.3% logic, 61.7% route, logic stage 2)
   - Delay of the launching clock:           2347ps
   = Slack:                                 -4864ps

   Instance/Pin or Net Name                                                 Type         ID     Location or Fanout   Delay(ps)  Edge  Arrival Time(ps)    Instance detail                                                                                                                                                                                                                                                                                                                                                      
   ------------------------------------------------------------------------------------------------------------------------------------------------------------------------------------------------------------------------------------------------------------------------------------------------------------------------------------------------------------------------------------------------------------------------------------------------------------------------------------------------------------------------------
   clk                                                                      CLOCK-PORT    -                      -     launch     r               0                                                                                                                                                                                                                                                                                                                                                                            
   clk                                                                      Clock net     2           (fanout=388)       2347                     -                                                                                                                                                                                                                                                                                                                                                                            
   RBB_10/CLK                                                               RBB_6L       10  [TILE 0 0, RBB 19 20]          -     r            2347                                                                                                                                                                                                                                                                                                                                                                            
   ------------------------------------------------------------------------------------------------------------------------------------------------------------------------------------------------------------------------------------------------------------------------------------------------------------------------------------------------------------------------------------------------------------------------------------------------------------------------------------------------------------------------------
   RBB_10/BQ                                                                RBB_6L       10  [TILE 0 0, RBB 19 20]        800     r            3147     {inst52: spi_mosi_FDCE_D_Q_FDCE_Q_D_LUT4_O_I3_CARRY4_O_O_1_LUT4_I3_O_FDCE_D (FDC,site=bff)}                                                                                                                                                                                                                                                                            
   spi_mosi_FDCE_D_Q_FDCE_Q_D_LUT4_O_I3_CARRY4_O_O_1_LUT4_I3_O_FDCE_D_Q[0]  Net          51             (fanout=5)       2211                     -                                                                                                                                                                                                                                                                                                                                                                            
   RBB_14/A3                                                                RBB_6L       14  [TILE 0 0, RBB 25 16]          -     r            5358                                                                                                                                                                                                                                                                                                                                                                            
   RBB_14/AMUX                                                              RBB_6L       14  [TILE 0 0, RBB 25 16]        813     r            6171     {inst54: spi_mosi_FDCE_D_Q_LUT2_O (LUT,site=aluto)}                                                                                                                                                                                                                                                                                                                    
   spi_mosi_FDCE_D_Q[3]                                                     Net          34             (fanout=8)       1905                     -                                                                                                                                                                                                                                                                                                                                                                            
   RBB_13/A3                                                                RBB_6L       13   [TILE 0 0, RBB 7 26]          -     r            8076     {inst41: spi_miso_FDCE_Q_D_LUT6_O_I0_FDCE_Q_D_LUT6_O_I0_FDCE_Q_D_LUT6_O_I0_FDCE_Q_D_LUT6_O_I0_FDCE_Q_D_LUT6_O_I0_FDCE_Q_D_LUT6_O_I0_FDCE_Q_D_LUT6_O_I0_FDCE_Q_D_LUT5_O (LUT,site=alut)} {inst39: spi_miso_FDCE_Q_D_LUT6_O_I0_FDCE_Q_D_LUT6_O_I0_FDCE_Q_D_LUT6_O_I0_FDCE_Q_D_LUT6_O_I0_FDCE_Q_D_LUT6_O_I0_FDCE_Q_D_LUT6_O_I0_FDCE_Q_D_LUT6_O_I0_FDCE_Q (FDCE,site=aff)} 
   ------------------------------------------------------------------------------------------------------------------------------------------------------------------------------------------------------------------------------------------------------------------------------------------------------------------------------------------------------------------------------------------------------------------------------------------------------------------------------------------------------------------------------
   RBB_13/CLK                                                               RBB_6L       13   [TILE 0 0, RBB 7 26]        940     r            9016                                                                                                                                                                                                                                                                                                                                                                            
   clk                                                                      Clock net     2           (fanout=388)      -2302                     -                                                                                                                                                                                                                                                                                                                                                                            
   clk                                                                      CLOCK-PORT    -                      -    capture     r            6714                                                                                                                                                                                                                                                                                                                                                                            
   ------------------------------------------------------------------------------------------------------------------------------------------------------------------------------------------------------------------------------------------------------------------------------------------------------------------------------------------------------------------------------------------------------------------------------------------------------------------------------------------------------------------------------


Path 67:
   Slack (not met):                         -4799ps
     Path type:                               SETUP
     Group:                              <UDEF_clk>
     Launching clock:                           clk (rising edge)
     Capturing clock:                           clk (rising edge)

     Requested period:                       2000ps
   + Delay of the capturing clock:           2302ps
   - Clock uncertainty:                       150ps
   = Required time:                          4152ps
   - Propagation time:                       6604ps (37.5% logic, 62.5% route, logic stage 2)
   - Delay of the launching clock:           2347ps
   = Slack:                                 -4799ps

   Instance/Pin or Net Name                                                 Type         ID     Location or Fanout   Delay(ps)  Edge  Arrival Time(ps)    Instance detail                                                                                                                        
   ------------------------------------------------------------------------------------------------------------------------------------------------------------------------------------------------------------------------------------------------------------------------------------------------
   clk                                                                      CLOCK-PORT    -                      -     launch     r               0                                                                                                                                              
   clk                                                                      Clock net     2           (fanout=388)       2347                     -                                                                                                                                              
   RBB_10/CLK                                                               RBB_6L       10  [TILE 0 0, RBB 19 20]          -     r            2347                                                                                                                                              
   ------------------------------------------------------------------------------------------------------------------------------------------------------------------------------------------------------------------------------------------------------------------------------------------------
   RBB_10/BQ                                                                RBB_6L       10  [TILE 0 0, RBB 19 20]        800     r            3147     {inst52: spi_mosi_FDCE_D_Q_FDCE_Q_D_LUT4_O_I3_CARRY4_O_O_1_LUT4_I3_O_FDCE_D (FDC,site=bff)}                                              
   spi_mosi_FDCE_D_Q_FDCE_Q_D_LUT4_O_I3_CARRY4_O_O_1_LUT4_I3_O_FDCE_D_Q[0]  Net          51             (fanout=5)       2211                     -                                                                                                                                              
   RBB_14/A3                                                                RBB_6L       14  [TILE 0 0, RBB 25 16]          -     r            5358                                                                                                                                              
   RBB_14/AMUX                                                              RBB_6L       14  [TILE 0 0, RBB 25 16]        813     r            6171     {inst54: spi_mosi_FDCE_D_Q_LUT2_O (LUT,site=aluto)}                                                                                      
   spi_mosi_FDCE_D_Q[3]                                                     Net          34             (fanout=8)       1916                     -                                                                                                                                              
   RBB_13/D3                                                                RBB_6L       13   [TILE 0 0, RBB 7 26]          -     r            8087     {inst23: spi_miso_FDCE_Q_D_LUT6_O_I0_FDCE_Q_D_LUT6_O (LUT,site=dlut,dluto)} {inst21: spi_miso_FDCE_Q_D_LUT6_O_I0_FDCE_Q (FDCE,site=dff)} 
   ------------------------------------------------------------------------------------------------------------------------------------------------------------------------------------------------------------------------------------------------------------------------------------------------
   RBB_13/CLK                                                               RBB_6L       13   [TILE 0 0, RBB 7 26]        864     r            8951                                                                                                                                              
   clk                                                                      Clock net     2           (fanout=388)      -2302                     -                                                                                                                                              
   clk                                                                      CLOCK-PORT    -                      -    capture     r            6649                                                                                                                                              
   ------------------------------------------------------------------------------------------------------------------------------------------------------------------------------------------------------------------------------------------------------------------------------------------------


Path 69:
   Slack (not met):                         -4708ps
     Path type:                               SETUP
     Group:                              <UDEF_clk>
     Launching clock:                           clk (rising edge)
     Capturing clock:                           clk (rising edge)

     Requested period:                       2000ps
   + Delay of the capturing clock:           2302ps
   - Clock uncertainty:                       150ps
   = Required time:                          4152ps
   - Propagation time:                       6513ps (37.0% logic, 63.0% route, logic stage 2)
   - Delay of the launching clock:           2347ps
   = Slack:                                 -4708ps

   Instance/Pin or Net Name                                                 Type         ID     Location or Fanout   Delay(ps)  Edge  Arrival Time(ps)    Instance detail                                                                                                                                                                                                    
   ----------------------------------------------------------------------------------------------------------------------------------------------------------------------------------------------------------------------------------------------------------------------------------------------------------------------------------------------------------------------------
   clk                                                                      CLOCK-PORT    -                      -     launch     r               0                                                                                                                                                                                                                          
   clk                                                                      Clock net     2           (fanout=388)       2347                     -                                                                                                                                                                                                                          
   RBB_10/CLK                                                               RBB_6L       10  [TILE 0 0, RBB 19 20]          -     r            2347                                                                                                                                                                                                                          
   ----------------------------------------------------------------------------------------------------------------------------------------------------------------------------------------------------------------------------------------------------------------------------------------------------------------------------------------------------------------------------
   RBB_10/BQ                                                                RBB_6L       10  [TILE 0 0, RBB 19 20]        800     r            3147     {inst52: spi_mosi_FDCE_D_Q_FDCE_Q_D_LUT4_O_I3_CARRY4_O_O_1_LUT4_I3_O_FDCE_D (FDC,site=bff)}                                                                                                                          
   spi_mosi_FDCE_D_Q_FDCE_Q_D_LUT4_O_I3_CARRY4_O_O_1_LUT4_I3_O_FDCE_D_Q[0]  Net          51             (fanout=5)       2211                     -                                                                                                                                                                                                                          
   RBB_14/A3                                                                RBB_6L       14  [TILE 0 0, RBB 25 16]          -     r            5358                                                                                                                                                                                                                          
   RBB_14/AMUX                                                              RBB_6L       14  [TILE 0 0, RBB 25 16]        813     r            6171     {inst54: spi_mosi_FDCE_D_Q_LUT2_O (LUT,site=aluto)}                                                                                                                                                                  
   spi_mosi_FDCE_D_Q[3]                                                     Net          34             (fanout=8)       1894                     -                                                                                                                                                                                                                          
   RBB_13/B3                                                                RBB_6L       13   [TILE 0 0, RBB 7 26]          -     r            8065     {inst29: spi_miso_FDCE_Q_D_LUT6_O_I0_FDCE_Q_D_LUT6_O_I0_FDCE_Q_D_LUT6_O_I0_FDCE_Q_D_LUT6_O (LUT,site=blut,bluto)} {inst27: spi_miso_FDCE_Q_D_LUT6_O_I0_FDCE_Q_D_LUT6_O_I0_FDCE_Q_D_LUT6_O_I0_FDCE_Q (FDCE,site=bff)} 
   ----------------------------------------------------------------------------------------------------------------------------------------------------------------------------------------------------------------------------------------------------------------------------------------------------------------------------------------------------------------------------
   RBB_13/CLK                                                               RBB_6L       13   [TILE 0 0, RBB 7 26]        795     r            8860                                                                                                                                                                                                                          
   clk                                                                      Clock net     2           (fanout=388)      -2302                     -                                                                                                                                                                                                                          
   clk                                                                      CLOCK-PORT    -                      -    capture     r            6558                                                                                                                                                                                                                          
   ----------------------------------------------------------------------------------------------------------------------------------------------------------------------------------------------------------------------------------------------------------------------------------------------------------------------------------------------------------------------------


Path 68:
   Slack (not met):                         -4697ps
     Path type:                               SETUP
     Group:                              <UDEF_clk>
     Launching clock:                           clk (rising edge)
     Capturing clock:                           clk (rising edge)

     Requested period:                       2000ps
   + Delay of the capturing clock:           2302ps
   - Clock uncertainty:                       150ps
   = Required time:                          4152ps
   - Propagation time:                       6502ps (36.5% logic, 63.5% route, logic stage 2)
   - Delay of the launching clock:           2347ps
   = Slack:                                 -4697ps

   Instance/Pin or Net Name                                                 Type         ID     Location or Fanout   Delay(ps)  Edge  Arrival Time(ps)    Instance detail                                                                                                                                                              
   --------------------------------------------------------------------------------------------------------------------------------------------------------------------------------------------------------------------------------------------------------------------------------------------------------------------------------------
   clk                                                                      CLOCK-PORT    -                      -     launch     r               0                                                                                                                                                                                    
   clk                                                                      Clock net     2           (fanout=388)       2347                     -                                                                                                                                                                                    
   RBB_10/CLK                                                               RBB_6L       10  [TILE 0 0, RBB 19 20]          -     r            2347                                                                                                                                                                                    
   --------------------------------------------------------------------------------------------------------------------------------------------------------------------------------------------------------------------------------------------------------------------------------------------------------------------------------------
   RBB_10/BQ                                                                RBB_6L       10  [TILE 0 0, RBB 19 20]        800     r            3147     {inst52: spi_mosi_FDCE_D_Q_FDCE_Q_D_LUT4_O_I3_CARRY4_O_O_1_LUT4_I3_O_FDCE_D (FDC,site=bff)}                                                                                    
   spi_mosi_FDCE_D_Q_FDCE_Q_D_LUT4_O_I3_CARRY4_O_O_1_LUT4_I3_O_FDCE_D_Q[0]  Net          51             (fanout=5)       2211                     -                                                                                                                                                                                    
   RBB_14/A3                                                                RBB_6L       14  [TILE 0 0, RBB 25 16]          -     r            5358                                                                                                                                                                                    
   RBB_14/AMUX                                                              RBB_6L       14  [TILE 0 0, RBB 25 16]        813     r            6171     {inst54: spi_mosi_FDCE_D_Q_LUT2_O (LUT,site=aluto)}                                                                                                                            
   spi_mosi_FDCE_D_Q[3]                                                     Net          34             (fanout=8)       1919                     -                                                                                                                                                                                    
   RBB_13/C3                                                                RBB_6L       13   [TILE 0 0, RBB 7 26]          -     r            8090     {inst26: spi_miso_FDCE_Q_D_LUT6_O_I0_FDCE_Q_D_LUT6_O_I0_FDCE_Q_D_LUT6_O (LUT,site=clut,cluto)} {inst24: spi_miso_FDCE_Q_D_LUT6_O_I0_FDCE_Q_D_LUT6_O_I0_FDCE_Q (FDCE,site=cff)} 
   --------------------------------------------------------------------------------------------------------------------------------------------------------------------------------------------------------------------------------------------------------------------------------------------------------------------------------------
   RBB_13/CLK                                                               RBB_6L       13   [TILE 0 0, RBB 7 26]        759     r            8849                                                                                                                                                                                    
   clk                                                                      Clock net     2           (fanout=388)      -2302                     -                                                                                                                                                                                    
   clk                                                                      CLOCK-PORT    -                      -    capture     r            6547                                                                                                                                                                                    
   --------------------------------------------------------------------------------------------------------------------------------------------------------------------------------------------------------------------------------------------------------------------------------------------------------------------------------------


Path 360:
   Slack (not met):                         -4653ps
     Path type:                               SETUP
     Group:                              <UDEF_clk>
     Launching clock:                           clk (rising edge)
     Capturing clock:                           clk (rising edge)

     Requested period:                       2000ps
   + Delay of the capturing clock:           2302ps
   - Clock uncertainty:                       150ps
   = Required time:                          4152ps
   - Propagation time:                       6458ps (45.6% logic, 54.4% route, logic stage 2)
   - Delay of the launching clock:           2347ps
   = Slack:                                 -4653ps

   Instance/Pin or Net Name   Type         ID     Location or Fanout   Delay(ps)  Edge  Arrival Time(ps)    Instance detail                                                                   
   ---------------------------------------------------------------------------------------------------------------------------------------------------------------------------------------------
   clk                        CLOCK-PORT    -                      -     launch     r               0                                                                                         
   clk                        Clock net     2           (fanout=388)       2347                     -                                                                                         
   RBB_10/CLK                 RBB_6L       10  [TILE 0 0, RBB 19 20]          -     r            2347                                                                                         
   ---------------------------------------------------------------------------------------------------------------------------------------------------------------------------------------------
   RBB_10/CMUX                RBB_6L       10  [TILE 0 0, RBB 19 20]       1380     r            3727     {inst57: u_spi.r_sck_sync_FDCE_Q (FDC,site=cffo)}                                   
   u_spi.r_sck_sync[1]        Net           9             (fanout=3)       1317                     -                                                                                         
   RBB_14/A2                  RBB_6L       14  [TILE 0 0, RBB 25 16]          -     r            5044                                                                                         
   RBB_14/A                   RBB_6L       14  [TILE 0 0, RBB 25 16]        759     r            5803     {inst55: spi_mosi_FDCE_D_Q_LUT2_O_1 (LUT,site=alut)}                                
   spi_mosi_FDCE_D_Q[4]       Net          35             (fanout=5)       2198                     -                                                                                         
   RBB_13/B6                  RBB_6L       13   [TILE 0 0, RBB 7 26]          -     r            8001     {<CE>inst24: spi_miso_FDCE_Q_D_LUT6_O_I0_FDCE_Q_D_LUT6_O_I0_FDCE_Q (FDCE,site=cff)} 
   ---------------------------------------------------------------------------------------------------------------------------------------------------------------------------------------------
   RBB_13/CLK                 RBB_6L       13   [TILE 0 0, RBB 7 26]        804     r            8805                                                                                         
   clk                        Clock net     2           (fanout=388)      -2302                     -                                                                                         
   clk                        CLOCK-PORT    -                      -    capture     r            6503                                                                                         
   ---------------------------------------------------------------------------------------------------------------------------------------------------------------------------------------------


Path 357:
   Slack (not met):                         -4653ps
     Path type:                               SETUP
     Group:                              <UDEF_clk>
     Launching clock:                           clk (rising edge)
     Capturing clock:                           clk (rising edge)

     Requested period:                       2000ps
   + Delay of the capturing clock:           2302ps
   - Clock uncertainty:                       150ps
   = Required time:                          4152ps
   - Propagation time:                       6458ps (45.6% logic, 54.4% route, logic stage 2)
   - Delay of the launching clock:           2347ps
   = Slack:                                 -4653ps

   Instance/Pin or Net Name   Type         ID     Location or Fanout   Delay(ps)  Edge  Arrival Time(ps)    Instance detail                                                
   --------------------------------------------------------------------------------------------------------------------------------------------------------------------------
   clk                        CLOCK-PORT    -                      -     launch     r               0                                                                      
   clk                        Clock net     2           (fanout=388)       2347                     -                                                                      
   RBB_10/CLK                 RBB_6L       10  [TILE 0 0, RBB 19 20]          -     r            2347                                                                      
   --------------------------------------------------------------------------------------------------------------------------------------------------------------------------
   RBB_10/CMUX                RBB_6L       10  [TILE 0 0, RBB 19 20]       1380     r            3727     {inst57: u_spi.r_sck_sync_FDCE_Q (FDC,site=cffo)}                
   u_spi.r_sck_sync[1]        Net           9             (fanout=3)       1317                     -                                                                      
   RBB_14/A2                  RBB_6L       14  [TILE 0 0, RBB 25 16]          -     r            5044                                                                      
   RBB_14/A                   RBB_6L       14  [TILE 0 0, RBB 25 16]        759     r            5803     {inst55: spi_mosi_FDCE_D_Q_LUT2_O_1 (LUT,site=alut)}             
   spi_mosi_FDCE_D_Q[4]       Net          35             (fanout=5)       2198                     -                                                                      
   RBB_13/B6                  RBB_6L       13   [TILE 0 0, RBB 7 26]          -     r            8001     {<CE>inst21: spi_miso_FDCE_Q_D_LUT6_O_I0_FDCE_Q (FDCE,site=dff)} 
   --------------------------------------------------------------------------------------------------------------------------------------------------------------------------
   RBB_13/CLK                 RBB_6L       13   [TILE 0 0, RBB 7 26]        804     r            8805                                                                      
   clk                        Clock net     2           (fanout=388)      -2302                     -                                                                      
   clk                        CLOCK-PORT    -                      -    capture     r            6503                                                                      
   --------------------------------------------------------------------------------------------------------------------------------------------------------------------------


Path 358:
   Slack (not met):                         -4653ps
     Path type:                               SETUP
     Group:                              <UDEF_clk>
     Launching clock:                           clk (rising edge)
     Capturing clock:                           clk (rising edge)

     Requested period:                       2000ps
   + Delay of the capturing clock:           2302ps
   - Clock uncertainty:                       150ps
   = Required time:                          4152ps
   - Propagation time:                       6458ps (45.6% logic, 54.4% route, logic stage 2)
   - Delay of the launching clock:           2347ps
   = Slack:                                 -4653ps

   Instance/Pin or Net Name   Type         ID     Location or Fanout   Delay(ps)  Edge  Arrival Time(ps)    Instance detail                                                                                      
   ----------------------------------------------------------------------------------------------------------------------------------------------------------------------------------------------------------------
   clk                        CLOCK-PORT    -                      -     launch     r               0                                                                                                            
   clk                        Clock net     2           (fanout=388)       2347                     -                                                                                                            
   RBB_10/CLK                 RBB_6L       10  [TILE 0 0, RBB 19 20]          -     r            2347                                                                                                            
   ----------------------------------------------------------------------------------------------------------------------------------------------------------------------------------------------------------------
   RBB_10/CMUX                RBB_6L       10  [TILE 0 0, RBB 19 20]       1380     r            3727     {inst57: u_spi.r_sck_sync_FDCE_Q (FDC,site=cffo)}                                                      
   u_spi.r_sck_sync[1]        Net           9             (fanout=3)       1317                     -                                                                                                            
   RBB_14/A2                  RBB_6L       14  [TILE 0 0, RBB 25 16]          -     r            5044                                                                                                            
   RBB_14/A                   RBB_6L       14  [TILE 0 0, RBB 25 16]        759     r            5803     {inst55: spi_mosi_FDCE_D_Q_LUT2_O_1 (LUT,site=alut)}                                                   
   spi_mosi_FDCE_D_Q[4]       Net          35             (fanout=5)       2198                     -                                                                                                            
   RBB_13/B6                  RBB_6L       13   [TILE 0 0, RBB 7 26]          -     r            8001     {<CE>inst27: spi_miso_FDCE_Q_D_LUT6_O_I0_FDCE_Q_D_LUT6_O_I0_FDCE_Q_D_LUT6_O_I0_FDCE_Q (FDCE,site=bff)} 
   ----------------------------------------------------------------------------------------------------------------------------------------------------------------------------------------------------------------
   RBB_13/CLK                 RBB_6L       13   [TILE 0 0, RBB 7 26]        804     r            8805                                                                                                            
   clk                        Clock net     2           (fanout=388)      -2302                     -                                                                                                            
   clk                        CLOCK-PORT    -                      -    capture     r            6503                                                                                                            
   ----------------------------------------------------------------------------------------------------------------------------------------------------------------------------------------------------------------


Path 359:
   Slack (not met):                         -4653ps
     Path type:                               SETUP
     Group:                              <UDEF_clk>
     Launching clock:                           clk (rising edge)
     Capturing clock:                           clk (rising edge)

     Requested period:                       2000ps
   + Delay of the capturing clock:           2302ps
   - Clock uncertainty:                       150ps
   = Required time:                          4152ps
   - Propagation time:                       6458ps (45.6% logic, 54.4% route, logic stage 2)
   - Delay of the launching clock:           2347ps
   = Slack:                                 -4653ps

   Instance/Pin or Net Name   Type         ID     Location or Fanout   Delay(ps)  Edge  Arrival Time(ps)    Instance detail                                                                                                                                                                  
   --------------------------------------------------------------------------------------------------------------------------------------------------------------------------------------------------------------------------------------------------------------------------------------------
   clk                        CLOCK-PORT    -                      -     launch     r               0                                                                                                                                                                                        
   clk                        Clock net     2           (fanout=388)       2347                     -                                                                                                                                                                                        
   RBB_10/CLK                 RBB_6L       10  [TILE 0 0, RBB 19 20]          -     r            2347                                                                                                                                                                                        
   --------------------------------------------------------------------------------------------------------------------------------------------------------------------------------------------------------------------------------------------------------------------------------------------
   RBB_10/CMUX                RBB_6L       10  [TILE 0 0, RBB 19 20]       1380     r            3727     {inst57: u_spi.r_sck_sync_FDCE_Q (FDC,site=cffo)}                                                                                                                                  
   u_spi.r_sck_sync[1]        Net           9             (fanout=3)       1317                     -                                                                                                                                                                                        
   RBB_14/A2                  RBB_6L       14  [TILE 0 0, RBB 25 16]          -     r            5044                                                                                                                                                                                        
   RBB_14/A                   RBB_6L       14  [TILE 0 0, RBB 25 16]        759     r            5803     {inst55: spi_mosi_FDCE_D_Q_LUT2_O_1 (LUT,site=alut)}                                                                                                                               
   spi_mosi_FDCE_D_Q[4]       Net          35             (fanout=5)       2198                     -                                                                                                                                                                                        
   RBB_13/B6                  RBB_6L       13   [TILE 0 0, RBB 7 26]          -     r            8001     {<CE>inst39: spi_miso_FDCE_Q_D_LUT6_O_I0_FDCE_Q_D_LUT6_O_I0_FDCE_Q_D_LUT6_O_I0_FDCE_Q_D_LUT6_O_I0_FDCE_Q_D_LUT6_O_I0_FDCE_Q_D_LUT6_O_I0_FDCE_Q_D_LUT6_O_I0_FDCE_Q (FDCE,site=aff)} 
   --------------------------------------------------------------------------------------------------------------------------------------------------------------------------------------------------------------------------------------------------------------------------------------------
   RBB_13/CLK                 RBB_6L       13   [TILE 0 0, RBB 7 26]        804     r            8805                                                                                                                                                                                        
   clk                        Clock net     2           (fanout=388)      -2302                     -                                                                                                                                                                                        
   clk                        CLOCK-PORT    -                      -    capture     r            6503                                                                                                                                                                                        
   --------------------------------------------------------------------------------------------------------------------------------------------------------------------------------------------------------------------------------------------------------------------------------------------


Path 361:
   Slack (not met):                         -4472ps
     Path type:                               SETUP
     Group:                              <UDEF_clk>
     Launching clock:                           clk (rising edge)
     Capturing clock:                           clk (rising edge)

     Requested period:                       2000ps
   + Delay of the capturing clock:           2302ps
   - Clock uncertainty:                       150ps
   = Required time:                          4152ps
   - Propagation time:                       6277ps (47.5% logic, 52.5% route, logic stage 2)
   - Delay of the launching clock:           2347ps
   = Slack:                                 -4472ps

   Instance/Pin or Net Name   Type         ID     Location or Fanout   Delay(ps)  Edge  Arrival Time(ps)    Instance detail                                                                                                                                                                  
   --------------------------------------------------------------------------------------------------------------------------------------------------------------------------------------------------------------------------------------------------------------------------------------------
   clk                        CLOCK-PORT    -                      -     launch     r               0                                                                                                                                                                                        
   clk                        Clock net     2           (fanout=388)       2347                     -                                                                                                                                                                                        
   RBB_10/CLK                 RBB_6L       10  [TILE 0 0, RBB 19 20]          -     r            2347                                                                                                                                                                                        
   --------------------------------------------------------------------------------------------------------------------------------------------------------------------------------------------------------------------------------------------------------------------------------------------
   RBB_10/CMUX                RBB_6L       10  [TILE 0 0, RBB 19 20]       1380     r            3727     {inst57: u_spi.r_sck_sync_FDCE_Q (FDC,site=cffo)}                                                                                                                                  
   u_spi.r_sck_sync[1]        Net           9             (fanout=3)       1317                     -                                                                                                                                                                                        
   RBB_14/A2                  RBB_6L       14  [TILE 0 0, RBB 25 16]          -     r            5044                                                                                                                                                                                        
   RBB_14/A                   RBB_6L       14  [TILE 0 0, RBB 25 16]        759     r            5803     {inst55: spi_mosi_FDCE_D_Q_LUT2_O_1 (LUT,site=alut)}                                                                                                                               
   spi_mosi_FDCE_D_Q[4]       Net          35             (fanout=5)       1978                     -                                                                                                                                                                                        
   RBB_13/A2                  RBB_6L       13   [TILE 0 0, RBB 7 26]          -     r            7781     {<CE>inst39: spi_miso_FDCE_Q_D_LUT6_O_I0_FDCE_Q_D_LUT6_O_I0_FDCE_Q_D_LUT6_O_I0_FDCE_Q_D_LUT6_O_I0_FDCE_Q_D_LUT6_O_I0_FDCE_Q_D_LUT6_O_I0_FDCE_Q_D_LUT6_O_I0_FDCE_Q (FDCE,site=aff)} 
   --------------------------------------------------------------------------------------------------------------------------------------------------------------------------------------------------------------------------------------------------------------------------------------------
   RBB_13/CLK                 RBB_6L       13   [TILE 0 0, RBB 7 26]        843     r            8624                                                                                                                                                                                        
   clk                        Clock net     2           (fanout=388)      -2302                     -                                                                                                                                                                                        
   clk                        CLOCK-PORT    -                      -    capture     r            6322                                                                                                                                                                                        
   --------------------------------------------------------------------------------------------------------------------------------------------------------------------------------------------------------------------------------------------------------------------------------------------


Path 331:
   Slack (not met):                         -4377ps
     Path type:                               SETUP
     Group:                              <UDEF_clk>
     Launching clock:                           clk (rising edge)
     Capturing clock:                           clk (rising edge)

     Requested period:                       2000ps
   + Delay of the capturing clock:           2311ps
   - Clock uncertainty:                       150ps
   = Required time:                          4161ps
   - Propagation time:                       6191ps (49.6% logic, 50.4% route, logic stage 2)
   - Delay of the launching clock:           2347ps
   = Slack:                                 -4377ps

   Instance/Pin or Net Name   Type         ID     Location or Fanout   Delay(ps)  Edge  Arrival Time(ps)    Instance detail                                     
   ---------------------------------------------------------------------------------------------------------------------------------------------------------------
   clk                        CLOCK-PORT    -                      -     launch     r               0                                                           
   clk                        Clock net     2           (fanout=388)       2347                     -                                                           
   RBB_10/CLK                 RBB_6L       10  [TILE 0 0, RBB 19 20]          -     r            2347                                                           
   ---------------------------------------------------------------------------------------------------------------------------------------------------------------
   RBB_10/CMUX                RBB_6L       10  [TILE 0 0, RBB 19 20]       1380     r            3727     {inst57: u_spi.r_sck_sync_FDCE_Q (FDC,site=cffo)}     
   u_spi.r_sck_sync[1]        Net           9             (fanout=3)       1315                     -                                                           
   RBB_11/D5                  RBB_6L       11  [TILE 0 0, RBB 22 18]          -     r            5042                                                           
   RBB_11/DMUX                RBB_6L       11  [TILE 0 0, RBB 22 18]        814     r            5856     {inst70: u_spi.w_sck_edge_LUT2_O (LUT,site=dluto)}    
   u_spi.w_sck_edge           Net          10             (fanout=7)       1805                     -                                                           
   RBB_15/A6                  RBB_6L       15   [TILE 0 0, RBB 4 22]          -     r            7661     {<CE>inst64: u_spi.rx_shift_FDCE_Q_1 (FDCE,site=cff)} 
   ---------------------------------------------------------------------------------------------------------------------------------------------------------------
   RBB_15/CLK                 RBB_6L       15   [TILE 0 0, RBB 4 22]        877     r            8538                                                           
   clk                        Clock net     2           (fanout=388)      -2311                     -                                                           
   clk                        CLOCK-PORT    -                      -    capture     r            6227                                                           
   ---------------------------------------------------------------------------------------------------------------------------------------------------------------


Path 330:
   Slack (not met):                         -4377ps
     Path type:                               SETUP
     Group:                              <UDEF_clk>
     Launching clock:                           clk (rising edge)
     Capturing clock:                           clk (rising edge)

     Requested period:                       2000ps
   + Delay of the capturing clock:           2311ps
   - Clock uncertainty:                       150ps
   = Required time:                          4161ps
   - Propagation time:                       6191ps (49.6% logic, 50.4% route, logic stage 2)
   - Delay of the launching clock:           2347ps
   = Slack:                                 -4377ps

   Instance/Pin or Net Name   Type         ID     Location or Fanout   Delay(ps)  Edge  Arrival Time(ps)    Instance detail                                   
   -------------------------------------------------------------------------------------------------------------------------------------------------------------
   clk                        CLOCK-PORT    -                      -     launch     r               0                                                         
   clk                        Clock net     2           (fanout=388)       2347                     -                                                         
   RBB_10/CLK                 RBB_6L       10  [TILE 0 0, RBB 19 20]          -     r            2347                                                         
   -------------------------------------------------------------------------------------------------------------------------------------------------------------
   RBB_10/CMUX                RBB_6L       10  [TILE 0 0, RBB 19 20]       1380     r            3727     {inst57: u_spi.r_sck_sync_FDCE_Q (FDC,site=cffo)}   
   u_spi.r_sck_sync[1]        Net           9             (fanout=3)       1315                     -                                                         
   RBB_11/D5                  RBB_6L       11  [TILE 0 0, RBB 22 18]          -     r            5042                                                         
   RBB_11/DMUX                RBB_6L       11  [TILE 0 0, RBB 22 18]        814     r            5856     {inst70: u_spi.w_sck_edge_LUT2_O (LUT,site=dluto)}  
   u_spi.w_sck_edge           Net          10             (fanout=7)       1805                     -                                                         
   RBB_15/A6                  RBB_6L       15   [TILE 0 0, RBB 4 22]          -     r            7661     {<CE>inst63: u_spi.rx_shift_FDCE_Q (FDCE,site=dff)} 
   -------------------------------------------------------------------------------------------------------------------------------------------------------------
   RBB_15/CLK                 RBB_6L       15   [TILE 0 0, RBB 4 22]        877     r            8538                                                         
   clk                        Clock net     2           (fanout=388)      -2311                     -                                                         
   clk                        CLOCK-PORT    -                      -    capture     r            6227                                                         
   -------------------------------------------------------------------------------------------------------------------------------------------------------------


Path 329:
   Slack (not met):                         -4377ps
     Path type:                               SETUP
     Group:                              <UDEF_clk>
     Launching clock:                           clk (rising edge)
     Capturing clock:                           clk (rising edge)

     Requested period:                       2000ps
   + Delay of the capturing clock:           2311ps
   - Clock uncertainty:                       150ps
   = Required time:                          4161ps
   - Propagation time:                       6191ps (49.6% logic, 50.4% route, logic stage 2)
   - Delay of the launching clock:           2347ps
   = Slack:                                 -4377ps

   Instance/Pin or Net Name   Type         ID     Location or Fanout   Delay(ps)  Edge  Arrival Time(ps)    Instance detail                                     
   ---------------------------------------------------------------------------------------------------------------------------------------------------------------
   clk                        CLOCK-PORT    -                      -     launch     r               0                                                           
   clk                        Clock net     2           (fanout=388)       2347                     -                                                           
   RBB_10/CLK                 RBB_6L       10  [TILE 0 0, RBB 19 20]          -     r            2347                                                           
   ---------------------------------------------------------------------------------------------------------------------------------------------------------------
   RBB_10/CMUX                RBB_6L       10  [TILE 0 0, RBB 19 20]       1380     r            3727     {inst57: u_spi.r_sck_sync_FDCE_Q (FDC,site=cffo)}     
   u_spi.r_sck_sync[1]        Net           9             (fanout=3)       1315                     -                                                           
   RBB_11/D5                  RBB_6L       11  [TILE 0 0, RBB 22 18]          -     r            5042                                                           
   RBB_11/DMUX                RBB_6L       11  [TILE 0 0, RBB 22 18]        814     r            5856     {inst70: u_spi.w_sck_edge_LUT2_O (LUT,site=dluto)}    
   u_spi.w_sck_edge           Net          10             (fanout=7)       1805                     -                                                           
   RBB_15/A6                  RBB_6L       15   [TILE 0 0, RBB 4 22]          -     r            7661     {<CE>inst68: u_spi.rx_shift_FDCE_Q_5 (FDCE,site=aff)} 
   ---------------------------------------------------------------------------------------------------------------------------------------------------------------
   RBB_15/CLK                 RBB_6L       15   [TILE 0 0, RBB 4 22]        877     r            8538                                                           
   clk                        Clock net     2           (fanout=388)      -2311                     -                                                           
   clk                        CLOCK-PORT    -                      -    capture     r            6227                                                           
   ---------------------------------------------------------------------------------------------------------------------------------------------------------------


Path 328:
   Slack (not met):                         -4377ps
     Path type:                               SETUP
     Group:                              <UDEF_clk>
     Launching clock:                           clk (rising edge)
     Capturing clock:                           clk (rising edge)

     Requested period:                       2000ps
   + Delay of the capturing clock:           2311ps
   - Clock uncertainty:                       150ps
   = Required time:                          4161ps
   - Propagation time:                       6191ps (49.6% logic, 50.4% route, logic stage 2)
   - Delay of the launching clock:           2347ps
   = Slack:                                 -4377ps

   Instance/Pin or Net Name   Type         ID     Location or Fanout   Delay(ps)  Edge  Arrival Time(ps)    Instance detail                                      
   ----------------------------------------------------------------------------------------------------------------------------------------------------------------
   clk                        CLOCK-PORT    -                      -     launch     r               0                                                            
   clk                        Clock net     2           (fanout=388)       2347                     -                                                            
   RBB_10/CLK                 RBB_6L       10  [TILE 0 0, RBB 19 20]          -     r            2347                                                            
   ----------------------------------------------------------------------------------------------------------------------------------------------------------------
   RBB_10/CMUX                RBB_6L       10  [TILE 0 0, RBB 19 20]       1380     r            3727     {inst57: u_spi.r_sck_sync_FDCE_Q (FDC,site=cffo)}      
   u_spi.r_sck_sync[1]        Net           9             (fanout=3)       1315                     -                                                            
   RBB_11/D5                  RBB_6L       11  [TILE 0 0, RBB 22 18]          -     r            5042                                                            
   RBB_11/DMUX                RBB_6L       11  [TILE 0 0, RBB 22 18]        814     r            5856     {inst70: u_spi.w_sck_edge_LUT2_O (LUT,site=dluto)}     
   u_spi.w_sck_edge           Net          10             (fanout=7)       1805                     -                                                            
   RBB_15/A6                  RBB_6L       15   [TILE 0 0, RBB 4 22]          -     r            7661     {<CE>inst66: u_spi.rx_shift_FDCE_Q_3 (FDCE,site=cffo)} 
   ----------------------------------------------------------------------------------------------------------------------------------------------------------------
   RBB_15/CLK                 RBB_6L       15   [TILE 0 0, RBB 4 22]        877     r            8538                                                            
   clk                        Clock net     2           (fanout=388)      -2311                     -                                                            
   clk                        CLOCK-PORT    -                      -    capture     r            6227                                                            
   ----------------------------------------------------------------------------------------------------------------------------------------------------------------


Path 332:
   Slack (not met):                         -4377ps
     Path type:                               SETUP
     Group:                              <UDEF_clk>
     Launching clock:                           clk (rising edge)
     Capturing clock:                           clk (rising edge)

     Requested period:                       2000ps
   + Delay of the capturing clock:           2311ps
   - Clock uncertainty:                       150ps
   = Required time:                          4161ps
   - Propagation time:                       6191ps (49.6% logic, 50.4% route, logic stage 2)
   - Delay of the launching clock:           2347ps
   = Slack:                                 -4377ps

   Instance/Pin or Net Name   Type         ID     Location or Fanout   Delay(ps)  Edge  Arrival Time(ps)    Instance detail                                     
   ---------------------------------------------------------------------------------------------------------------------------------------------------------------
   clk                        CLOCK-PORT    -                      -     launch     r               0                                                           
   clk                        Clock net     2           (fanout=388)       2347                     -                                                           
   RBB_10/CLK                 RBB_6L       10  [TILE 0 0, RBB 19 20]          -     r            2347                                                           
   ---------------------------------------------------------------------------------------------------------------------------------------------------------------
   RBB_10/CMUX                RBB_6L       10  [TILE 0 0, RBB 19 20]       1380     r            3727     {inst57: u_spi.r_sck_sync_FDCE_Q (FDC,site=cffo)}     
   u_spi.r_sck_sync[1]        Net           9             (fanout=3)       1315                     -                                                           
   RBB_11/D5                  RBB_6L       11  [TILE 0 0, RBB 22 18]          -     r            5042                                                           
   RBB_11/DMUX                RBB_6L       11  [TILE 0 0, RBB 22 18]        814     r            5856     {inst70: u_spi.w_sck_edge_LUT2_O (LUT,site=dluto)}    
   u_spi.w_sck_edge           Net          10             (fanout=7)       1805                     -                                                           
   RBB_15/A6                  RBB_6L       15   [TILE 0 0, RBB 4 22]          -     r            7661     {<CE>inst67: u_spi.rx_shift_FDCE_Q_4 (FDCE,site=bff)} 
   ---------------------------------------------------------------------------------------------------------------------------------------------------------------
   RBB_15/CLK                 RBB_6L       15   [TILE 0 0, RBB 4 22]        877     r            8538                                                           
   clk                        Clock net     2           (fanout=388)      -2311                     -                                                           
   clk                        CLOCK-PORT    -                      -    capture     r            6227                                                           
   ---------------------------------------------------------------------------------------------------------------------------------------------------------------


Path 337:
   Slack (not met):                         -4315ps
     Path type:                               SETUP
     Group:                              <UDEF_clk>
     Launching clock:                           clk (rising edge)
     Capturing clock:                           clk (rising edge)

     Requested period:                       2000ps
   + Delay of the capturing clock:           2355ps
   - Clock uncertainty:                       150ps
   = Required time:                          4205ps
   - Propagation time:                       6173ps (51.4% logic, 48.6% route, logic stage 2)
   - Delay of the launching clock:           2347ps
   = Slack:                                 -4315ps

   Instance/Pin or Net Name   Type         ID     Location or Fanout   Delay(ps)  Edge  Arrival Time(ps)    Instance detail                                     
   ---------------------------------------------------------------------------------------------------------------------------------------------------------------
   clk                        CLOCK-PORT    -                      -     launch     r               0                                                           
   clk                        Clock net     2           (fanout=388)       2347                     -                                                           
   RBB_10/CLK                 RBB_6L       10  [TILE 0 0, RBB 19 20]          -     r            2347                                                           
   ---------------------------------------------------------------------------------------------------------------------------------------------------------------
   RBB_10/CMUX                RBB_6L       10  [TILE 0 0, RBB 19 20]       1380     r            3727     {inst57: u_spi.r_sck_sync_FDCE_Q (FDC,site=cffo)}     
   u_spi.r_sck_sync[1]        Net           9             (fanout=3)       1315                     -                                                           
   RBB_11/D5                  RBB_6L       11  [TILE 0 0, RBB 22 18]          -     r            5042                                                           
   RBB_11/DMUX                RBB_6L       11  [TILE 0 0, RBB 22 18]        814     r            5856     {inst70: u_spi.w_sck_edge_LUT2_O (LUT,site=dluto)}    
   u_spi.w_sck_edge           Net          10             (fanout=7)       1684                     -                                                           
   RBB_16/A6                  RBB_6L       16  [TILE 0 0, RBB 10 24]          -     r            7540     {<CE>inst69: u_spi.rx_shift_FDCE_Q_6 (FDCE,site=dff)} 
   ---------------------------------------------------------------------------------------------------------------------------------------------------------------
   RBB_16/CLK                 RBB_6L       16  [TILE 0 0, RBB 10 24]        980     r            8520                                                           
   clk                        Clock net     2           (fanout=388)      -2355                     -                                                           
   clk                        CLOCK-PORT    -                      -    capture     r            6165                                                           
   ---------------------------------------------------------------------------------------------------------------------------------------------------------------


Path 362:
   Slack (not met):                         -4160ps
     Path type:                               SETUP
     Group:                              <UDEF_clk>
     Launching clock:                           clk (rising edge)
     Capturing clock:                           clk (rising edge)

     Requested period:                       2000ps
   + Delay of the capturing clock:           2347ps
   - Clock uncertainty:                       150ps
   = Required time:                          4197ps
   - Propagation time:                       6010ps (45.1% logic, 54.9% route, logic stage 2)
   - Delay of the launching clock:           2347ps
   = Slack:                                 -4160ps

   Instance/Pin or Net Name                                                 Type         ID     Location or Fanout   Delay(ps)  Edge  Arrival Time(ps)    Instance detail                                                                                                                                                               
   ---------------------------------------------------------------------------------------------------------------------------------------------------------------------------------------------------------------------------------------------------------------------------------------------------------------------------------------
   clk                                                                      CLOCK-PORT    -                      -     launch     r               0                                                                                                                                                                                     
   clk                                                                      Clock net     2           (fanout=388)       2347                     -                                                                                                                                                                                     
   RBB_10/CLK                                                               RBB_6L       10  [TILE 0 0, RBB 19 20]          -     r            2347                                                                                                                                                                                     
   ---------------------------------------------------------------------------------------------------------------------------------------------------------------------------------------------------------------------------------------------------------------------------------------------------------------------------------------
   RBB_10/BQ                                                                RBB_6L       10  [TILE 0 0, RBB 19 20]        800     r            3147     {inst52: spi_mosi_FDCE_D_Q_FDCE_Q_D_LUT4_O_I3_CARRY4_O_O_1_LUT4_I3_O_FDCE_D (FDC,site=bff)}                                                                                     
   spi_mosi_FDCE_D_Q_FDCE_Q_D_LUT4_O_I3_CARRY4_O_O_1_LUT4_I3_O_FDCE_D_Q[0]  Net          51             (fanout=5)       1956                     -                                                                                                                                                                                     
   RBB_7/C1                                                                 RBB_6L        7  [TILE 0 0, RBB 25 20]          -     r            5103                                                                                                                                                                                     
   RBB_7/CQ                                                                 RBB_6L        7  [TILE 0 0, RBB 25 20]       1109     r            6212     {inst47: spi_mosi_FDCE_D_Q_FDCE_Q_D_LUT4_O_I3_CARRY4_O (CARRY4)}                                                                                                                
   spi_mosi_FDCE_D_Q_FDCE_Q_D_LUT4_O_I3_CARRY4_O_O_1[1]                     Net          77             (fanout=1)       1343                     -                                                                                                                                                                                     
   RBB_10/B1                                                                RBB_6L       10  [TILE 0 0, RBB 19 20]          -     r            7555     {inst51: spi_mosi_FDCE_D_Q_FDCE_Q_D_LUT4_O_I3_CARRY4_O_O_1_LUT4_I3 (LUT,site=blut)} {inst52: spi_mosi_FDCE_D_Q_FDCE_Q_D_LUT4_O_I3_CARRY4_O_O_1_LUT4_I3_O_FDCE_D (FDC,site=bff)} 
   ---------------------------------------------------------------------------------------------------------------------------------------------------------------------------------------------------------------------------------------------------------------------------------------------------------------------------------------
   RBB_10/CLK                                                               RBB_6L       10  [TILE 0 0, RBB 19 20]        802     r            8357                                                                                                                                                                                     
   clk                                                                      Clock net     2           (fanout=388)      -2347                     -                                                                                                                                                                                     
   clk                                                                      CLOCK-PORT    -                      -    capture     r            6010                                                                                                                                                                                     
   ---------------------------------------------------------------------------------------------------------------------------------------------------------------------------------------------------------------------------------------------------------------------------------------------------------------------------------------


Path 338:
   Slack (not met):                         -4041ps
     Path type:                               SETUP
     Group:                              <UDEF_clk>
     Launching clock:                           clk (rising edge)
     Capturing clock:                           clk (rising edge)

     Requested period:                       2000ps
   + Delay of the capturing clock:           2311ps
   - Clock uncertainty:                       150ps
   = Required time:                          4161ps
   - Propagation time:                       5855ps (46.7% logic, 53.3% route, logic stage 2)
   - Delay of the launching clock:           2347ps
   = Slack:                                 -4041ps

   Instance/Pin or Net Name   Type         ID     Location or Fanout   Delay(ps)  Edge  Arrival Time(ps)    Instance detail                                      
   ----------------------------------------------------------------------------------------------------------------------------------------------------------------
   clk                        CLOCK-PORT    -                      -     launch     r               0                                                            
   clk                        Clock net     2           (fanout=388)       2347                     -                                                            
   RBB_10/CLK                 RBB_6L       10  [TILE 0 0, RBB 19 20]          -     r            2347                                                            
   ----------------------------------------------------------------------------------------------------------------------------------------------------------------
   RBB_10/CMUX                RBB_6L       10  [TILE 0 0, RBB 19 20]       1380     r            3727     {inst57: u_spi.r_sck_sync_FDCE_Q (FDC,site=cffo)}      
   u_spi.r_sck_sync[1]        Net           9             (fanout=3)       1315                     -                                                            
   RBB_11/D5                  RBB_6L       11  [TILE 0 0, RBB 22 18]          -     r            5042                                                            
   RBB_11/DMUX                RBB_6L       11  [TILE 0 0, RBB 22 18]        814     r            5856     {inst70: u_spi.w_sck_edge_LUT2_O (LUT,site=dluto)}     
   u_spi.w_sck_edge           Net          10             (fanout=7)       1805                     -                                                            
   RBB_15/A6                  RBB_6L       15   [TILE 0 0, RBB 4 22]          -     r            7661     {<CE>inst65: u_spi.rx_shift_FDCE_Q_2 (FDCE,site=dffo)} 
   ----------------------------------------------------------------------------------------------------------------------------------------------------------------
   RBB_15/CLK                 RBB_6L       15   [TILE 0 0, RBB 4 22]        541     r            8202                                                            
   clk                        Clock net     2           (fanout=388)      -2311                     -                                                            
   clk                        CLOCK-PORT    -                      -    capture     r            5891                                                            
   ----------------------------------------------------------------------------------------------------------------------------------------------------------------


Path 363:
   Slack (not met):                         -3976ps
     Path type:                               SETUP
     Group:                              <UDEF_clk>
     Launching clock:                           clk (rising edge)
     Capturing clock:                           clk (rising edge)

     Requested period:                       2000ps
   + Delay of the capturing clock:           2328ps
   - Clock uncertainty:                       150ps
   = Required time:                          4178ps
   - Propagation time:                       5807ps (51.4% logic, 48.6% route, logic stage 2)
   - Delay of the launching clock:           2347ps
   = Slack:                                 -3976ps

   Instance/Pin or Net Name   Type         ID     Location or Fanout   Delay(ps)  Edge  Arrival Time(ps)    Instance detail                                                                
   ------------------------------------------------------------------------------------------------------------------------------------------------------------------------------------------
   clk                        CLOCK-PORT    -                      -     launch     r               0                                                                                      
   clk                        Clock net     2           (fanout=388)       2347                     -                                                                                      
   RBB_10/CLK                 RBB_6L       10  [TILE 0 0, RBB 19 20]          -     r            2347                                                                                      
   ------------------------------------------------------------------------------------------------------------------------------------------------------------------------------------------
   RBB_10/CMUX                RBB_6L       10  [TILE 0 0, RBB 19 20]       1380     r            3727     {inst57: u_spi.r_sck_sync_FDCE_Q (FDC,site=cffo)}                                
   u_spi.r_sck_sync[1]        Net           9             (fanout=3)       1317                     -                                                                                      
   RBB_14/A2                  RBB_6L       14  [TILE 0 0, RBB 25 16]          -     r            5044                                                                                      
   RBB_14/A                   RBB_6L       14  [TILE 0 0, RBB 25 16]        759     r            5803     {inst55: spi_mosi_FDCE_D_Q_LUT2_O_1 (LUT,site=alut)}                             
   spi_mosi_FDCE_D_Q[4]       Net          35             (fanout=5)       1507                     -                                                                                      
   RBB_1/CE                   IOB           1   [TILE 0 0, RBB 31 8]          -     r            7310     {inst19: spi_miso_FDCE_Q (FDCE)} {(output_port) inst76: g_76_spi_miso_obuf (IO)} 
   ------------------------------------------------------------------------------------------------------------------------------------------------------------------------------------------
   RBB_1/CLK                  IOB           1   [TILE 0 0, RBB 31 8]        844     r            8154                                                                                      
   clk                        Clock net     2           (fanout=388)      -2328                     -                                                                                      
   clk                        CLOCK-PORT    -                      -    capture     r            5826                                                                                      
   ------------------------------------------------------------------------------------------------------------------------------------------------------------------------------------------


Path 364:
   Slack (not met):                         -3925ps
     Path type:                               SETUP
     Group:                              <UDEF_clk>
     Launching clock:                           clk (rising edge)
     Capturing clock:                           clk (rising edge)

     Requested period:                       2000ps
   + Delay of the capturing clock:           2347ps
   - Clock uncertainty:                       150ps
   = Required time:                          4197ps
   - Propagation time:                       5775ps (51.6% logic, 48.4% route, logic stage 2)
   - Delay of the launching clock:           2347ps
   = Slack:                                 -3925ps

   Instance/Pin or Net Name                               Type         ID     Location or Fanout   Delay(ps)  Edge  Arrival Time(ps)    Instance detail                                                                                                                          
   --------------------------------------------------------------------------------------------------------------------------------------------------------------------------------------------------------------------------------------------------------------------------------
   clk                                                    CLOCK-PORT    -                      -     launch     r               0                                                                                                                                                
   clk                                                    Clock net     2           (fanout=388)       2347                     -                                                                                                                                                
   RBB_10/CLK                                             RBB_6L       10  [TILE 0 0, RBB 19 20]          -     r            2347                                                                                                                                                
   --------------------------------------------------------------------------------------------------------------------------------------------------------------------------------------------------------------------------------------------------------------------------------
   RBB_10/DQ                                              RBB_6L       10  [TILE 0 0, RBB 19 20]        800     r            3147     {inst45: spi_mosi_FDCE_D_Q_FDCE_Q (FDC,site=dff)}                                                                                          
   spi_mosi_FDCE_D_Q[1]                                   Net          33            (fanout=10)       1653                     -                                                                                                                                                
   RBB_7/B1                                               RBB_6L        7  [TILE 0 0, RBB 25 20]          -     r            4800                                                                                                                                                
   RBB_7/BMUX                                             RBB_6L        7  [TILE 0 0, RBB 25 20]       1234     r            6034     {inst47: spi_mosi_FDCE_D_Q_FDCE_Q_D_LUT4_O_I3_CARRY4_O (CARRY4)}                                                                           
   spi_mosi_FDCE_D_Q_FDCE_Q_D_LUT4_O_I3_CARRY4_O_CO_2[3]  Net          76             (fanout=2)       1144                     -                                                                                                                                                
   RBB_10/A1                                              RBB_6L       10  [TILE 0 0, RBB 19 20]          -     r            7178     {inst48: spi_mosi_FDCE_D_Q_FDCE_Q_D_LUT4_O_I3_CARRY4_O_CO_2_LUT4_I2 (LUT,site=alut)} {inst56: u_spi.o_rx_data_valid_FDCE_Q (FDC,site=aff)} 
   --------------------------------------------------------------------------------------------------------------------------------------------------------------------------------------------------------------------------------------------------------------------------------
   RBB_10/CLK                                             RBB_6L       10  [TILE 0 0, RBB 19 20]        944     r            8122                                                                                                                                                
   clk                                                    Clock net     2           (fanout=388)      -2347                     -                                                                                                                                                
   clk                                                    CLOCK-PORT    -                      -    capture     r            5775                                                                                                                                                
   --------------------------------------------------------------------------------------------------------------------------------------------------------------------------------------------------------------------------------------------------------------------------------


Path 57:
   Slack (not met):                         -3813ps
     Path type:                               SETUP
     Group:                              <UDEF_clk>
     Launching clock:                           clk (rising edge)
     Capturing clock:                           clk (rising edge)

     Requested period:                       2000ps
   + Delay of the capturing clock:           2347ps
   - Clock uncertainty:                       150ps
   = Required time:                          4197ps
   - Propagation time:                       5685ps (53.6% logic, 46.4% route, logic stage 2)
   - Delay of the launching clock:           2325ps
   = Slack:                                 -3813ps

   Instance/Pin or Net Name                 Type         ID     Location or Fanout   Delay(ps)  Edge  Arrival Time(ps)    Instance detail                                                                                             
   -------------------------------------------------------------------------------------------------------------------------------------------------------------------------------------------------------------------------------------
   clk                                      CLOCK-PORT    -                      -     launch     r               0                                                                                                                   
   clk                                      Clock net     2           (fanout=388)       2325                     -                                                                                                                   
   RBB_11/CLK                               RBB_6L       11  [TILE 0 0, RBB 22 18]          -     r            2325                                                                                                                   
   -------------------------------------------------------------------------------------------------------------------------------------------------------------------------------------------------------------------------------------
   RBB_11/DQ                                RBB_6L       11  [TILE 0 0, RBB 22 18]        800     r            3125     {inst62: u_spi.r_ss_n_sync_LUT3_I1_O_FDCE_D (FDC,site=dff)}                                                   
   u_spi.r_ss_n_sync_LUT3_I1_O_FDCE_D_Q     Net          56            (fanout=10)       1507                     -                                                                                                                   
   RBB_7/A1                                 RBB_6L        7  [TILE 0 0, RBB 25 20]          -     r            4632                                                                                                                   
   RBB_7/BQ                                 RBB_6L        7  [TILE 0 0, RBB 25 20]       1388     r            6020     {inst47: spi_mosi_FDCE_D_Q_FDCE_Q_D_LUT4_O_I3_CARRY4_O (CARRY4)}                                              
   spi_mosi_FDCE_D_Q_FDCE_Q_D_LUT4_O_I3[1]  Net          67             (fanout=1)       1131                     -                                                                                                                   
   RBB_10/D2                                RBB_6L       10  [TILE 0 0, RBB 19 20]          -     r            7151     {inst46: spi_mosi_FDCE_D_Q_FDCE_Q_D_LUT4_O (LUT,site=dlut)} {inst45: spi_mosi_FDCE_D_Q_FDCE_Q (FDC,site=dff)} 
   -------------------------------------------------------------------------------------------------------------------------------------------------------------------------------------------------------------------------------------
   RBB_10/CLK                               RBB_6L       10  [TILE 0 0, RBB 19 20]        859     r            8010                                                                                                                   
   clk                                      Clock net     2           (fanout=388)      -2347                     -                                                                                                                   
   clk                                      CLOCK-PORT    -                      -    capture     r            5663                                                                                                                   
   -------------------------------------------------------------------------------------------------------------------------------------------------------------------------------------------------------------------------------------


Path 75:
   Slack (not met):                         -3780ps
     Path type:                               SETUP
     Group:                              <UDEF_clk>
     Launching clock:                           clk (rising edge)
     Capturing clock:                           clk (rising edge)

     Requested period:                       2000ps
   + Delay of the capturing clock:           2273ps
   - Clock uncertainty:                       150ps
   = Required time:                          4123ps
   - Propagation time:                       5556ps (44.6% logic, 55.4% route, logic stage 2)
   - Delay of the launching clock:           2347ps
   = Slack:                                 -3780ps

   Instance/Pin or Net Name                                                 Type         ID     Location or Fanout   Delay(ps)  Edge  Arrival Time(ps)    Instance detail                                                                                                                                                                                                                                          
   ------------------------------------------------------------------------------------------------------------------------------------------------------------------------------------------------------------------------------------------------------------------------------------------------------------------------------------------------------------------------------------------------------------------
   clk                                                                      CLOCK-PORT    -                      -     launch     r               0                                                                                                                                                                                                                                                                
   clk                                                                      Clock net     2           (fanout=388)       2347                     -                                                                                                                                                                                                                                                                
   RBB_10/CLK                                                               RBB_6L       10  [TILE 0 0, RBB 19 20]          -     r            2347                                                                                                                                                                                                                                                                
   ------------------------------------------------------------------------------------------------------------------------------------------------------------------------------------------------------------------------------------------------------------------------------------------------------------------------------------------------------------------------------------------------------------------
   RBB_10/BQ                                                                RBB_6L       10  [TILE 0 0, RBB 19 20]        800     r            3147     {inst52: spi_mosi_FDCE_D_Q_FDCE_Q_D_LUT4_O_I3_CARRY4_O_O_1_LUT4_I3_O_FDCE_D (FDC,site=bff)}                                                                                                                                                                
   spi_mosi_FDCE_D_Q_FDCE_Q_D_LUT4_O_I3_CARRY4_O_O_1_LUT4_I3_O_FDCE_D_Q[0]  Net          51             (fanout=5)       2211                     -                                                                                                                                                                                                                                                                
   RBB_14/A3                                                                RBB_6L       14  [TILE 0 0, RBB 25 16]          -     r            5358                                                                                                                                                                                                                                                                
   RBB_14/AMUX                                                              RBB_6L       14  [TILE 0 0, RBB 25 16]        813     r            6171     {inst54: spi_mosi_FDCE_D_Q_LUT2_O (LUT,site=aluto)}                                                                                                                                                                                                        
   spi_mosi_FDCE_D_Q[3]                                                     Net          34             (fanout=8)        868                     -                                                                                                                                                                                                                                                                
   RBB_14/D3                                                                RBB_6L       14  [TILE 0 0, RBB 25 16]          -     r            7039     {inst32: spi_miso_FDCE_Q_D_LUT6_O_I0_FDCE_Q_D_LUT6_O_I0_FDCE_Q_D_LUT6_O_I0_FDCE_Q_D_LUT6_O_I0_FDCE_Q_D_LUT6_O (LUT,site=dlut,dluto)} {inst30: spi_miso_FDCE_Q_D_LUT6_O_I0_FDCE_Q_D_LUT6_O_I0_FDCE_Q_D_LUT6_O_I0_FDCE_Q_D_LUT6_O_I0_FDCE_Q (FDCE,site=dff)} 
   ------------------------------------------------------------------------------------------------------------------------------------------------------------------------------------------------------------------------------------------------------------------------------------------------------------------------------------------------------------------------------------------------------------------
   RBB_14/CLK                                                               RBB_6L       14  [TILE 0 0, RBB 25 16]        864     r            7903                                                                                                                                                                                                                                                                
   clk                                                                      Clock net     2           (fanout=388)      -2273                     -                                                                                                                                                                                                                                                                
   clk                                                                      CLOCK-PORT    -                      -    capture     r            5630                                                                                                                                                                                                                                                                
   ------------------------------------------------------------------------------------------------------------------------------------------------------------------------------------------------------------------------------------------------------------------------------------------------------------------------------------------------------------------------------------------------------------------


Path 365:
   Slack (not met):                         -3743ps
     Path type:                               SETUP
     Group:                              <UDEF_clk>
     Launching clock:                           clk (rising edge)
     Capturing clock:                           clk (rising edge)

     Requested period:                       2000ps
   + Delay of the capturing clock:           2347ps
   - Clock uncertainty:                       150ps
   = Required time:                          4197ps
   - Propagation time:                       5593ps (49.9% logic, 50.1% route, logic stage 2)
   - Delay of the launching clock:           2347ps
   = Slack:                                 -3743ps

   Instance/Pin or Net Name                               Type         ID     Location or Fanout   Delay(ps)  Edge  Arrival Time(ps)    Instance detail                                                                                                                                                                 
   -----------------------------------------------------------------------------------------------------------------------------------------------------------------------------------------------------------------------------------------------------------------------------------------------------------------------
   clk                                                    CLOCK-PORT    -                      -     launch     r               0                                                                                                                                                                                       
   clk                                                    Clock net     2           (fanout=388)       2347                     -                                                                                                                                                                                       
   RBB_10/CLK                                             RBB_6L       10  [TILE 0 0, RBB 19 20]          -     r            2347                                                                                                                                                                                       
   -----------------------------------------------------------------------------------------------------------------------------------------------------------------------------------------------------------------------------------------------------------------------------------------------------------------------
   RBB_10/DQ                                              RBB_6L       10  [TILE 0 0, RBB 19 20]        800     r            3147     {inst45: spi_mosi_FDCE_D_Q_FDCE_Q (FDC,site=dff)}                                                                                                                                 
   spi_mosi_FDCE_D_Q[1]                                   Net          33            (fanout=10)       1653                     -                                                                                                                                                                                       
   RBB_7/B1                                               RBB_6L        7  [TILE 0 0, RBB 25 20]          -     r            4800                                                                                                                                                                                       
   RBB_7/BMUX                                             RBB_6L        7  [TILE 0 0, RBB 25 20]       1234     r            6034     {inst47: spi_mosi_FDCE_D_Q_FDCE_Q_D_LUT4_O_I3_CARRY4_O (CARRY4)}                                                                                                                  
   spi_mosi_FDCE_D_Q_FDCE_Q_D_LUT4_O_I3_CARRY4_O_CO_2[3]  Net          76             (fanout=2)       1147                     -                                                                                                                                                                                       
   RBB_10/C1                                              RBB_6L       10  [TILE 0 0, RBB 19 20]          -     r            7181     {inst49: spi_mosi_FDCE_D_Q_FDCE_Q_D_LUT4_O_I3_CARRY4_O_CO_2_LUT5_I4 (LUT,site=clut)} {inst50: spi_mosi_FDCE_D_Q_FDCE_Q_D_LUT4_O_I3_CARRY4_O_CO_2_LUT5_I4_O_FDCE_D (FDC,site=cff)} 
   -----------------------------------------------------------------------------------------------------------------------------------------------------------------------------------------------------------------------------------------------------------------------------------------------------------------------
   RBB_10/CLK                                             RBB_6L       10  [TILE 0 0, RBB 19 20]        759     r            7940                                                                                                                                                                                       
   clk                                                    Clock net     2           (fanout=388)      -2347                     -                                                                                                                                                                                       
   clk                                                    CLOCK-PORT    -                      -    capture     r            5593                                                                                                                                                                                       
   -----------------------------------------------------------------------------------------------------------------------------------------------------------------------------------------------------------------------------------------------------------------------------------------------------------------------


Path 339:
   Slack (not met):                         -3734ps
     Path type:                               SETUP
     Group:                              <UDEF_clk>
     Launching clock:                           clk (rising edge)
     Capturing clock:                           clk (rising edge)

     Requested period:                       2000ps
   + Delay of the capturing clock:           2347ps
   - Clock uncertainty:                       150ps
   = Required time:                          4197ps
   - Propagation time:                       5584ps (55.4% logic, 44.6% route, logic stage 2)
   - Delay of the launching clock:           2347ps
   = Slack:                                 -3734ps

   Instance/Pin or Net Name   Type         ID     Location or Fanout   Delay(ps)  Edge  Arrival Time(ps)    Instance detail                                                                                             
   -----------------------------------------------------------------------------------------------------------------------------------------------------------------------------------------------------------------------
   clk                        CLOCK-PORT    -                      -     launch     r               0                                                                                                                   
   clk                        Clock net     2           (fanout=388)       2347                     -                                                                                                                   
   RBB_10/CLK                 RBB_6L       10  [TILE 0 0, RBB 19 20]          -     r            2347                                                                                                                   
   -----------------------------------------------------------------------------------------------------------------------------------------------------------------------------------------------------------------------
   RBB_10/CMUX                RBB_6L       10  [TILE 0 0, RBB 19 20]       1380     r            3727     {inst57: u_spi.r_sck_sync_FDCE_Q (FDC,site=cffo)}                                                             
   u_spi.r_sck_sync[1]        Net           9             (fanout=3)       1315                     -                                                                                                                   
   RBB_11/D5                  RBB_6L       11  [TILE 0 0, RBB 22 18]          -     r            5042                                                                                                                   
   RBB_11/DMUX                RBB_6L       11  [TILE 0 0, RBB 22 18]        814     r            5856     {inst70: u_spi.w_sck_edge_LUT2_O (LUT,site=dluto)}                                                            
   u_spi.w_sck_edge           Net          10             (fanout=7)       1174                     -                                                                                                                   
   RBB_10/D5                  RBB_6L       10  [TILE 0 0, RBB 19 20]          -     r            7030     {inst46: spi_mosi_FDCE_D_Q_FDCE_Q_D_LUT4_O (LUT,site=dlut)} {inst45: spi_mosi_FDCE_D_Q_FDCE_Q (FDC,site=dff)} 
   -----------------------------------------------------------------------------------------------------------------------------------------------------------------------------------------------------------------------
   RBB_10/CLK                 RBB_6L       10  [TILE 0 0, RBB 19 20]        901     r            7931                                                                                                                   
   clk                        Clock net     2           (fanout=388)      -2347                     -                                                                                                                   
   clk                        CLOCK-PORT    -                      -    capture     r            5584                                                                                                                   
   -----------------------------------------------------------------------------------------------------------------------------------------------------------------------------------------------------------------------


Path 340:
   Slack (not met):                         -3734ps
     Path type:                               SETUP
     Group:                              <UDEF_clk>
     Launching clock:                           clk (rising edge)
     Capturing clock:                           clk (rising edge)

     Requested period:                       2000ps
   + Delay of the capturing clock:           2347ps
   - Clock uncertainty:                       150ps
   = Required time:                          4197ps
   - Propagation time:                       5584ps (55.4% logic, 44.6% route, logic stage 2)
   - Delay of the launching clock:           2347ps
   = Slack:                                 -3734ps

   Instance/Pin or Net Name   Type         ID     Location or Fanout   Delay(ps)  Edge  Arrival Time(ps)    Instance detail                                                                                                                                                                 
   -------------------------------------------------------------------------------------------------------------------------------------------------------------------------------------------------------------------------------------------------------------------------------------------
   clk                        CLOCK-PORT    -                      -     launch     r               0                                                                                                                                                                                       
   clk                        Clock net     2           (fanout=388)       2347                     -                                                                                                                                                                                       
   RBB_10/CLK                 RBB_6L       10  [TILE 0 0, RBB 19 20]          -     r            2347                                                                                                                                                                                       
   -------------------------------------------------------------------------------------------------------------------------------------------------------------------------------------------------------------------------------------------------------------------------------------------
   RBB_10/CMUX                RBB_6L       10  [TILE 0 0, RBB 19 20]       1380     r            3727     {inst57: u_spi.r_sck_sync_FDCE_Q (FDC,site=cffo)}                                                                                                                                 
   u_spi.r_sck_sync[1]        Net           9             (fanout=3)       1315                     -                                                                                                                                                                                       
   RBB_11/D5                  RBB_6L       11  [TILE 0 0, RBB 22 18]          -     r            5042                                                                                                                                                                                       
   RBB_11/DMUX                RBB_6L       11  [TILE 0 0, RBB 22 18]        814     r            5856     {inst70: u_spi.w_sck_edge_LUT2_O (LUT,site=dluto)}                                                                                                                                
   u_spi.w_sck_edge           Net          10             (fanout=7)       1174                     -                                                                                                                                                                                       
   RBB_10/C5                  RBB_6L       10  [TILE 0 0, RBB 19 20]          -     r            7030     {inst49: spi_mosi_FDCE_D_Q_FDCE_Q_D_LUT4_O_I3_CARRY4_O_CO_2_LUT5_I4 (LUT,site=clut)} {inst50: spi_mosi_FDCE_D_Q_FDCE_Q_D_LUT4_O_I3_CARRY4_O_CO_2_LUT5_I4_O_FDCE_D (FDC,site=cff)} 
   -------------------------------------------------------------------------------------------------------------------------------------------------------------------------------------------------------------------------------------------------------------------------------------------
   RBB_10/CLK                 RBB_6L       10  [TILE 0 0, RBB 19 20]        901     r            7931                                                                                                                                                                                       
   clk                        Clock net     2           (fanout=388)      -2347                     -                                                                                                                                                                                       
   clk                        CLOCK-PORT    -                      -    capture     r            5584                                                                                                                                                                                       
   -------------------------------------------------------------------------------------------------------------------------------------------------------------------------------------------------------------------------------------------------------------------------------------------


Path 77:
   Slack (not met):                         -3701ps
     Path type:                               SETUP
     Group:                              <UDEF_clk>
     Launching clock:                           clk (rising edge)
     Capturing clock:                           clk (rising edge)

     Requested period:                       2000ps
   + Delay of the capturing clock:           2273ps
   - Clock uncertainty:                       150ps
   = Required time:                          4123ps
   - Propagation time:                       5477ps (44.0% logic, 56.0% route, logic stage 2)
   - Delay of the launching clock:           2347ps
   = Slack:                                 -3701ps

   Instance/Pin or Net Name                                                 Type         ID     Location or Fanout   Delay(ps)  Edge  Arrival Time(ps)    Instance detail                                                                                                                                                                                                                                                                                                                      
   ----------------------------------------------------------------------------------------------------------------------------------------------------------------------------------------------------------------------------------------------------------------------------------------------------------------------------------------------------------------------------------------------------------------------------------------------------------------------------------------------
   clk                                                                      CLOCK-PORT    -                      -     launch     r               0                                                                                                                                                                                                                                                                                                                                            
   clk                                                                      Clock net     2           (fanout=388)       2347                     -                                                                                                                                                                                                                                                                                                                                            
   RBB_10/CLK                                                               RBB_6L       10  [TILE 0 0, RBB 19 20]          -     r            2347                                                                                                                                                                                                                                                                                                                                            
   ----------------------------------------------------------------------------------------------------------------------------------------------------------------------------------------------------------------------------------------------------------------------------------------------------------------------------------------------------------------------------------------------------------------------------------------------------------------------------------------------
   RBB_10/BQ                                                                RBB_6L       10  [TILE 0 0, RBB 19 20]        800     r            3147     {inst52: spi_mosi_FDCE_D_Q_FDCE_Q_D_LUT4_O_I3_CARRY4_O_O_1_LUT4_I3_O_FDCE_D (FDC,site=bff)}                                                                                                                                                                                                                                            
   spi_mosi_FDCE_D_Q_FDCE_Q_D_LUT4_O_I3_CARRY4_O_O_1_LUT4_I3_O_FDCE_D_Q[0]  Net          51             (fanout=5)       2211                     -                                                                                                                                                                                                                                                                                                                                            
   RBB_14/A3                                                                RBB_6L       14  [TILE 0 0, RBB 25 16]          -     r            5358                                                                                                                                                                                                                                                                                                                                            
   RBB_14/AMUX                                                              RBB_6L       14  [TILE 0 0, RBB 25 16]        813     r            6171     {inst54: spi_mosi_FDCE_D_Q_LUT2_O (LUT,site=aluto)}                                                                                                                                                                                                                                                                                    
   spi_mosi_FDCE_D_Q[3]                                                     Net          34             (fanout=8)        858                     -                                                                                                                                                                                                                                                                                                                                            
   RBB_14/B3                                                                RBB_6L       14  [TILE 0 0, RBB 25 16]          -     r            7029     {inst38: spi_miso_FDCE_Q_D_LUT6_O_I0_FDCE_Q_D_LUT6_O_I0_FDCE_Q_D_LUT6_O_I0_FDCE_Q_D_LUT6_O_I0_FDCE_Q_D_LUT6_O_I0_FDCE_Q_D_LUT6_O_I0_FDCE_Q_D_LUT6_O (LUT,site=blut,bluto)} {inst36: spi_miso_FDCE_Q_D_LUT6_O_I0_FDCE_Q_D_LUT6_O_I0_FDCE_Q_D_LUT6_O_I0_FDCE_Q_D_LUT6_O_I0_FDCE_Q_D_LUT6_O_I0_FDCE_Q_D_LUT6_O_I0_FDCE_Q (FDCE,site=bff)} 
   ----------------------------------------------------------------------------------------------------------------------------------------------------------------------------------------------------------------------------------------------------------------------------------------------------------------------------------------------------------------------------------------------------------------------------------------------------------------------------------------------
   RBB_14/CLK                                                               RBB_6L       14  [TILE 0 0, RBB 25 16]        795     r            7824                                                                                                                                                                                                                                                                                                                                            
   clk                                                                      Clock net     2           (fanout=388)      -2273                     -                                                                                                                                                                                                                                                                                                                                            
   clk                                                                      CLOCK-PORT    -                      -    capture     r            5551                                                                                                                                                                                                                                                                                                                                            
   ----------------------------------------------------------------------------------------------------------------------------------------------------------------------------------------------------------------------------------------------------------------------------------------------------------------------------------------------------------------------------------------------------------------------------------------------------------------------------------------------


Path 341:
   Slack (not met):                         -3693ps
     Path type:                               SETUP
     Group:                              <UDEF_clk>
     Launching clock:                           clk (rising edge)
     Capturing clock:                           clk (rising edge)

     Requested period:                       2000ps
   + Delay of the capturing clock:           2347ps
   - Clock uncertainty:                       150ps
   = Required time:                          4197ps
   - Propagation time:                       5543ps (55.1% logic, 44.9% route, logic stage 2)
   - Delay of the launching clock:           2347ps
   = Slack:                                 -3693ps

   Instance/Pin or Net Name   Type         ID     Location or Fanout   Delay(ps)  Edge  Arrival Time(ps)    Instance detail                                                                                                                          
   ----------------------------------------------------------------------------------------------------------------------------------------------------------------------------------------------------------------------------------------------------
   clk                        CLOCK-PORT    -                      -     launch     r               0                                                                                                                                                
   clk                        Clock net     2           (fanout=388)       2347                     -                                                                                                                                                
   RBB_10/CLK                 RBB_6L       10  [TILE 0 0, RBB 19 20]          -     r            2347                                                                                                                                                
   ----------------------------------------------------------------------------------------------------------------------------------------------------------------------------------------------------------------------------------------------------
   RBB_10/CMUX                RBB_6L       10  [TILE 0 0, RBB 19 20]       1380     r            3727     {inst57: u_spi.r_sck_sync_FDCE_Q (FDC,site=cffo)}                                                                                          
   u_spi.r_sck_sync[1]        Net           9             (fanout=3)       1315                     -                                                                                                                                                
   RBB_11/D5                  RBB_6L       11  [TILE 0 0, RBB 22 18]          -     r            5042                                                                                                                                                
   RBB_11/DMUX                RBB_6L       11  [TILE 0 0, RBB 22 18]        814     r            5856     {inst70: u_spi.w_sck_edge_LUT2_O (LUT,site=dluto)}                                                                                         
   u_spi.w_sck_edge           Net          10             (fanout=7)       1174                     -                                                                                                                                                
   RBB_10/A5                  RBB_6L       10  [TILE 0 0, RBB 19 20]          -     r            7030     {inst48: spi_mosi_FDCE_D_Q_FDCE_Q_D_LUT4_O_I3_CARRY4_O_CO_2_LUT4_I2 (LUT,site=alut)} {inst56: u_spi.o_rx_data_valid_FDCE_Q (FDC,site=aff)} 
   ----------------------------------------------------------------------------------------------------------------------------------------------------------------------------------------------------------------------------------------------------
   RBB_10/CLK                 RBB_6L       10  [TILE 0 0, RBB 19 20]        860     r            7890                                                                                                                                                
   clk                        Clock net     2           (fanout=388)      -2347                     -                                                                                                                                                
   clk                        CLOCK-PORT    -                      -    capture     r            5543                                                                                                                                                
   ----------------------------------------------------------------------------------------------------------------------------------------------------------------------------------------------------------------------------------------------------


Path 342:
   Slack (not met):                         -3686ps
     Path type:                               SETUP
     Group:                              <UDEF_clk>
     Launching clock:                           clk (rising edge)
     Capturing clock:                           clk (rising edge)

     Requested period:                       2000ps
   + Delay of the capturing clock:           2347ps
   - Clock uncertainty:                       150ps
   = Required time:                          4197ps
   - Propagation time:                       5536ps (55.0% logic, 45.0% route, logic stage 2)
   - Delay of the launching clock:           2347ps
   = Slack:                                 -3686ps

   Instance/Pin or Net Name   Type         ID     Location or Fanout   Delay(ps)  Edge  Arrival Time(ps)    Instance detail                                                                                                                                                               
   -----------------------------------------------------------------------------------------------------------------------------------------------------------------------------------------------------------------------------------------------------------------------------------------
   clk                        CLOCK-PORT    -                      -     launch     r               0                                                                                                                                                                                     
   clk                        Clock net     2           (fanout=388)       2347                     -                                                                                                                                                                                     
   RBB_10/CLK                 RBB_6L       10  [TILE 0 0, RBB 19 20]          -     r            2347                                                                                                                                                                                     
   -----------------------------------------------------------------------------------------------------------------------------------------------------------------------------------------------------------------------------------------------------------------------------------------
   RBB_10/CMUX                RBB_6L       10  [TILE 0 0, RBB 19 20]       1380     r            3727     {inst57: u_spi.r_sck_sync_FDCE_Q (FDC,site=cffo)}                                                                                                                               
   u_spi.r_sck_sync[1]        Net           9             (fanout=3)       1315                     -                                                                                                                                                                                     
   RBB_11/D5                  RBB_6L       11  [TILE 0 0, RBB 22 18]          -     r            5042                                                                                                                                                                                     
   RBB_11/DMUX                RBB_6L       11  [TILE 0 0, RBB 22 18]        814     r            5856     {inst70: u_spi.w_sck_edge_LUT2_O (LUT,site=dluto)}                                                                                                                              
   u_spi.w_sck_edge           Net          10             (fanout=7)       1174                     -                                                                                                                                                                                     
   RBB_10/B5                  RBB_6L       10  [TILE 0 0, RBB 19 20]          -     r            7030     {inst51: spi_mosi_FDCE_D_Q_FDCE_Q_D_LUT4_O_I3_CARRY4_O_O_1_LUT4_I3 (LUT,site=blut)} {inst52: spi_mosi_FDCE_D_Q_FDCE_Q_D_LUT4_O_I3_CARRY4_O_O_1_LUT4_I3_O_FDCE_D (FDC,site=bff)} 
   -----------------------------------------------------------------------------------------------------------------------------------------------------------------------------------------------------------------------------------------------------------------------------------------
   RBB_10/CLK                 RBB_6L       10  [TILE 0 0, RBB 19 20]        853     r            7883                                                                                                                                                                                     
   clk                        Clock net     2           (fanout=388)      -2347                     -                                                                                                                                                                                     
   clk                        CLOCK-PORT    -                      -    capture     r            5536                                                                                                                                                                                     
   -----------------------------------------------------------------------------------------------------------------------------------------------------------------------------------------------------------------------------------------------------------------------------------------


Path 76:
   Slack (not met):                         -3662ps
     Path type:                               SETUP
     Group:                              <UDEF_clk>
     Launching clock:                           clk (rising edge)
     Capturing clock:                           clk (rising edge)

     Requested period:                       2000ps
   + Delay of the capturing clock:           2273ps
   - Clock uncertainty:                       150ps
   = Required time:                          4123ps
   - Propagation time:                       5438ps (43.6% logic, 56.4% route, logic stage 2)
   - Delay of the launching clock:           2347ps
   = Slack:                                 -3662ps

   Instance/Pin or Net Name                                                 Type         ID     Location or Fanout   Delay(ps)  Edge  Arrival Time(ps)    Instance detail                                                                                                                                                                                                                                                                                
   --------------------------------------------------------------------------------------------------------------------------------------------------------------------------------------------------------------------------------------------------------------------------------------------------------------------------------------------------------------------------------------------------------------------------------------------------------
   clk                                                                      CLOCK-PORT    -                      -     launch     r               0                                                                                                                                                                                                                                                                                                      
   clk                                                                      Clock net     2           (fanout=388)       2347                     -                                                                                                                                                                                                                                                                                                      
   RBB_10/CLK                                                               RBB_6L       10  [TILE 0 0, RBB 19 20]          -     r            2347                                                                                                                                                                                                                                                                                                      
   --------------------------------------------------------------------------------------------------------------------------------------------------------------------------------------------------------------------------------------------------------------------------------------------------------------------------------------------------------------------------------------------------------------------------------------------------------
   RBB_10/BQ                                                                RBB_6L       10  [TILE 0 0, RBB 19 20]        800     r            3147     {inst52: spi_mosi_FDCE_D_Q_FDCE_Q_D_LUT4_O_I3_CARRY4_O_O_1_LUT4_I3_O_FDCE_D (FDC,site=bff)}                                                                                                                                                                                                      
   spi_mosi_FDCE_D_Q_FDCE_Q_D_LUT4_O_I3_CARRY4_O_O_1_LUT4_I3_O_FDCE_D_Q[0]  Net          51             (fanout=5)       2211                     -                                                                                                                                                                                                                                                                                                      
   RBB_14/A3                                                                RBB_6L       14  [TILE 0 0, RBB 25 16]          -     r            5358                                                                                                                                                                                                                                                                                                      
   RBB_14/AMUX                                                              RBB_6L       14  [TILE 0 0, RBB 25 16]        813     r            6171     {inst54: spi_mosi_FDCE_D_Q_LUT2_O (LUT,site=aluto)}                                                                                                                                                                                                                                              
   spi_mosi_FDCE_D_Q[3]                                                     Net          34             (fanout=8)        855                     -                                                                                                                                                                                                                                                                                                      
   RBB_14/C3                                                                RBB_6L       14  [TILE 0 0, RBB 25 16]          -     r            7026     {inst35: spi_miso_FDCE_Q_D_LUT6_O_I0_FDCE_Q_D_LUT6_O_I0_FDCE_Q_D_LUT6_O_I0_FDCE_Q_D_LUT6_O_I0_FDCE_Q_D_LUT6_O_I0_FDCE_Q_D_LUT6_O (LUT,site=clut,cluto)} {inst33: spi_miso_FDCE_Q_D_LUT6_O_I0_FDCE_Q_D_LUT6_O_I0_FDCE_Q_D_LUT6_O_I0_FDCE_Q_D_LUT6_O_I0_FDCE_Q_D_LUT6_O_I0_FDCE_Q (FDCE,site=cff)} 
   --------------------------------------------------------------------------------------------------------------------------------------------------------------------------------------------------------------------------------------------------------------------------------------------------------------------------------------------------------------------------------------------------------------------------------------------------------
   RBB_14/CLK                                                               RBB_6L       14  [TILE 0 0, RBB 25 16]        759     r            7785                                                                                                                                                                                                                                                                                                      
   clk                                                                      Clock net     2           (fanout=388)      -2273                     -                                                                                                                                                                                                                                                                                                      
   clk                                                                      CLOCK-PORT    -                      -    capture     r            5512                                                                                                                                                                                                                                                                                                      
   --------------------------------------------------------------------------------------------------------------------------------------------------------------------------------------------------------------------------------------------------------------------------------------------------------------------------------------------------------------------------------------------------------------------------------------------------------


Path 89:
   Slack (not met):                         -3615ps
     Path type:                               SETUP
     Group:                              <UDEF_clk>
     Launching clock:                           clk (rising edge)
     Capturing clock:                           clk (rising edge)

     Requested period:                       2000ps
   + Delay of the capturing clock:           2302ps
   - Clock uncertainty:                       150ps
   = Required time:                          4152ps
   - Propagation time:                       5420ps (31.2% logic, 68.8% route, logic stage 1)
   - Delay of the launching clock:           2347ps
   = Slack:                                 -3615ps

   Instance/Pin or Net Name   Type         ID     Location or Fanout   Delay(ps)  Edge  Arrival Time(ps)    Instance detail                                                                                                                        
   --------------------------------------------------------------------------------------------------------------------------------------------------------------------------------------------------------------------------------------------------
   clk                        CLOCK-PORT    -                      -     launch     r               0                                                                                                                                              
   clk                        Clock net     2           (fanout=388)       2347                     -                                                                                                                                              
   RBB_10/CLK                 RBB_6L       10  [TILE 0 0, RBB 19 20]          -     r            2347                                                                                                                                              
   --------------------------------------------------------------------------------------------------------------------------------------------------------------------------------------------------------------------------------------------------
   RBB_10/DQ                  RBB_6L       10  [TILE 0 0, RBB 19 20]        800     r            3147     {inst45: spi_mosi_FDCE_D_Q_FDCE_Q (FDC,site=dff)}                                                                                        
   spi_mosi_FDCE_D_Q[1]       Net          33            (fanout=10)       3727                     -                                                                                                                                              
   RBB_13/D5                  RBB_6L       13   [TILE 0 0, RBB 7 26]          -     r            6874     {inst23: spi_miso_FDCE_Q_D_LUT6_O_I0_FDCE_Q_D_LUT6_O (LUT,site=dlut,dluto)} {inst21: spi_miso_FDCE_Q_D_LUT6_O_I0_FDCE_Q (FDCE,site=dff)} 
   --------------------------------------------------------------------------------------------------------------------------------------------------------------------------------------------------------------------------------------------------
   RBB_13/CLK                 RBB_6L       13   [TILE 0 0, RBB 7 26]        893     r            7767                                                                                                                                              
   clk                        Clock net     2           (fanout=388)      -2302                     -                                                                                                                                              
   clk                        CLOCK-PORT    -                      -    capture     r            5465                                                                                                                                              
   --------------------------------------------------------------------------------------------------------------------------------------------------------------------------------------------------------------------------------------------------


Path 95:
   Slack (not met):                         -3615ps
     Path type:                               SETUP
     Group:                              <UDEF_clk>
     Launching clock:                           clk (rising edge)
     Capturing clock:                           clk (rising edge)

     Requested period:                       2000ps
   + Delay of the capturing clock:           2302ps
   - Clock uncertainty:                       150ps
   = Required time:                          4152ps
   - Propagation time:                       5420ps (31.2% logic, 68.8% route, logic stage 1)
   - Delay of the launching clock:           2347ps
   = Slack:                                 -3615ps

   Instance/Pin or Net Name   Type         ID     Location or Fanout   Delay(ps)  Edge  Arrival Time(ps)    Instance detail                                                                                                                                                              
   ----------------------------------------------------------------------------------------------------------------------------------------------------------------------------------------------------------------------------------------------------------------------------------------
   clk                        CLOCK-PORT    -                      -     launch     r               0                                                                                                                                                                                    
   clk                        Clock net     2           (fanout=388)       2347                     -                                                                                                                                                                                    
   RBB_10/CLK                 RBB_6L       10  [TILE 0 0, RBB 19 20]          -     r            2347                                                                                                                                                                                    
   ----------------------------------------------------------------------------------------------------------------------------------------------------------------------------------------------------------------------------------------------------------------------------------------
   RBB_10/DQ                  RBB_6L       10  [TILE 0 0, RBB 19 20]        800     r            3147     {inst45: spi_mosi_FDCE_D_Q_FDCE_Q (FDC,site=dff)}                                                                                                                              
   spi_mosi_FDCE_D_Q[1]       Net          33            (fanout=10)       3727                     -                                                                                                                                                                                    
   RBB_13/C5                  RBB_6L       13   [TILE 0 0, RBB 7 26]          -     r            6874     {inst26: spi_miso_FDCE_Q_D_LUT6_O_I0_FDCE_Q_D_LUT6_O_I0_FDCE_Q_D_LUT6_O (LUT,site=clut,cluto)} {inst24: spi_miso_FDCE_Q_D_LUT6_O_I0_FDCE_Q_D_LUT6_O_I0_FDCE_Q (FDCE,site=cff)} 
   ----------------------------------------------------------------------------------------------------------------------------------------------------------------------------------------------------------------------------------------------------------------------------------------
   RBB_13/CLK                 RBB_6L       13   [TILE 0 0, RBB 7 26]        893     r            7767                                                                                                                                                                                    
   clk                        Clock net     2           (fanout=388)      -2302                     -                                                                                                                                                                                    
   clk                        CLOCK-PORT    -                      -    capture     r            5465                                                                                                                                                                                    
   ----------------------------------------------------------------------------------------------------------------------------------------------------------------------------------------------------------------------------------------------------------------------------------------


Path 99:
   Slack (not met):                         -3611ps
     Path type:                               SETUP
     Group:                              <UDEF_clk>
     Launching clock:                           clk (rising edge)
     Capturing clock:                           clk (rising edge)

     Requested period:                       2000ps
   + Delay of the capturing clock:           2302ps
   - Clock uncertainty:                       150ps
   = Required time:                          4152ps
   - Propagation time:                       5416ps (31.2% logic, 68.8% route, logic stage 1)
   - Delay of the launching clock:           2347ps
   = Slack:                                 -3611ps

   Instance/Pin or Net Name   Type         ID     Location or Fanout   Delay(ps)  Edge  Arrival Time(ps)    Instance detail                                                                                                                                                                                                                                                                                                                                                      
   --------------------------------------------------------------------------------------------------------------------------------------------------------------------------------------------------------------------------------------------------------------------------------------------------------------------------------------------------------------------------------------------------------------------------------------------------------------------------------
   clk                        CLOCK-PORT    -                      -     launch     r               0                                                                                                                                                                                                                                                                                                                                                                            
   clk                        Clock net     2           (fanout=388)       2347                     -                                                                                                                                                                                                                                                                                                                                                                            
   RBB_10/CLK                 RBB_6L       10  [TILE 0 0, RBB 19 20]          -     r            2347                                                                                                                                                                                                                                                                                                                                                                            
   --------------------------------------------------------------------------------------------------------------------------------------------------------------------------------------------------------------------------------------------------------------------------------------------------------------------------------------------------------------------------------------------------------------------------------------------------------------------------------
   RBB_10/DQ                  RBB_6L       10  [TILE 0 0, RBB 19 20]        800     r            3147     {inst45: spi_mosi_FDCE_D_Q_FDCE_Q (FDC,site=dff)}                                                                                                                                                                                                                                                                                                                      
   spi_mosi_FDCE_D_Q[1]       Net          33            (fanout=10)       3727                     -                                                                                                                                                                                                                                                                                                                                                                            
   RBB_13/A5                  RBB_6L       13   [TILE 0 0, RBB 7 26]          -     r            6874     {inst41: spi_miso_FDCE_Q_D_LUT6_O_I0_FDCE_Q_D_LUT6_O_I0_FDCE_Q_D_LUT6_O_I0_FDCE_Q_D_LUT6_O_I0_FDCE_Q_D_LUT6_O_I0_FDCE_Q_D_LUT6_O_I0_FDCE_Q_D_LUT6_O_I0_FDCE_Q_D_LUT5_O (LUT,site=alut)} {inst39: spi_miso_FDCE_Q_D_LUT6_O_I0_FDCE_Q_D_LUT6_O_I0_FDCE_Q_D_LUT6_O_I0_FDCE_Q_D_LUT6_O_I0_FDCE_Q_D_LUT6_O_I0_FDCE_Q_D_LUT6_O_I0_FDCE_Q_D_LUT6_O_I0_FDCE_Q (FDCE,site=aff)} 
   --------------------------------------------------------------------------------------------------------------------------------------------------------------------------------------------------------------------------------------------------------------------------------------------------------------------------------------------------------------------------------------------------------------------------------------------------------------------------------
   RBB_13/CLK                 RBB_6L       13   [TILE 0 0, RBB 7 26]        889     r            7763                                                                                                                                                                                                                                                                                                                                                                            
   clk                        Clock net     2           (fanout=388)      -2302                     -                                                                                                                                                                                                                                                                                                                                                                            
   clk                        CLOCK-PORT    -                      -    capture     r            5461                                                                                                                                                                                                                                                                                                                                                                            
   --------------------------------------------------------------------------------------------------------------------------------------------------------------------------------------------------------------------------------------------------------------------------------------------------------------------------------------------------------------------------------------------------------------------------------------------------------------------------------


Path 101:
   Slack (not met):                         -3563ps
     Path type:                               SETUP
     Group:                              <UDEF_clk>
     Launching clock:                           clk (rising edge)
     Capturing clock:                           clk (rising edge)

     Requested period:                       2000ps
   + Delay of the capturing clock:           2302ps
   - Clock uncertainty:                       150ps
   = Required time:                          4152ps
   - Propagation time:                       5368ps (30.6% logic, 69.4% route, logic stage 1)
   - Delay of the launching clock:           2347ps
   = Slack:                                 -3563ps

   Instance/Pin or Net Name   Type         ID     Location or Fanout   Delay(ps)  Edge  Arrival Time(ps)    Instance detail                                                                                                                                                                                                    
   ------------------------------------------------------------------------------------------------------------------------------------------------------------------------------------------------------------------------------------------------------------------------------------------------------------------------------
   clk                        CLOCK-PORT    -                      -     launch     r               0                                                                                                                                                                                                                          
   clk                        Clock net     2           (fanout=388)       2347                     -                                                                                                                                                                                                                          
   RBB_10/CLK                 RBB_6L       10  [TILE 0 0, RBB 19 20]          -     r            2347                                                                                                                                                                                                                          
   ------------------------------------------------------------------------------------------------------------------------------------------------------------------------------------------------------------------------------------------------------------------------------------------------------------------------------
   RBB_10/DQ                  RBB_6L       10  [TILE 0 0, RBB 19 20]        800     r            3147     {inst45: spi_mosi_FDCE_D_Q_FDCE_Q (FDC,site=dff)}                                                                                                                                                                    
   spi_mosi_FDCE_D_Q[1]       Net          33            (fanout=10)       3727                     -                                                                                                                                                                                                                          
   RBB_13/B5                  RBB_6L       13   [TILE 0 0, RBB 7 26]          -     r            6874     {inst29: spi_miso_FDCE_Q_D_LUT6_O_I0_FDCE_Q_D_LUT6_O_I0_FDCE_Q_D_LUT6_O_I0_FDCE_Q_D_LUT6_O (LUT,site=blut,bluto)} {inst27: spi_miso_FDCE_Q_D_LUT6_O_I0_FDCE_Q_D_LUT6_O_I0_FDCE_Q_D_LUT6_O_I0_FDCE_Q (FDCE,site=bff)} 
   ------------------------------------------------------------------------------------------------------------------------------------------------------------------------------------------------------------------------------------------------------------------------------------------------------------------------------
   RBB_13/CLK                 RBB_6L       13   [TILE 0 0, RBB 7 26]        841     r            7715                                                                                                                                                                                                                          
   clk                        Clock net     2           (fanout=388)      -2302                     -                                                                                                                                                                                                                          
   clk                        CLOCK-PORT    -                      -    capture     r            5413                                                                                                                                                                                                                          
   ------------------------------------------------------------------------------------------------------------------------------------------------------------------------------------------------------------------------------------------------------------------------------------------------------------------------------


Path 368:
   Slack (not met):                         -3335ps
     Path type:                               SETUP
     Group:                              <UDEF_clk>
     Launching clock:                           clk (rising edge)
     Capturing clock:                           clk (rising edge)

     Requested period:                       2000ps
   + Delay of the capturing clock:           2273ps
   - Clock uncertainty:                       150ps
   = Required time:                          4123ps
   - Propagation time:                       5111ps (57.6% logic, 42.4% route, logic stage 2)
   - Delay of the launching clock:           2347ps
   = Slack:                                 -3335ps

   Instance/Pin or Net Name   Type         ID     Location or Fanout   Delay(ps)  Edge  Arrival Time(ps)    Instance detail                                                                                                                            
   ------------------------------------------------------------------------------------------------------------------------------------------------------------------------------------------------------------------------------------------------------
   clk                        CLOCK-PORT    -                      -     launch     r               0                                                                                                                                                  
   clk                        Clock net     2           (fanout=388)       2347                     -                                                                                                                                                  
   RBB_10/CLK                 RBB_6L       10  [TILE 0 0, RBB 19 20]          -     r            2347                                                                                                                                                  
   ------------------------------------------------------------------------------------------------------------------------------------------------------------------------------------------------------------------------------------------------------
   RBB_10/CMUX                RBB_6L       10  [TILE 0 0, RBB 19 20]       1380     r            3727     {inst57: u_spi.r_sck_sync_FDCE_Q (FDC,site=cffo)}                                                                                            
   u_spi.r_sck_sync[1]        Net           9             (fanout=3)       1317                     -                                                                                                                                                  
   RBB_14/A2                  RBB_6L       14  [TILE 0 0, RBB 25 16]          -     r            5044                                                                                                                                                  
   RBB_14/A                   RBB_6L       14  [TILE 0 0, RBB 25 16]        759     r            5803     {inst55: spi_mosi_FDCE_D_Q_LUT2_O_1 (LUT,site=alut)}                                                                                         
   spi_mosi_FDCE_D_Q[4]       Net          35             (fanout=5)        851                     -                                                                                                                                                  
   RBB_14/B6                  RBB_6L       14  [TILE 0 0, RBB 25 16]          -     r            6654     {<CE>inst33: spi_miso_FDCE_Q_D_LUT6_O_I0_FDCE_Q_D_LUT6_O_I0_FDCE_Q_D_LUT6_O_I0_FDCE_Q_D_LUT6_O_I0_FDCE_Q_D_LUT6_O_I0_FDCE_Q (FDCE,site=cff)} 
   ------------------------------------------------------------------------------------------------------------------------------------------------------------------------------------------------------------------------------------------------------
   RBB_14/CLK                 RBB_6L       14  [TILE 0 0, RBB 25 16]        804     r            7458                                                                                                                                                  
   clk                        Clock net     2           (fanout=388)      -2273                     -                                                                                                                                                  
   clk                        CLOCK-PORT    -                      -    capture     r            5185                                                                                                                                                  
   ------------------------------------------------------------------------------------------------------------------------------------------------------------------------------------------------------------------------------------------------------


Path 367:
   Slack (not met):                         -3335ps
     Path type:                               SETUP
     Group:                              <UDEF_clk>
     Launching clock:                           clk (rising edge)
     Capturing clock:                           clk (rising edge)

     Requested period:                       2000ps
   + Delay of the capturing clock:           2273ps
   - Clock uncertainty:                       150ps
   = Required time:                          4123ps
   - Propagation time:                       5111ps (57.6% logic, 42.4% route, logic stage 2)
   - Delay of the launching clock:           2347ps
   = Slack:                                 -3335ps

   Instance/Pin or Net Name   Type         ID     Location or Fanout   Delay(ps)  Edge  Arrival Time(ps)    Instance detail                                                                                                         
   -----------------------------------------------------------------------------------------------------------------------------------------------------------------------------------------------------------------------------------
   clk                        CLOCK-PORT    -                      -     launch     r               0                                                                                                                               
   clk                        Clock net     2           (fanout=388)       2347                     -                                                                                                                               
   RBB_10/CLK                 RBB_6L       10  [TILE 0 0, RBB 19 20]          -     r            2347                                                                                                                               
   -----------------------------------------------------------------------------------------------------------------------------------------------------------------------------------------------------------------------------------
   RBB_10/CMUX                RBB_6L       10  [TILE 0 0, RBB 19 20]       1380     r            3727     {inst57: u_spi.r_sck_sync_FDCE_Q (FDC,site=cffo)}                                                                         
   u_spi.r_sck_sync[1]        Net           9             (fanout=3)       1317                     -                                                                                                                               
   RBB_14/A2                  RBB_6L       14  [TILE 0 0, RBB 25 16]          -     r            5044                                                                                                                               
   RBB_14/A                   RBB_6L       14  [TILE 0 0, RBB 25 16]        759     r            5803     {inst55: spi_mosi_FDCE_D_Q_LUT2_O_1 (LUT,site=alut)}                                                                      
   spi_mosi_FDCE_D_Q[4]       Net          35             (fanout=5)        851                     -                                                                                                                               
   RBB_14/B6                  RBB_6L       14  [TILE 0 0, RBB 25 16]          -     r            6654     {<CE>inst30: spi_miso_FDCE_Q_D_LUT6_O_I0_FDCE_Q_D_LUT6_O_I0_FDCE_Q_D_LUT6_O_I0_FDCE_Q_D_LUT6_O_I0_FDCE_Q (FDCE,site=dff)} 
   -----------------------------------------------------------------------------------------------------------------------------------------------------------------------------------------------------------------------------------
   RBB_14/CLK                 RBB_6L       14  [TILE 0 0, RBB 25 16]        804     r            7458                                                                                                                               
   clk                        Clock net     2           (fanout=388)      -2273                     -                                                                                                                               
   clk                        CLOCK-PORT    -                      -    capture     r            5185                                                                                                                               
   -----------------------------------------------------------------------------------------------------------------------------------------------------------------------------------------------------------------------------------


Path 366:
   Slack (not met):                         -3335ps
     Path type:                               SETUP
     Group:                              <UDEF_clk>
     Launching clock:                           clk (rising edge)
     Capturing clock:                           clk (rising edge)

     Requested period:                       2000ps
   + Delay of the capturing clock:           2273ps
   - Clock uncertainty:                       150ps
   = Required time:                          4123ps
   - Propagation time:                       5111ps (57.6% logic, 42.4% route, logic stage 2)
   - Delay of the launching clock:           2347ps
   = Slack:                                 -3335ps

   Instance/Pin or Net Name   Type         ID     Location or Fanout   Delay(ps)  Edge  Arrival Time(ps)    Instance detail                                                                                                                                               
   -------------------------------------------------------------------------------------------------------------------------------------------------------------------------------------------------------------------------------------------------------------------------
   clk                        CLOCK-PORT    -                      -     launch     r               0                                                                                                                                                                     
   clk                        Clock net     2           (fanout=388)       2347                     -                                                                                                                                                                     
   RBB_10/CLK                 RBB_6L       10  [TILE 0 0, RBB 19 20]          -     r            2347                                                                                                                                                                     
   -------------------------------------------------------------------------------------------------------------------------------------------------------------------------------------------------------------------------------------------------------------------------
   RBB_10/CMUX                RBB_6L       10  [TILE 0 0, RBB 19 20]       1380     r            3727     {inst57: u_spi.r_sck_sync_FDCE_Q (FDC,site=cffo)}                                                                                                               
   u_spi.r_sck_sync[1]        Net           9             (fanout=3)       1317                     -                                                                                                                                                                     
   RBB_14/A2                  RBB_6L       14  [TILE 0 0, RBB 25 16]          -     r            5044                                                                                                                                                                     
   RBB_14/A                   RBB_6L       14  [TILE 0 0, RBB 25 16]        759     r            5803     {inst55: spi_mosi_FDCE_D_Q_LUT2_O_1 (LUT,site=alut)}                                                                                                            
   spi_mosi_FDCE_D_Q[4]       Net          35             (fanout=5)        851                     -                                                                                                                                                                     
   RBB_14/B6                  RBB_6L       14  [TILE 0 0, RBB 25 16]          -     r            6654     {<CE>inst36: spi_miso_FDCE_Q_D_LUT6_O_I0_FDCE_Q_D_LUT6_O_I0_FDCE_Q_D_LUT6_O_I0_FDCE_Q_D_LUT6_O_I0_FDCE_Q_D_LUT6_O_I0_FDCE_Q_D_LUT6_O_I0_FDCE_Q (FDCE,site=bff)} 
   -------------------------------------------------------------------------------------------------------------------------------------------------------------------------------------------------------------------------------------------------------------------------
   RBB_14/CLK                 RBB_6L       14  [TILE 0 0, RBB 25 16]        804     r            7458                                                                                                                                                                     
   clk                        Clock net     2           (fanout=388)      -2273                     -                                                                                                                                                                     
   clk                        CLOCK-PORT    -                      -    capture     r            5185                                                                                                                                                                     
   -------------------------------------------------------------------------------------------------------------------------------------------------------------------------------------------------------------------------------------------------------------------------


Path 130:
   Slack (not met):                         -3286ps
     Path type:                               SETUP
     Group:                              <UDEF_clk>
     Launching clock:                           clk (rising edge)
     Capturing clock:                           clk (rising edge)

     Requested period:                       2000ps
   + Delay of the capturing clock:           2325ps
   - Clock uncertainty:                       150ps
   = Required time:                          4175ps
   - Propagation time:                       5136ps (31.2% logic, 68.8% route, logic stage 1)
   - Delay of the launching clock:           2325ps
   = Slack:                                 -3286ps

   Instance/Pin or Net Name              Type         ID     Location or Fanout   Delay(ps)  Edge  Arrival Time(ps)    Instance detail                                                                                               
   ------------------------------------------------------------------------------------------------------------------------------------------------------------------------------------------------------------------------------------
   clk                                   CLOCK-PORT    -                      -     launch     r               0                                                                                                                     
   clk                                   Clock net     2           (fanout=388)       2325                     -                                                                                                                     
   RBB_11/CLK                            RBB_6L       11  [TILE 0 0, RBB 22 18]          -     r            2325                                                                                                                     
   ------------------------------------------------------------------------------------------------------------------------------------------------------------------------------------------------------------------------------------
   RBB_11/DQ                             RBB_6L       11  [TILE 0 0, RBB 22 18]        800     r            3125     {inst62: u_spi.r_ss_n_sync_LUT3_I1_O_FDCE_D (FDC,site=dff)}                                                     
   u_spi.r_ss_n_sync_LUT3_I1_O_FDCE_D_Q  Net          56            (fanout=10)       3535                     -                                                                                                                     
   RBB_11/D3                             RBB_6L       11  [TILE 0 0, RBB 22 18]          -     r            6660     {inst61: u_spi.r_ss_n_sync_LUT3_I1 (LUT,site=dlut)} {inst62: u_spi.r_ss_n_sync_LUT3_I1_O_FDCE_D (FDC,site=dff)} 
   ------------------------------------------------------------------------------------------------------------------------------------------------------------------------------------------------------------------------------------
   RBB_11/CLK                            RBB_6L       11  [TILE 0 0, RBB 22 18]        801     r            7461                                                                                                                     
   clk                                   Clock net     2           (fanout=388)      -2325                     -                                                                                                                     
   clk                                   CLOCK-PORT    -                      -    capture     r            5136                                                                                                                     
   ------------------------------------------------------------------------------------------------------------------------------------------------------------------------------------------------------------------------------------


Path 345:
   Slack (not met):                         -3067ps
     Path type:                               SETUP
     Group:                              <UDEF_clk>
     Launching clock:                           clk (rising edge)
     Capturing clock:                           clk (rising edge)

     Requested period:                       2000ps
   + Delay of the capturing clock:           2325ps
   - Clock uncertainty:                       150ps
   = Required time:                          4175ps
   - Propagation time:                       4895ps (61.9% logic, 38.1% route, logic stage 2)
   - Delay of the launching clock:           2347ps
   = Slack:                                 -3067ps

   Instance/Pin or Net Name   Type         ID     Location or Fanout   Delay(ps)  Edge  Arrival Time(ps)    Instance detail                                                                                               
   -------------------------------------------------------------------------------------------------------------------------------------------------------------------------------------------------------------------------
   clk                        CLOCK-PORT    -                      -     launch     r               0                                                                                                                     
   clk                        Clock net     2           (fanout=388)       2347                     -                                                                                                                     
   RBB_10/CLK                 RBB_6L       10  [TILE 0 0, RBB 19 20]          -     r            2347                                                                                                                     
   -------------------------------------------------------------------------------------------------------------------------------------------------------------------------------------------------------------------------
   RBB_10/CMUX                RBB_6L       10  [TILE 0 0, RBB 19 20]       1380     r            3727     {inst57: u_spi.r_sck_sync_FDCE_Q (FDC,site=cffo)}                                                               
   u_spi.r_sck_sync[1]        Net           9             (fanout=3)       1315                     -                                                                                                                     
   RBB_11/D5                  RBB_6L       11  [TILE 0 0, RBB 22 18]          -     r            5042                                                                                                                     
   RBB_11/DMUX                RBB_6L       11  [TILE 0 0, RBB 22 18]        814     r            5856     {inst70: u_spi.w_sck_edge_LUT2_O (LUT,site=dluto)}                                                              
   u_spi.w_sck_edge           Net          10             (fanout=7)        552                     -                                                                                                                     
   RBB_11/D1                  RBB_6L       11  [TILE 0 0, RBB 22 18]          -     r            6408     {inst61: u_spi.r_ss_n_sync_LUT3_I1 (LUT,site=dlut)} {inst62: u_spi.r_ss_n_sync_LUT3_I1_O_FDCE_D (FDC,site=dff)} 
   -------------------------------------------------------------------------------------------------------------------------------------------------------------------------------------------------------------------------
   RBB_11/CLK                 RBB_6L       11  [TILE 0 0, RBB 22 18]        834     r            7242                                                                                                                     
   clk                        Clock net     2           (fanout=388)      -2325                     -                                                                                                                     
   clk                        CLOCK-PORT    -                      -    capture     r            4917                                                                                                                     
   -------------------------------------------------------------------------------------------------------------------------------------------------------------------------------------------------------------------------


Path 106:
   Slack (not met):                         -2922ps
     Path type:                               SETUP
     Group:                              <UDEF_clk>
     Launching clock:                           clk (rising edge)
     Capturing clock:                           clk (rising edge)

     Requested period:                       2000ps
   + Delay of the capturing clock:           2273ps
   - Clock uncertainty:                       150ps
   = Required time:                          4123ps
   - Propagation time:                       4743ps (33.8% logic, 66.2% route, logic stage 1)
   - Delay of the launching clock:           2302ps
   = Slack:                                 -2922ps

   Instance/Pin or Net Name                                                                                                                          Type         ID     Location or Fanout   Delay(ps)  Edge  Arrival Time(ps)    Instance detail                                                                                                                                                                                                                                                                                                                      
   -----------------------------------------------------------------------------------------------------------------------------------------------------------------------------------------------------------------------------------------------------------------------------------------------------------------------------------------------------------------------------------------------------------------------------------------------------------------------------------------------------------------------------------------------------------------------
   clk                                                                                                                                               CLOCK-PORT    -                      -     launch     r               0                                                                                                                                                                                                                                                                                                                                            
   clk                                                                                                                                               Clock net     2           (fanout=388)       2302                     -                                                                                                                                                                                                                                                                                                                                            
   RBB_13/CLK                                                                                                                                        RBB_6L       13   [TILE 0 0, RBB 7 26]          -     r            2302                                                                                                                                                                                                                                                                                                                                            
   -----------------------------------------------------------------------------------------------------------------------------------------------------------------------------------------------------------------------------------------------------------------------------------------------------------------------------------------------------------------------------------------------------------------------------------------------------------------------------------------------------------------------------------------------------------------------
   RBB_13/AQ                                                                                                                                         RBB_6L       13   [TILE 0 0, RBB 7 26]        800     r            3102     {inst39: spi_miso_FDCE_Q_D_LUT6_O_I0_FDCE_Q_D_LUT6_O_I0_FDCE_Q_D_LUT6_O_I0_FDCE_Q_D_LUT6_O_I0_FDCE_Q_D_LUT6_O_I0_FDCE_Q_D_LUT6_O_I0_FDCE_Q_D_LUT6_O_I0_FDCE_Q (FDCE,site=aff)}                                                                                                                                                         
   spi_miso_FDCE_Q_D_LUT6_O_I0_FDCE_Q_D_LUT6_O_I0_FDCE_Q_D_LUT6_O_I0_FDCE_Q_D_LUT6_O_I0_FDCE_Q_D_LUT6_O_I0_FDCE_Q_D_LUT6_O_I0_FDCE_Q_D_LUT6_O_I0[0]  Net          64             (fanout=1)       3141                     -                                                                                                                                                                                                                                                                                                                                            
   RBB_14/B1                                                                                                                                         RBB_6L       14  [TILE 0 0, RBB 25 16]          -     r            6243     {inst38: spi_miso_FDCE_Q_D_LUT6_O_I0_FDCE_Q_D_LUT6_O_I0_FDCE_Q_D_LUT6_O_I0_FDCE_Q_D_LUT6_O_I0_FDCE_Q_D_LUT6_O_I0_FDCE_Q_D_LUT6_O_I0_FDCE_Q_D_LUT6_O (LUT,site=blut,bluto)} {inst36: spi_miso_FDCE_Q_D_LUT6_O_I0_FDCE_Q_D_LUT6_O_I0_FDCE_Q_D_LUT6_O_I0_FDCE_Q_D_LUT6_O_I0_FDCE_Q_D_LUT6_O_I0_FDCE_Q_D_LUT6_O_I0_FDCE_Q (FDCE,site=bff)} 
   -----------------------------------------------------------------------------------------------------------------------------------------------------------------------------------------------------------------------------------------------------------------------------------------------------------------------------------------------------------------------------------------------------------------------------------------------------------------------------------------------------------------------------------------------------------------------
   RBB_14/CLK                                                                                                                                        RBB_6L       14  [TILE 0 0, RBB 25 16]        802     r            7045                                                                                                                                                                                                                                                                                                                                            
   clk                                                                                                                                               Clock net     2           (fanout=388)      -2273                     -                                                                                                                                                                                                                                                                                                                                            
   clk                                                                                                                                               CLOCK-PORT    -                      -    capture     r            4772                                                                                                                                                                                                                                                                                                                                            
   -----------------------------------------------------------------------------------------------------------------------------------------------------------------------------------------------------------------------------------------------------------------------------------------------------------------------------------------------------------------------------------------------------------------------------------------------------------------------------------------------------------------------------------------------------------------------


Path 87:
   Slack (not met):                         -2907ps
     Path type:                               SETUP
     Group:                              <UDEF_clk>
     Launching clock:                           clk (rising edge)
     Capturing clock:                           clk (rising edge)

     Requested period:                       2000ps
   + Delay of the capturing clock:           2302ps
   - Clock uncertainty:                       150ps
   = Required time:                          4152ps
   - Propagation time:                       4712ps (37.0% logic, 63.0% route, logic stage 1)
   - Delay of the launching clock:           2347ps
   = Slack:                                 -2907ps

   Instance/Pin or Net Name   Type         ID     Location or Fanout   Delay(ps)  Edge  Arrival Time(ps)    Instance detail                                                                                                                                                                                                                                                                                                                                                      
   --------------------------------------------------------------------------------------------------------------------------------------------------------------------------------------------------------------------------------------------------------------------------------------------------------------------------------------------------------------------------------------------------------------------------------------------------------------------------------
   clk                        CLOCK-PORT    -                      -     launch     r               0                                                                                                                                                                                                                                                                                                                                                                            
   clk                        Clock net     2           (fanout=388)       2347                     -                                                                                                                                                                                                                                                                                                                                                                            
   RBB_9/CLK                  RBB_6L        9  [TILE 0 0, RBB 19 22]          -     r            2347                                                                                                                                                                                                                                                                                                                                                                            
   --------------------------------------------------------------------------------------------------------------------------------------------------------------------------------------------------------------------------------------------------------------------------------------------------------------------------------------------------------------------------------------------------------------------------------------------------------------------------------
   RBB_9/CQ                   RBB_6L        9  [TILE 0 0, RBB 19 22]        800     r            3147     {inst44: spi_mosi_FDCE_D (FDCE,site=cff)}                                                                                                                                                                                                                                                                                                                              
   spi_mosi_FDCE_D_Q[0]       Net          32             (fanout=1)       2968                     -                                                                                                                                                                                                                                                                                                                                                                            
   RBB_13/A1                  RBB_6L       13   [TILE 0 0, RBB 7 26]          -     r            6115     {inst41: spi_miso_FDCE_Q_D_LUT6_O_I0_FDCE_Q_D_LUT6_O_I0_FDCE_Q_D_LUT6_O_I0_FDCE_Q_D_LUT6_O_I0_FDCE_Q_D_LUT6_O_I0_FDCE_Q_D_LUT6_O_I0_FDCE_Q_D_LUT6_O_I0_FDCE_Q_D_LUT5_O (LUT,site=alut)} {inst39: spi_miso_FDCE_Q_D_LUT6_O_I0_FDCE_Q_D_LUT6_O_I0_FDCE_Q_D_LUT6_O_I0_FDCE_Q_D_LUT6_O_I0_FDCE_Q_D_LUT6_O_I0_FDCE_Q_D_LUT6_O_I0_FDCE_Q_D_LUT6_O_I0_FDCE_Q (FDCE,site=aff)} 
   --------------------------------------------------------------------------------------------------------------------------------------------------------------------------------------------------------------------------------------------------------------------------------------------------------------------------------------------------------------------------------------------------------------------------------------------------------------------------------
   RBB_13/CLK                 RBB_6L       13   [TILE 0 0, RBB 7 26]        944     r            7059                                                                                                                                                                                                                                                                                                                                                                            
   clk                        Clock net     2           (fanout=388)      -2302                     -                                                                                                                                                                                                                                                                                                                                                                            
   clk                        CLOCK-PORT    -                      -    capture     r            4757                                                                                                                                                                                                                                                                                                                                                                            
   --------------------------------------------------------------------------------------------------------------------------------------------------------------------------------------------------------------------------------------------------------------------------------------------------------------------------------------------------------------------------------------------------------------------------------------------------------------------------------


Path 90:
   Slack (not met):                         -2865ps
     Path type:                               SETUP
     Group:                              <UDEF_clk>
     Launching clock:                           clk (rising edge)
     Capturing clock:                           clk (rising edge)

     Requested period:                       2000ps
   + Delay of the capturing clock:           2302ps
   - Clock uncertainty:                       150ps
   = Required time:                          4152ps
   - Propagation time:                       4692ps (36.8% logic, 63.2% route, logic stage 1)
   - Delay of the launching clock:           2325ps
   = Slack:                                 -2865ps

   Instance/Pin or Net Name              Type         ID     Location or Fanout   Delay(ps)  Edge  Arrival Time(ps)    Instance detail                                                                                                                        
   -------------------------------------------------------------------------------------------------------------------------------------------------------------------------------------------------------------------------------------------------------------
   clk                                   CLOCK-PORT    -                      -     launch     r               0                                                                                                                                              
   clk                                   Clock net     2           (fanout=388)       2325                     -                                                                                                                                              
   RBB_11/CLK                            RBB_6L       11  [TILE 0 0, RBB 22 18]          -     r            2325                                                                                                                                              
   -------------------------------------------------------------------------------------------------------------------------------------------------------------------------------------------------------------------------------------------------------------
   RBB_11/DQ                             RBB_6L       11  [TILE 0 0, RBB 22 18]        800     r            3125     {inst62: u_spi.r_ss_n_sync_LUT3_I1_O_FDCE_D (FDC,site=dff)}                                                                              
   u_spi.r_ss_n_sync_LUT3_I1_O_FDCE_D_Q  Net          56            (fanout=10)       2967                     -                                                                                                                                              
   RBB_13/D4                             RBB_6L       13   [TILE 0 0, RBB 7 26]          -     r            6092     {inst23: spi_miso_FDCE_Q_D_LUT6_O_I0_FDCE_Q_D_LUT6_O (LUT,site=dlut,dluto)} {inst21: spi_miso_FDCE_Q_D_LUT6_O_I0_FDCE_Q (FDCE,site=dff)} 
   -------------------------------------------------------------------------------------------------------------------------------------------------------------------------------------------------------------------------------------------------------------
   RBB_13/CLK                            RBB_6L       13   [TILE 0 0, RBB 7 26]        925     r            7017                                                                                                                                              
   clk                                   Clock net     2           (fanout=388)      -2302                     -                                                                                                                                              
   clk                                   CLOCK-PORT    -                      -    capture     r            4715                                                                                                                                              
   -------------------------------------------------------------------------------------------------------------------------------------------------------------------------------------------------------------------------------------------------------------


Path 97:
   Slack (not met):                         -2769ps
     Path type:                               SETUP
     Group:                              <UDEF_clk>
     Launching clock:                           clk (rising edge)
     Capturing clock:                           clk (rising edge)

     Requested period:                       2000ps
   + Delay of the capturing clock:           2302ps
   - Clock uncertainty:                       150ps
   = Required time:                          4152ps
   - Propagation time:                       4596ps (35.5% logic, 64.5% route, logic stage 1)
   - Delay of the launching clock:           2325ps
   = Slack:                                 -2769ps

   Instance/Pin or Net Name              Type         ID     Location or Fanout   Delay(ps)  Edge  Arrival Time(ps)    Instance detail                                                                                                                                                              
   ---------------------------------------------------------------------------------------------------------------------------------------------------------------------------------------------------------------------------------------------------------------------------------------------------
   clk                                   CLOCK-PORT    -                      -     launch     r               0                                                                                                                                                                                    
   clk                                   Clock net     2           (fanout=388)       2325                     -                                                                                                                                                                                    
   RBB_11/CLK                            RBB_6L       11  [TILE 0 0, RBB 22 18]          -     r            2325                                                                                                                                                                                    
   ---------------------------------------------------------------------------------------------------------------------------------------------------------------------------------------------------------------------------------------------------------------------------------------------------
   RBB_11/DQ                             RBB_6L       11  [TILE 0 0, RBB 22 18]        800     r            3125     {inst62: u_spi.r_ss_n_sync_LUT3_I1_O_FDCE_D (FDC,site=dff)}                                                                                                                    
   u_spi.r_ss_n_sync_LUT3_I1_O_FDCE_D_Q  Net          56            (fanout=10)       2964                     -                                                                                                                                                                                    
   RBB_13/C4                             RBB_6L       13   [TILE 0 0, RBB 7 26]          -     r            6089     {inst26: spi_miso_FDCE_Q_D_LUT6_O_I0_FDCE_Q_D_LUT6_O_I0_FDCE_Q_D_LUT6_O (LUT,site=clut,cluto)} {inst24: spi_miso_FDCE_Q_D_LUT6_O_I0_FDCE_Q_D_LUT6_O_I0_FDCE_Q (FDCE,site=cff)} 
   ---------------------------------------------------------------------------------------------------------------------------------------------------------------------------------------------------------------------------------------------------------------------------------------------------
   RBB_13/CLK                            RBB_6L       13   [TILE 0 0, RBB 7 26]        832     r            6921                                                                                                                                                                                    
   clk                                   Clock net     2           (fanout=388)      -2302                     -                                                                                                                                                                                    
   clk                                   CLOCK-PORT    -                      -    capture     r            4619                                                                                                                                                                                    
   ---------------------------------------------------------------------------------------------------------------------------------------------------------------------------------------------------------------------------------------------------------------------------------------------------


Path 86:
   Slack (not met):                         -2763ps
     Path type:                               SETUP
     Group:                              <UDEF_clk>
     Launching clock:                           clk (rising edge)
     Capturing clock:                           clk (rising edge)

     Requested period:                       2000ps
   + Delay of the capturing clock:           2302ps
   - Clock uncertainty:                       150ps
   = Required time:                          4152ps
   - Propagation time:                       4590ps (35.4% logic, 64.6% route, logic stage 1)
   - Delay of the launching clock:           2325ps
   = Slack:                                 -2763ps

   Instance/Pin or Net Name              Type         ID     Location or Fanout   Delay(ps)  Edge  Arrival Time(ps)    Instance detail                                                                                                                                                                                                                                                                                                                                                      
   -------------------------------------------------------------------------------------------------------------------------------------------------------------------------------------------------------------------------------------------------------------------------------------------------------------------------------------------------------------------------------------------------------------------------------------------------------------------------------------------
   clk                                   CLOCK-PORT    -                      -     launch     r               0                                                                                                                                                                                                                                                                                                                                                                            
   clk                                   Clock net     2           (fanout=388)       2325                     -                                                                                                                                                                                                                                                                                                                                                                            
   RBB_11/CLK                            RBB_6L       11  [TILE 0 0, RBB 22 18]          -     r            2325                                                                                                                                                                                                                                                                                                                                                                            
   -------------------------------------------------------------------------------------------------------------------------------------------------------------------------------------------------------------------------------------------------------------------------------------------------------------------------------------------------------------------------------------------------------------------------------------------------------------------------------------------
   RBB_11/DQ                             RBB_6L       11  [TILE 0 0, RBB 22 18]        800     r            3125     {inst62: u_spi.r_ss_n_sync_LUT3_I1_O_FDCE_D (FDC,site=dff)}                                                                                                                                                                                                                                                                                                            
   u_spi.r_ss_n_sync_LUT3_I1_O_FDCE_D_Q  Net          56            (fanout=10)       2966                     -                                                                                                                                                                                                                                                                                                                                                                            
   RBB_13/A4                             RBB_6L       13   [TILE 0 0, RBB 7 26]          -     r            6091     {inst41: spi_miso_FDCE_Q_D_LUT6_O_I0_FDCE_Q_D_LUT6_O_I0_FDCE_Q_D_LUT6_O_I0_FDCE_Q_D_LUT6_O_I0_FDCE_Q_D_LUT6_O_I0_FDCE_Q_D_LUT6_O_I0_FDCE_Q_D_LUT6_O_I0_FDCE_Q_D_LUT5_O (LUT,site=alut)} {inst39: spi_miso_FDCE_Q_D_LUT6_O_I0_FDCE_Q_D_LUT6_O_I0_FDCE_Q_D_LUT6_O_I0_FDCE_Q_D_LUT6_O_I0_FDCE_Q_D_LUT6_O_I0_FDCE_Q_D_LUT6_O_I0_FDCE_Q_D_LUT6_O_I0_FDCE_Q (FDCE,site=aff)} 
   -------------------------------------------------------------------------------------------------------------------------------------------------------------------------------------------------------------------------------------------------------------------------------------------------------------------------------------------------------------------------------------------------------------------------------------------------------------------------------------------
   RBB_13/CLK                            RBB_6L       13   [TILE 0 0, RBB 7 26]        824     r            6915                                                                                                                                                                                                                                                                                                                                                                            
   clk                                   Clock net     2           (fanout=388)      -2302                     -                                                                                                                                                                                                                                                                                                                                                                            
   clk                                   CLOCK-PORT    -                      -    capture     r            4613                                                                                                                                                                                                                                                                                                                                                                            
   -------------------------------------------------------------------------------------------------------------------------------------------------------------------------------------------------------------------------------------------------------------------------------------------------------------------------------------------------------------------------------------------------------------------------------------------------------------------------------------------


Path 103:
   Slack (not met):                         -2754ps
     Path type:                               SETUP
     Group:                              <UDEF_clk>
     Launching clock:                           clk (rising edge)
     Capturing clock:                           clk (rising edge)

     Requested period:                       2000ps
   + Delay of the capturing clock:           2302ps
   - Clock uncertainty:                       150ps
   = Required time:                          4152ps
   - Propagation time:                       4581ps (35.6% logic, 64.4% route, logic stage 1)
   - Delay of the launching clock:           2325ps
   = Slack:                                 -2754ps

   Instance/Pin or Net Name              Type         ID     Location or Fanout   Delay(ps)  Edge  Arrival Time(ps)    Instance detail                                                                                                                                                                                                    
   -----------------------------------------------------------------------------------------------------------------------------------------------------------------------------------------------------------------------------------------------------------------------------------------------------------------------------------------
   clk                                   CLOCK-PORT    -                      -     launch     r               0                                                                                                                                                                                                                          
   clk                                   Clock net     2           (fanout=388)       2325                     -                                                                                                                                                                                                                          
   RBB_11/CLK                            RBB_6L       11  [TILE 0 0, RBB 22 18]          -     r            2325                                                                                                                                                                                                                          
   -----------------------------------------------------------------------------------------------------------------------------------------------------------------------------------------------------------------------------------------------------------------------------------------------------------------------------------------
   RBB_11/DQ                             RBB_6L       11  [TILE 0 0, RBB 22 18]        800     r            3125     {inst62: u_spi.r_ss_n_sync_LUT3_I1_O_FDCE_D (FDC,site=dff)}                                                                                                                                                          
   u_spi.r_ss_n_sync_LUT3_I1_O_FDCE_D_Q  Net          56            (fanout=10)       2949                     -                                                                                                                                                                                                                          
   RBB_13/B4                             RBB_6L       13   [TILE 0 0, RBB 7 26]          -     r            6074     {inst29: spi_miso_FDCE_Q_D_LUT6_O_I0_FDCE_Q_D_LUT6_O_I0_FDCE_Q_D_LUT6_O_I0_FDCE_Q_D_LUT6_O (LUT,site=blut,bluto)} {inst27: spi_miso_FDCE_Q_D_LUT6_O_I0_FDCE_Q_D_LUT6_O_I0_FDCE_Q_D_LUT6_O_I0_FDCE_Q (FDCE,site=bff)} 
   -----------------------------------------------------------------------------------------------------------------------------------------------------------------------------------------------------------------------------------------------------------------------------------------------------------------------------------------
   RBB_13/CLK                            RBB_6L       13   [TILE 0 0, RBB 7 26]        832     r            6906                                                                                                                                                                                                                          
   clk                                   Clock net     2           (fanout=388)      -2302                     -                                                                                                                                                                                                                          
   clk                                   CLOCK-PORT    -                      -    capture     r            4604                                                                                                                                                                                                                          
   -----------------------------------------------------------------------------------------------------------------------------------------------------------------------------------------------------------------------------------------------------------------------------------------------------------------------------------------


Path 102:
   Slack (not met):                         -2643ps
     Path type:                               SETUP
     Group:                              <UDEF_clk>
     Launching clock:                           clk (rising edge)
     Capturing clock:                           clk (rising edge)

     Requested period:                       2000ps
   + Delay of the capturing clock:           2324ps
   - Clock uncertainty:                       150ps
   = Required time:                          4174ps
   - Propagation time:                       4470ps (39.5% logic, 60.5% route, logic stage 1)
   - Delay of the launching clock:           2347ps
   = Slack:                                 -2643ps

   Instance/Pin or Net Name   Type         ID     Location or Fanout   Delay(ps)  Edge  Arrival Time(ps)    Instance detail                                                      
   --------------------------------------------------------------------------------------------------------------------------------------------------------------------------------
   clk                        CLOCK-PORT    -                      -     launch     r               0                                                                            
   clk                        Clock net     2           (fanout=388)       2347                     -                                                                            
   RBB_10/CLK                 RBB_6L       10  [TILE 0 0, RBB 19 20]          -     r            2347                                                                            
   --------------------------------------------------------------------------------------------------------------------------------------------------------------------------------
   RBB_10/AQ                  RBB_6L       10  [TILE 0 0, RBB 19 20]        800     r            3147     {inst56: u_spi.o_rx_data_valid_FDCE_Q (FDC,site=aff)}                  
   u_spi.o_rx_data_valid      Net           3             (fanout=1)       2704                     -                                                                            
   RBB_0/CE                   IOB           0   [TILE 0 0, RBB 0 25]          -     r            5851     {inst11: led_FDRE_Q (FDRE)} {(output_port) inst74: g_74_led_obuf (IO)} 
   --------------------------------------------------------------------------------------------------------------------------------------------------------------------------------
   RBB_0/CLK                  IOB           0   [TILE 0 0, RBB 0 25]        966     r            6817                                                                            
   clk                        Clock net     2           (fanout=388)      -2324                     -                                                                            
   clk                        CLOCK-PORT    -                      -    capture     r            4493                                                                            
   --------------------------------------------------------------------------------------------------------------------------------------------------------------------------------


Path 93:
   Slack (not met):                         -2354ps
     Path type:                               SETUP
     Group:                              <UDEF_clk>
     Launching clock:                           clk (rising edge)
     Capturing clock:                           clk (rising edge)

     Requested period:                       2000ps
   + Delay of the capturing clock:           2273ps
   - Clock uncertainty:                       150ps
   = Required time:                          4123ps
   - Propagation time:                       4182ps (41.2% logic, 58.8% route, logic stage 1)
   - Delay of the launching clock:           2295ps
   = Slack:                                 -2354ps

   Instance/Pin or Net Name                                                                                    Type         ID     Location or Fanout   Delay(ps)  Edge  Arrival Time(ps)    Instance detail                                                                                                                                                                                                                                          
   -----------------------------------------------------------------------------------------------------------------------------------------------------------------------------------------------------------------------------------------------------------------------------------------------------------------------------------------------------------------------------------------------------------------------------------------------------
   clk                                                                                                         CLOCK-PORT    -                      -     launch     r               0                                                                                                                                                                                                                                                                
   clk                                                                                                         Clock net     2           (fanout=388)       2295                     -                                                                                                                                                                                                                                                                
   RBB_8/CLK                                                                                                   RBB_6L        8  [TILE 0 0, RBB 10 26]          -     r            2295                                                                                                                                                                                                                                                                
   -----------------------------------------------------------------------------------------------------------------------------------------------------------------------------------------------------------------------------------------------------------------------------------------------------------------------------------------------------------------------------------------------------------------------------------------------------
   RBB_8/BQ                                                                                                    RBB_6L        8  [TILE 0 0, RBB 10 26]        800     r            3095     {inst34: spi_miso_FDCE_Q_D_LUT6_O_I0_FDCE_Q_D_LUT6_O_I0_FDCE_Q_D_LUT6_O_I0_FDCE_Q_D_LUT6_O_I0_FDCE_Q_D_LUT6_O_I0_FDCE_Q_1 (FDCE,site=bff)}                                                                                                                 
   spi_miso_FDCE_Q_D_LUT6_O_I0_FDCE_Q_D_LUT6_O_I0_FDCE_Q_D_LUT6_O_I0_FDCE_Q_D_LUT6_O_I0_FDCE_Q_D_LUT6_O_I0[1]  Net          47             (fanout=1)       2457                     -                                                                                                                                                                                                                                                                
   RBB_14/D2                                                                                                   RBB_6L       14  [TILE 0 0, RBB 25 16]          -     r            5552     {inst32: spi_miso_FDCE_Q_D_LUT6_O_I0_FDCE_Q_D_LUT6_O_I0_FDCE_Q_D_LUT6_O_I0_FDCE_Q_D_LUT6_O_I0_FDCE_Q_D_LUT6_O (LUT,site=dlut,dluto)} {inst30: spi_miso_FDCE_Q_D_LUT6_O_I0_FDCE_Q_D_LUT6_O_I0_FDCE_Q_D_LUT6_O_I0_FDCE_Q_D_LUT6_O_I0_FDCE_Q (FDCE,site=dff)} 
   -----------------------------------------------------------------------------------------------------------------------------------------------------------------------------------------------------------------------------------------------------------------------------------------------------------------------------------------------------------------------------------------------------------------------------------------------------
   RBB_14/CLK                                                                                                  RBB_6L       14  [TILE 0 0, RBB 25 16]        925     r            6477                                                                                                                                                                                                                                                                
   clk                                                                                                         Clock net     2           (fanout=388)      -2273                     -                                                                                                                                                                                                                                                                
   clk                                                                                                         CLOCK-PORT    -                      -    capture     r            4204                                                                                                                                                                                                                                                                
   -----------------------------------------------------------------------------------------------------------------------------------------------------------------------------------------------------------------------------------------------------------------------------------------------------------------------------------------------------------------------------------------------------------------------------------------------------


Path 98:
   Slack (not met):                         -2249ps
     Path type:                               SETUP
     Group:                              <UDEF_clk>
     Launching clock:                           clk (rising edge)
     Capturing clock:                           clk (rising edge)

     Requested period:                       2000ps
   + Delay of the capturing clock:           2273ps
   - Clock uncertainty:                       150ps
   = Required time:                          4123ps
   - Propagation time:                       4077ps (41.2% logic, 58.8% route, logic stage 1)
   - Delay of the launching clock:           2295ps
   = Slack:                                 -2249ps

   Instance/Pin or Net Name                                                                                                       Type         ID     Location or Fanout   Delay(ps)  Edge  Arrival Time(ps)    Instance detail                                                                                                                                                                                                                                                                                
   --------------------------------------------------------------------------------------------------------------------------------------------------------------------------------------------------------------------------------------------------------------------------------------------------------------------------------------------------------------------------------------------------------------------------------------------------------------------------------------------------------------
   clk                                                                                                                            CLOCK-PORT    -                      -     launch     r               0                                                                                                                                                                                                                                                                                                      
   clk                                                                                                                            Clock net     2           (fanout=388)       2295                     -                                                                                                                                                                                                                                                                                                      
   RBB_8/CLK                                                                                                                      RBB_6L        8  [TILE 0 0, RBB 10 26]          -     r            2295                                                                                                                                                                                                                                                                                                      
   --------------------------------------------------------------------------------------------------------------------------------------------------------------------------------------------------------------------------------------------------------------------------------------------------------------------------------------------------------------------------------------------------------------------------------------------------------------------------------------------------------------
   RBB_8/AQ                                                                                                                       RBB_6L        8  [TILE 0 0, RBB 10 26]        800     r            3095     {inst37: spi_miso_FDCE_Q_D_LUT6_O_I0_FDCE_Q_D_LUT6_O_I0_FDCE_Q_D_LUT6_O_I0_FDCE_Q_D_LUT6_O_I0_FDCE_Q_D_LUT6_O_I0_FDCE_Q_D_LUT6_O_I0_FDCE_Q_1 (FDCE,site=aff)}                                                                                                                                    
   spi_miso_FDCE_Q_D_LUT6_O_I0_FDCE_Q_D_LUT6_O_I0_FDCE_Q_D_LUT6_O_I0_FDCE_Q_D_LUT6_O_I0_FDCE_Q_D_LUT6_O_I0_FDCE_Q_D_LUT6_O_I0[1]  Net          45             (fanout=1)       2396                     -                                                                                                                                                                                                                                                                                                      
   RBB_14/C2                                                                                                                      RBB_6L       14  [TILE 0 0, RBB 25 16]          -     r            5491     {inst35: spi_miso_FDCE_Q_D_LUT6_O_I0_FDCE_Q_D_LUT6_O_I0_FDCE_Q_D_LUT6_O_I0_FDCE_Q_D_LUT6_O_I0_FDCE_Q_D_LUT6_O_I0_FDCE_Q_D_LUT6_O (LUT,site=clut,cluto)} {inst33: spi_miso_FDCE_Q_D_LUT6_O_I0_FDCE_Q_D_LUT6_O_I0_FDCE_Q_D_LUT6_O_I0_FDCE_Q_D_LUT6_O_I0_FDCE_Q_D_LUT6_O_I0_FDCE_Q (FDCE,site=cff)} 
   --------------------------------------------------------------------------------------------------------------------------------------------------------------------------------------------------------------------------------------------------------------------------------------------------------------------------------------------------------------------------------------------------------------------------------------------------------------------------------------------------------------
   RBB_14/CLK                                                                                                                     RBB_6L       14  [TILE 0 0, RBB 25 16]        881     r            6372                                                                                                                                                                                                                                                                                                      
   clk                                                                                                                            Clock net     2           (fanout=388)      -2273                     -                                                                                                                                                                                                                                                                                                      
   clk                                                                                                                            CLOCK-PORT    -                      -    capture     r            4099                                                                                                                                                                                                                                                                                                      
   --------------------------------------------------------------------------------------------------------------------------------------------------------------------------------------------------------------------------------------------------------------------------------------------------------------------------------------------------------------------------------------------------------------------------------------------------------------------------------------------------------------


Path 70:
   Slack (not met):                         -2246ps
     Path type:                               SETUP
     Group:                              <UDEF_clk>
     Launching clock:                           clk (rising edge)
     Capturing clock:                           clk (rising edge)

     Requested period:                       2000ps
   + Delay of the capturing clock:           2321ps
   - Clock uncertainty:                       150ps
   = Required time:                          4171ps
   - Propagation time:                       4096ps (52.3% logic, 47.7% route, logic stage 2)
   - Delay of the launching clock:           2321ps
   = Slack:                                 -2246ps

   Instance/Pin or Net Name   Type         ID    Location or Fanout   Delay(ps)  Edge  Arrival Time(ps)    Instance detail                     
   ----------------------------------------------------------------------------------------------------------------------------------------------
   clk                        CLOCK-PORT    -                     -     launch     r               0                                           
   clk                        Clock net     2          (fanout=388)       2321                     -                                           
   RBB_12/CLK                 RBB_6L       12  [TILE 0 0, RBB 1 26]          -     r            2321                                           
   ----------------------------------------------------------------------------------------------------------------------------------------------
   RBB_12/DQ                  RBB_6L       12  [TILE 0 0, RBB 1 26]        800     r            3121     {inst17: por_FDRE_Q_3 (FDE,site=dff)} 
   por[0]                     Net          24            (fanout=1)       1162                     -                                           
   RBB_6/A1                   RBB_6L        6  [TILE 0 0, RBB 1 24]          -     r            4283                                           
   RBB_6/A                    RBB_6L        6  [TILE 0 0, RBB 1 24]        853     r            5136     {inst18: por_INV_I (LUT,site=alut)}   
   por_INV_I_O[0]             Net          40            (fanout=1)        791                     -                                           
   RBB_12/D6                  RBB_6L       12  [TILE 0 0, RBB 1 26]          -     r            5927     {inst17: por_FDRE_Q_3 (FDE,site=dff)} 
   ----------------------------------------------------------------------------------------------------------------------------------------------
   RBB_12/CLK                 RBB_6L       12  [TILE 0 0, RBB 1 26]        490     r            6417                                           
   clk                        Clock net     2          (fanout=388)      -2321                     -                                           
   clk                        CLOCK-PORT    -                     -    capture     r            4096                                           
   ----------------------------------------------------------------------------------------------------------------------------------------------


Path 107:
   Slack (not met):                         -2235ps
     Path type:                               SETUP
     Group:                              <UDEF_clk>
     Launching clock:                           clk (rising edge)
     Capturing clock:                           clk (rising edge)

     Requested period:                       2000ps
   + Delay of the capturing clock:           2302ps
   - Clock uncertainty:                       150ps
   = Required time:                          4152ps
   - Propagation time:                       4114ps (38.8% logic, 61.2% route, logic stage 1)
   - Delay of the launching clock:           2273ps
   = Slack:                                 -2235ps

   Instance/Pin or Net Name                                                                 Type         ID     Location or Fanout   Delay(ps)  Edge  Arrival Time(ps)    Instance detail                                                                                                                                                                                                    
   --------------------------------------------------------------------------------------------------------------------------------------------------------------------------------------------------------------------------------------------------------------------------------------------------------------------------------------------------------------------------------------------
   clk                                                                                      CLOCK-PORT    -                      -     launch     r               0                                                                                                                                                                                                                          
   clk                                                                                      Clock net     2           (fanout=388)       2273                     -                                                                                                                                                                                                                          
   RBB_14/CLK                                                                               RBB_6L       14  [TILE 0 0, RBB 25 16]          -     r            2273                                                                                                                                                                                                                          
   --------------------------------------------------------------------------------------------------------------------------------------------------------------------------------------------------------------------------------------------------------------------------------------------------------------------------------------------------------------------------------------------
   RBB_14/DQ                                                                                RBB_6L       14  [TILE 0 0, RBB 25 16]        800     r            3073     {inst30: spi_miso_FDCE_Q_D_LUT6_O_I0_FDCE_Q_D_LUT6_O_I0_FDCE_Q_D_LUT6_O_I0_FDCE_Q_D_LUT6_O_I0_FDCE_Q (FDCE,site=dff)}                                                                                                
   spi_miso_FDCE_Q_D_LUT6_O_I0_FDCE_Q_D_LUT6_O_I0_FDCE_Q_D_LUT6_O_I0_FDCE_Q_D_LUT6_O_I0[0]  Net          38             (fanout=1)       2516                     -                                                                                                                                                                                                                          
   RBB_13/B1                                                                                RBB_6L       13   [TILE 0 0, RBB 7 26]          -     r            5589     {inst29: spi_miso_FDCE_Q_D_LUT6_O_I0_FDCE_Q_D_LUT6_O_I0_FDCE_Q_D_LUT6_O_I0_FDCE_Q_D_LUT6_O (LUT,site=blut,bluto)} {inst27: spi_miso_FDCE_Q_D_LUT6_O_I0_FDCE_Q_D_LUT6_O_I0_FDCE_Q_D_LUT6_O_I0_FDCE_Q (FDCE,site=bff)} 
   --------------------------------------------------------------------------------------------------------------------------------------------------------------------------------------------------------------------------------------------------------------------------------------------------------------------------------------------------------------------------------------------
   RBB_13/CLK                                                                               RBB_6L       13   [TILE 0 0, RBB 7 26]        798     r            6387                                                                                                                                                                                                                          
   clk                                                                                      Clock net     2           (fanout=388)      -2302                     -                                                                                                                                                                                                                          
   clk                                                                                      CLOCK-PORT    -                      -    capture     r            4085                                                                                                                                                                                                                          
   --------------------------------------------------------------------------------------------------------------------------------------------------------------------------------------------------------------------------------------------------------------------------------------------------------------------------------------------------------------------------------------------


Path 109:
   Slack (not met):                         -2194ps
     Path type:                               SETUP
     Group:                              <UDEF_clk>
     Launching clock:                           clk (rising edge)
     Capturing clock:                           clk (rising edge)

     Requested period:                       2000ps
   + Delay of the capturing clock:           2311ps
   - Clock uncertainty:                       150ps
   = Required time:                          4161ps
   - Propagation time:                       4000ps (44.2% logic, 55.8% route, logic stage 1)
   - Delay of the launching clock:           2355ps
   = Slack:                                 -2194ps

   Instance/Pin or Net Name   Type         ID     Location or Fanout   Delay(ps)  Edge  Arrival Time(ps)    Instance detail                                                                                            
   ----------------------------------------------------------------------------------------------------------------------------------------------------------------------------------------------------------------------
   clk                        CLOCK-PORT    -                      -     launch     r               0                                                                                                                  
   clk                        Clock net     2           (fanout=388)       2355                     -                                                                                                                  
   RBB_16/CLK                 RBB_6L       16  [TILE 0 0, RBB 10 24]          -     r            2355                                                                                                                  
   ----------------------------------------------------------------------------------------------------------------------------------------------------------------------------------------------------------------------
   RBB_16/DQ                  RBB_6L       16  [TILE 0 0, RBB 10 24]        800     r            3155     {inst69: u_spi.rx_shift_FDCE_Q_6 (FDCE,site=dff)}                                                            
   u_spi.rx_shift[0]          Net          11             (fanout=2)       2232                     -                                                                                                                  
   RBB_15/A1                  RBB_6L       15   [TILE 0 0, RBB 4 22]          -     r            5387     {inst95: u_spi.rx_shift_FDCE_Q_5_buf95_i (LUT,site=aluto)} {inst68: u_spi.rx_shift_FDCE_Q_5 (FDCE,site=aff)} 
   ----------------------------------------------------------------------------------------------------------------------------------------------------------------------------------------------------------------------
   RBB_15/CLK                 RBB_6L       15   [TILE 0 0, RBB 4 22]        968     r            6355                                                                                                                  
   clk                        Clock net     2           (fanout=388)      -2311                     -                                                                                                                  
   clk                        CLOCK-PORT    -                      -    capture     r            4044                                                                                                                  
   ----------------------------------------------------------------------------------------------------------------------------------------------------------------------------------------------------------------------


Path 78:
   Slack (not met):                         -2138ps
     Path type:                               SETUP
     Group:                              <UDEF_clk>
     Launching clock:                           clk (rising edge)
     Capturing clock:                           clk (rising edge)

     Requested period:                       2000ps
   + Delay of the capturing clock:           2295ps
   - Clock uncertainty:                       150ps
   = Required time:                          4145ps
   - Propagation time:                       3972ps (63.2% logic, 36.8% route, logic stage 1)
   - Delay of the launching clock:           2311ps
   = Slack:                                 -2138ps

   Instance/Pin or Net Name   Type         ID     Location or Fanout   Delay(ps)  Edge  Arrival Time(ps)    Instance detail                                                                                                                                                                                                                                         
   -------------------------------------------------------------------------------------------------------------------------------------------------------------------------------------------------------------------------------------------------------------------------------------------------------------------------------------------------------------------
   clk                        CLOCK-PORT    -                      -     launch     r               0                                                                                                                                                                                                                                                               
   clk                        Clock net     2           (fanout=388)       2311                     -                                                                                                                                                                                                                                                               
   RBB_15/CLK                 RBB_6L       15   [TILE 0 0, RBB 4 22]          -     r            2311                                                                                                                                                                                                                                                               
   -------------------------------------------------------------------------------------------------------------------------------------------------------------------------------------------------------------------------------------------------------------------------------------------------------------------------------------------------------------------
   RBB_15/CMUX                RBB_6L       15   [TILE 0 0, RBB 4 22]       1416     r            3727     {inst66: u_spi.rx_shift_FDCE_Q_3 (FDCE,site=cffo)}                                                                                                                                                                                                        
   u_spi.rx_shift[3]          Net          14             (fanout=2)       1461                     -                                                                                                                                                                                                                                                               
   RBB_8/C1                   RBB_6L        8  [TILE 0 0, RBB 10 26]          -     r            5188     {inst88: spi_miso_FDCE_Q_D_LUT6_O_I0_FDCE_Q_D_LUT6_O_I0_FDCE_Q_D_LUT6_O_I0_FDCE_Q_D_LUT6_O_I0_FDCE_Q_1_buf88_i (LUT,site=cluto)} {inst31: spi_miso_FDCE_Q_D_LUT6_O_I0_FDCE_Q_D_LUT6_O_I0_FDCE_Q_D_LUT6_O_I0_FDCE_Q_D_LUT6_O_I0_FDCE_Q_1 (FDCE,site=cffo)} 
   -------------------------------------------------------------------------------------------------------------------------------------------------------------------------------------------------------------------------------------------------------------------------------------------------------------------------------------------------------------------
   RBB_8/CLK                  RBB_6L        8  [TILE 0 0, RBB 10 26]       1095     r            6283                                                                                                                                                                                                                                                               
   clk                        Clock net     2           (fanout=388)      -2295                     -                                                                                                                                                                                                                                                               
   clk                        CLOCK-PORT    -                      -    capture     r            3988                                                                                                                                                                                                                                                               
   -------------------------------------------------------------------------------------------------------------------------------------------------------------------------------------------------------------------------------------------------------------------------------------------------------------------------------------------------------------------


Path 79:
   Slack (not met):                         -2137ps
     Path type:                               SETUP
     Group:                              <UDEF_clk>
     Launching clock:                           clk (rising edge)
     Capturing clock:                           clk (rising edge)

     Requested period:                       2000ps
   + Delay of the capturing clock:           2295ps
   - Clock uncertainty:                       150ps
   = Required time:                          4145ps
   - Propagation time:                       3971ps (64.8% logic, 35.2% route, logic stage 1)
   - Delay of the launching clock:           2311ps
   = Slack:                                 -2137ps

   Instance/Pin or Net Name   Type         ID     Location or Fanout   Delay(ps)  Edge  Arrival Time(ps)    Instance detail                                                                                                                                                                                                   
   -----------------------------------------------------------------------------------------------------------------------------------------------------------------------------------------------------------------------------------------------------------------------------------------------------------------------------
   clk                        CLOCK-PORT    -                      -     launch     r               0                                                                                                                                                                                                                         
   clk                        Clock net     2           (fanout=388)       2311                     -                                                                                                                                                                                                                         
   RBB_15/CLK                 RBB_6L       15   [TILE 0 0, RBB 4 22]          -     r            2311                                                                                                                                                                                                                         
   -----------------------------------------------------------------------------------------------------------------------------------------------------------------------------------------------------------------------------------------------------------------------------------------------------------------------------
   RBB_15/DMUX                RBB_6L       15   [TILE 0 0, RBB 4 22]       1423     r            3734     {inst65: u_spi.rx_shift_FDCE_Q_2 (FDCE,site=dffo)}                                                                                                                                                                  
   u_spi.rx_shift[4]          Net          15             (fanout=2)       1396                     -                                                                                                                                                                                                                         
   RBB_8/D1                   RBB_6L        8  [TILE 0 0, RBB 10 26]          -     r            5130     {inst87: spi_miso_FDCE_Q_D_LUT6_O_I0_FDCE_Q_D_LUT6_O_I0_FDCE_Q_D_LUT6_O_I0_FDCE_Q_1_buf87_i (LUT,site=dluto)} {inst28: spi_miso_FDCE_Q_D_LUT6_O_I0_FDCE_Q_D_LUT6_O_I0_FDCE_Q_D_LUT6_O_I0_FDCE_Q_1 (FDCE,site=dffo)} 
   -----------------------------------------------------------------------------------------------------------------------------------------------------------------------------------------------------------------------------------------------------------------------------------------------------------------------------
   RBB_8/CLK                  RBB_6L        8  [TILE 0 0, RBB 10 26]       1152     r            6282                                                                                                                                                                                                                         
   clk                        Clock net     2           (fanout=388)      -2295                     -                                                                                                                                                                                                                         
   clk                        CLOCK-PORT    -                      -    capture     r            3987                                                                                                                                                                                                                         
   -----------------------------------------------------------------------------------------------------------------------------------------------------------------------------------------------------------------------------------------------------------------------------------------------------------------------------


Path 88:
   Slack (not met):                         -1944ps
     Path type:                               SETUP
     Group:                              <UDEF_clk>
     Launching clock:                           clk (rising edge)
     Capturing clock:                           clk (rising edge)

     Requested period:                       2000ps
   + Delay of the capturing clock:           2273ps
   - Clock uncertainty:                       150ps
   = Required time:                          4123ps
   - Propagation time:                       3720ps (45.7% logic, 54.3% route, logic stage 1)
   - Delay of the launching clock:           2347ps
   = Slack:                                 -1944ps

   Instance/Pin or Net Name   Type         ID     Location or Fanout   Delay(ps)  Edge  Arrival Time(ps)    Instance detail                                                                                                                                                                                                                                          
   --------------------------------------------------------------------------------------------------------------------------------------------------------------------------------------------------------------------------------------------------------------------------------------------------------------------------------------------------------------------
   clk                        CLOCK-PORT    -                      -     launch     r               0                                                                                                                                                                                                                                                                
   clk                        Clock net     2           (fanout=388)       2347                     -                                                                                                                                                                                                                                                                
   RBB_10/CLK                 RBB_6L       10  [TILE 0 0, RBB 19 20]          -     r            2347                                                                                                                                                                                                                                                                
   --------------------------------------------------------------------------------------------------------------------------------------------------------------------------------------------------------------------------------------------------------------------------------------------------------------------------------------------------------------------
   RBB_10/DQ                  RBB_6L       10  [TILE 0 0, RBB 19 20]        800     r            3147     {inst45: spi_mosi_FDCE_D_Q_FDCE_Q (FDC,site=dff)}                                                                                                                                                                                                          
   spi_mosi_FDCE_D_Q[1]       Net          33            (fanout=10)       2019                     -                                                                                                                                                                                                                                                                
   RBB_14/D5                  RBB_6L       14  [TILE 0 0, RBB 25 16]          -     r            5166     {inst32: spi_miso_FDCE_Q_D_LUT6_O_I0_FDCE_Q_D_LUT6_O_I0_FDCE_Q_D_LUT6_O_I0_FDCE_Q_D_LUT6_O_I0_FDCE_Q_D_LUT6_O (LUT,site=dlut,dluto)} {inst30: spi_miso_FDCE_Q_D_LUT6_O_I0_FDCE_Q_D_LUT6_O_I0_FDCE_Q_D_LUT6_O_I0_FDCE_Q_D_LUT6_O_I0_FDCE_Q (FDCE,site=dff)} 
   --------------------------------------------------------------------------------------------------------------------------------------------------------------------------------------------------------------------------------------------------------------------------------------------------------------------------------------------------------------------
   RBB_14/CLK                 RBB_6L       14  [TILE 0 0, RBB 25 16]        901     r            6067                                                                                                                                                                                                                                                                
   clk                        Clock net     2           (fanout=388)      -2273                     -                                                                                                                                                                                                                                                                
   clk                        CLOCK-PORT    -                      -    capture     r            3794                                                                                                                                                                                                                                                                
   --------------------------------------------------------------------------------------------------------------------------------------------------------------------------------------------------------------------------------------------------------------------------------------------------------------------------------------------------------------------


Path 94:
   Slack (not met):                         -1944ps
     Path type:                               SETUP
     Group:                              <UDEF_clk>
     Launching clock:                           clk (rising edge)
     Capturing clock:                           clk (rising edge)

     Requested period:                       2000ps
   + Delay of the capturing clock:           2273ps
   - Clock uncertainty:                       150ps
   = Required time:                          4123ps
   - Propagation time:                       3720ps (45.7% logic, 54.3% route, logic stage 1)
   - Delay of the launching clock:           2347ps
   = Slack:                                 -1944ps

   Instance/Pin or Net Name   Type         ID     Location or Fanout   Delay(ps)  Edge  Arrival Time(ps)    Instance detail                                                                                                                                                                                                                                                                                
   ----------------------------------------------------------------------------------------------------------------------------------------------------------------------------------------------------------------------------------------------------------------------------------------------------------------------------------------------------------------------------------------------------------
   clk                        CLOCK-PORT    -                      -     launch     r               0                                                                                                                                                                                                                                                                                                      
   clk                        Clock net     2           (fanout=388)       2347                     -                                                                                                                                                                                                                                                                                                      
   RBB_10/CLK                 RBB_6L       10  [TILE 0 0, RBB 19 20]          -     r            2347                                                                                                                                                                                                                                                                                                      
   ----------------------------------------------------------------------------------------------------------------------------------------------------------------------------------------------------------------------------------------------------------------------------------------------------------------------------------------------------------------------------------------------------------
   RBB_10/DQ                  RBB_6L       10  [TILE 0 0, RBB 19 20]        800     r            3147     {inst45: spi_mosi_FDCE_D_Q_FDCE_Q (FDC,site=dff)}                                                                                                                                                                                                                                                
   spi_mosi_FDCE_D_Q[1]       Net          33            (fanout=10)       2019                     -                                                                                                                                                                                                                                                                                                      
   RBB_14/C5                  RBB_6L       14  [TILE 0 0, RBB 25 16]          -     r            5166     {inst35: spi_miso_FDCE_Q_D_LUT6_O_I0_FDCE_Q_D_LUT6_O_I0_FDCE_Q_D_LUT6_O_I0_FDCE_Q_D_LUT6_O_I0_FDCE_Q_D_LUT6_O_I0_FDCE_Q_D_LUT6_O (LUT,site=clut,cluto)} {inst33: spi_miso_FDCE_Q_D_LUT6_O_I0_FDCE_Q_D_LUT6_O_I0_FDCE_Q_D_LUT6_O_I0_FDCE_Q_D_LUT6_O_I0_FDCE_Q_D_LUT6_O_I0_FDCE_Q (FDCE,site=cff)} 
   ----------------------------------------------------------------------------------------------------------------------------------------------------------------------------------------------------------------------------------------------------------------------------------------------------------------------------------------------------------------------------------------------------------
   RBB_14/CLK                 RBB_6L       14  [TILE 0 0, RBB 25 16]        901     r            6067                                                                                                                                                                                                                                                                                                      
   clk                        Clock net     2           (fanout=388)      -2273                     -                                                                                                                                                                                                                                                                                                      
   clk                        CLOCK-PORT    -                      -    capture     r            3794                                                                                                                                                                                                                                                                                                      
   ----------------------------------------------------------------------------------------------------------------------------------------------------------------------------------------------------------------------------------------------------------------------------------------------------------------------------------------------------------------------------------------------------------


Path 100:
   Slack (not met):                         -1896ps
     Path type:                               SETUP
     Group:                              <UDEF_clk>
     Launching clock:                           clk (rising edge)
     Capturing clock:                           clk (rising edge)

     Requested period:                       2000ps
   + Delay of the capturing clock:           2273ps
   - Clock uncertainty:                       150ps
   = Required time:                          4123ps
   - Propagation time:                       3672ps (45.0% logic, 55.0% route, logic stage 1)
   - Delay of the launching clock:           2347ps
   = Slack:                                 -1896ps

   Instance/Pin or Net Name   Type         ID     Location or Fanout   Delay(ps)  Edge  Arrival Time(ps)    Instance detail                                                                                                                                                                                                                                                                                                                      
   ------------------------------------------------------------------------------------------------------------------------------------------------------------------------------------------------------------------------------------------------------------------------------------------------------------------------------------------------------------------------------------------------------------------------------------------------
   clk                        CLOCK-PORT    -                      -     launch     r               0                                                                                                                                                                                                                                                                                                                                            
   clk                        Clock net     2           (fanout=388)       2347                     -                                                                                                                                                                                                                                                                                                                                            
   RBB_10/CLK                 RBB_6L       10  [TILE 0 0, RBB 19 20]          -     r            2347                                                                                                                                                                                                                                                                                                                                            
   ------------------------------------------------------------------------------------------------------------------------------------------------------------------------------------------------------------------------------------------------------------------------------------------------------------------------------------------------------------------------------------------------------------------------------------------------
   RBB_10/DQ                  RBB_6L       10  [TILE 0 0, RBB 19 20]        800     r            3147     {inst45: spi_mosi_FDCE_D_Q_FDCE_Q (FDC,site=dff)}                                                                                                                                                                                                                                                                                      
   spi_mosi_FDCE_D_Q[1]       Net          33            (fanout=10)       2019                     -                                                                                                                                                                                                                                                                                                                                            
   RBB_14/B5                  RBB_6L       14  [TILE 0 0, RBB 25 16]          -     r            5166     {inst38: spi_miso_FDCE_Q_D_LUT6_O_I0_FDCE_Q_D_LUT6_O_I0_FDCE_Q_D_LUT6_O_I0_FDCE_Q_D_LUT6_O_I0_FDCE_Q_D_LUT6_O_I0_FDCE_Q_D_LUT6_O_I0_FDCE_Q_D_LUT6_O (LUT,site=blut,bluto)} {inst36: spi_miso_FDCE_Q_D_LUT6_O_I0_FDCE_Q_D_LUT6_O_I0_FDCE_Q_D_LUT6_O_I0_FDCE_Q_D_LUT6_O_I0_FDCE_Q_D_LUT6_O_I0_FDCE_Q_D_LUT6_O_I0_FDCE_Q (FDCE,site=bff)} 
   ------------------------------------------------------------------------------------------------------------------------------------------------------------------------------------------------------------------------------------------------------------------------------------------------------------------------------------------------------------------------------------------------------------------------------------------------
   RBB_14/CLK                 RBB_6L       14  [TILE 0 0, RBB 25 16]        853     r            6019                                                                                                                                                                                                                                                                                                                                            
   clk                        Clock net     2           (fanout=388)      -2273                     -                                                                                                                                                                                                                                                                                                                                            
   clk                        CLOCK-PORT    -                      -    capture     r            3746                                                                                                                                                                                                                                                                                                                                            
   ------------------------------------------------------------------------------------------------------------------------------------------------------------------------------------------------------------------------------------------------------------------------------------------------------------------------------------------------------------------------------------------------------------------------------------------------


Path 113:
   Slack (not met):                         -1820ps
     Path type:                               SETUP
     Group:                              <UDEF_clk>
     Launching clock:                           clk (rising edge)
     Capturing clock:                           clk (rising edge)

     Requested period:                       2000ps
   + Delay of the capturing clock:           2295ps
   - Clock uncertainty:                       150ps
   = Required time:                          4145ps
   - Propagation time:                       3654ps (36.0% logic, 64.0% route, logic stage 1)
   - Delay of the launching clock:           2311ps
   = Slack:                                 -1820ps

   Instance/Pin or Net Name   Type         ID     Location or Fanout   Delay(ps)  Edge  Arrival Time(ps)    Instance detail                                                                 
   -------------------------------------------------------------------------------------------------------------------------------------------------------------------------------------------
   clk                        CLOCK-PORT    -                      -     launch     r               0                                                                                       
   clk                        Clock net     2           (fanout=388)       2311                     -                                                                                       
   RBB_15/CLK                 RBB_6L       15   [TILE 0 0, RBB 4 22]          -     r            2311                                                                                       
   -------------------------------------------------------------------------------------------------------------------------------------------------------------------------------------------
   RBB_15/CQ                  RBB_6L       15   [TILE 0 0, RBB 4 22]        800     r            3111     {inst64: u_spi.rx_shift_FDCE_Q_1 (FDCE,site=cff)}                                 
   u_spi.rx_shift[5]          Net          16             (fanout=2)       2338                     -                                                                                       
   RBB_8/C6                   RBB_6L        8  [TILE 0 0, RBB 10 26]          -     r            5449     {inst25: spi_miso_FDCE_Q_D_LUT6_O_I0_FDCE_Q_D_LUT6_O_I0_FDCE_Q_1 (FDCE,site=cff)} 
   -------------------------------------------------------------------------------------------------------------------------------------------------------------------------------------------
   RBB_8/CLK                  RBB_6L        8  [TILE 0 0, RBB 10 26]        516     r            5965                                                                                       
   clk                        Clock net     2           (fanout=388)      -2295                     -                                                                                       
   clk                        CLOCK-PORT    -                      -    capture     r            3670                                                                                       
   -------------------------------------------------------------------------------------------------------------------------------------------------------------------------------------------


Path 105:
   Slack (not met):                         -1761ps
     Path type:                               SETUP
     Group:                              <UDEF_clk>
     Launching clock:                           clk (rising edge)
     Capturing clock:                           clk (rising edge)

     Requested period:                       2000ps
   + Delay of the capturing clock:           2273ps
   - Clock uncertainty:                       150ps
   = Required time:                          4123ps
   - Propagation time:                       3537ps (46.1% logic, 53.9% route, logic stage 1)
   - Delay of the launching clock:           2347ps
   = Slack:                                 -1761ps

   Instance/Pin or Net Name                                                                                                                          Type         ID     Location or Fanout   Delay(ps)  Edge  Arrival Time(ps)    Instance detail                                                                                                                                                                                                                                                                                                                      
   -----------------------------------------------------------------------------------------------------------------------------------------------------------------------------------------------------------------------------------------------------------------------------------------------------------------------------------------------------------------------------------------------------------------------------------------------------------------------------------------------------------------------------------------------------------------------
   clk                                                                                                                                               CLOCK-PORT    -                      -     launch     r               0                                                                                                                                                                                                                                                                                                                                            
   clk                                                                                                                                               Clock net     2           (fanout=388)       2347                     -                                                                                                                                                                                                                                                                                                                                            
   RBB_9/CLK                                                                                                                                         RBB_6L        9  [TILE 0 0, RBB 19 22]          -     r            2347                                                                                                                                                                                                                                                                                                                                            
   -----------------------------------------------------------------------------------------------------------------------------------------------------------------------------------------------------------------------------------------------------------------------------------------------------------------------------------------------------------------------------------------------------------------------------------------------------------------------------------------------------------------------------------------------------------------------
   RBB_9/DQ                                                                                                                                          RBB_6L        9  [TILE 0 0, RBB 19 22]        800     r            3147     {inst40: spi_miso_FDCE_Q_D_LUT6_O_I0_FDCE_Q_D_LUT6_O_I0_FDCE_Q_D_LUT6_O_I0_FDCE_Q_D_LUT6_O_I0_FDCE_Q_D_LUT6_O_I0_FDCE_Q_D_LUT6_O_I0_FDCE_Q_D_LUT6_O_I0_FDCE_Q_1 (FDCE,site=dff)}                                                                                                                                                       
   spi_miso_FDCE_Q_D_LUT6_O_I0_FDCE_Q_D_LUT6_O_I0_FDCE_Q_D_LUT6_O_I0_FDCE_Q_D_LUT6_O_I0_FDCE_Q_D_LUT6_O_I0_FDCE_Q_D_LUT6_O_I0_FDCE_Q_D_LUT6_O_I0[1]  Net          65             (fanout=1)       1905                     -                                                                                                                                                                                                                                                                                                                                            
   RBB_14/B2                                                                                                                                         RBB_6L       14  [TILE 0 0, RBB 25 16]          -     r            5052     {inst38: spi_miso_FDCE_Q_D_LUT6_O_I0_FDCE_Q_D_LUT6_O_I0_FDCE_Q_D_LUT6_O_I0_FDCE_Q_D_LUT6_O_I0_FDCE_Q_D_LUT6_O_I0_FDCE_Q_D_LUT6_O_I0_FDCE_Q_D_LUT6_O (LUT,site=blut,bluto)} {inst36: spi_miso_FDCE_Q_D_LUT6_O_I0_FDCE_Q_D_LUT6_O_I0_FDCE_Q_D_LUT6_O_I0_FDCE_Q_D_LUT6_O_I0_FDCE_Q_D_LUT6_O_I0_FDCE_Q_D_LUT6_O_I0_FDCE_Q (FDCE,site=bff)} 
   -----------------------------------------------------------------------------------------------------------------------------------------------------------------------------------------------------------------------------------------------------------------------------------------------------------------------------------------------------------------------------------------------------------------------------------------------------------------------------------------------------------------------------------------------------------------------
   RBB_14/CLK                                                                                                                                        RBB_6L       14  [TILE 0 0, RBB 25 16]        832     r            5884                                                                                                                                                                                                                                                                                                                                            
   clk                                                                                                                                               Clock net     2           (fanout=388)      -2273                     -                                                                                                                                                                                                                                                                                                                                            
   clk                                                                                                                                               CLOCK-PORT    -                      -    capture     r            3611                                                                                                                                                                                                                                                                                                                                            
   -----------------------------------------------------------------------------------------------------------------------------------------------------------------------------------------------------------------------------------------------------------------------------------------------------------------------------------------------------------------------------------------------------------------------------------------------------------------------------------------------------------------------------------------------------------------------


Path 124:
   Slack (not met):                         -1731ps
     Path type:                               SETUP
     Group:                              <UDEF_clk>
     Launching clock:                           clk (rising edge)
     Capturing clock:                           clk (rising edge)

     Requested period:                       2000ps
   + Delay of the capturing clock:           2311ps
   - Clock uncertainty:                       150ps
   = Required time:                          4161ps
   - Propagation time:                       3581ps (62.3% logic, 37.7% route, logic stage 1)
   - Delay of the launching clock:           2311ps
   = Slack:                                 -1731ps

   Instance/Pin or Net Name   Type         ID    Location or Fanout   Delay(ps)  Edge  Arrival Time(ps)    Instance detail                                                                                             
   ----------------------------------------------------------------------------------------------------------------------------------------------------------------------------------------------------------------------
   clk                        CLOCK-PORT    -                     -     launch     r               0                                                                                                                   
   clk                        Clock net     2          (fanout=388)       2311                     -                                                                                                                   
   RBB_15/CLK                 RBB_6L       15  [TILE 0 0, RBB 4 22]          -     r            2311                                                                                                                   
   ----------------------------------------------------------------------------------------------------------------------------------------------------------------------------------------------------------------------
   RBB_15/BQ                  RBB_6L       15  [TILE 0 0, RBB 4 22]        800     r            3111     {inst67: u_spi.rx_shift_FDCE_Q_4 (FDCE,site=bff)}                                                             
   u_spi.rx_shift[2]          Net          13            (fanout=2)       1350                     -                                                                                                                   
   RBB_15/C1                  RBB_6L       15  [TILE 0 0, RBB 4 22]          -     r            4461     {inst93: u_spi.rx_shift_FDCE_Q_3_buf93_i (LUT,site=cluto)} {inst66: u_spi.rx_shift_FDCE_Q_3 (FDCE,site=cffo)} 
   ----------------------------------------------------------------------------------------------------------------------------------------------------------------------------------------------------------------------
   RBB_15/CLK                 RBB_6L       15  [TILE 0 0, RBB 4 22]       1431     r            5892                                                                                                                   
   clk                        Clock net     2          (fanout=388)      -2311                     -                                                                                                                   
   clk                        CLOCK-PORT    -                     -    capture     r            3581                                                                                                                   
   ----------------------------------------------------------------------------------------------------------------------------------------------------------------------------------------------------------------------


Path 120:
   Slack (not met):                         -1704ps
     Path type:                               SETUP
     Group:                              <UDEF_clk>
     Launching clock:                           clk (rising edge)
     Capturing clock:                           clk (rising edge)

     Requested period:                       2000ps
   + Delay of the capturing clock:           2324ps
   - Clock uncertainty:                       150ps
   = Required time:                          4174ps
   - Propagation time:                       3554ps (65.4% logic, 34.6% route, logic stage 1)
   - Delay of the launching clock:           2324ps
   = Slack:                                 -1704ps

   Instance/Pin or Net Name   Type         ID    Location or Fanout   Delay(ps)  Edge  Arrival Time(ps)    Instance detail                                                   
   ----------------------------------------------------------------------------------------------------------------------------------------------------------------------------
   clk                        CLOCK-PORT    -                     -     launch     r               0                                                                         
   clk                        Clock net     2          (fanout=388)       2324                     -                                                                         
   RBB_6/CLK                  RBB_6L        6  [TILE 0 0, RBB 1 24]          -     r            2324                                                                         
   ----------------------------------------------------------------------------------------------------------------------------------------------------------------------------
   RBB_6/CQ                   RBB_6L        6  [TILE 0 0, RBB 1 24]        800     r            3124     {inst15: por_FDRE_Q_1 (FDE,site=cff)}                               
   por[2]                     Net          26            (fanout=1)       1230                     -                                                                         
   RBB_6/C1                   RBB_6L        6  [TILE 0 0, RBB 1 24]          -     r            4354     {inst12: por_CARRY4_S (CARRY4)} {inst14: por_FDRE_Q (FDE,site=dff)} 
   ----------------------------------------------------------------------------------------------------------------------------------------------------------------------------
   RBB_6/CLK                  RBB_6L        6  [TILE 0 0, RBB 1 24]       1524     r            5878                                                                         
   clk                        Clock net     2          (fanout=388)      -2324                     -                                                                         
   clk                        CLOCK-PORT    -                     -    capture     r            3554                                                                         
   ----------------------------------------------------------------------------------------------------------------------------------------------------------------------------


Path 115:
   Slack (not met):                         -1661ps
     Path type:                               SETUP
     Group:                              <UDEF_clk>
     Launching clock:                           clk (rising edge)
     Capturing clock:                           clk (rising edge)

     Requested period:                       2000ps
   + Delay of the capturing clock:           2311ps
   - Clock uncertainty:                       150ps
   = Required time:                          4161ps
   - Propagation time:                       3511ps (76.4% logic, 23.6% route, logic stage 1)
   - Delay of the launching clock:           2311ps
   = Slack:                                 -1661ps

   Instance/Pin or Net Name   Type         ID    Location or Fanout   Delay(ps)  Edge  Arrival Time(ps)    Instance detail                                                                                             
   ----------------------------------------------------------------------------------------------------------------------------------------------------------------------------------------------------------------------
   clk                        CLOCK-PORT    -                     -     launch     r               0                                                                                                                   
   clk                        Clock net     2          (fanout=388)       2311                     -                                                                                                                   
   RBB_15/CLK                 RBB_6L       15  [TILE 0 0, RBB 4 22]          -     r            2311                                                                                                                   
   ----------------------------------------------------------------------------------------------------------------------------------------------------------------------------------------------------------------------
   RBB_15/CMUX                RBB_6L       15  [TILE 0 0, RBB 4 22]       1416     r            3727     {inst66: u_spi.rx_shift_FDCE_Q_3 (FDCE,site=cffo)}                                                            
   u_spi.rx_shift[3]          Net          14            (fanout=2)        828                     -                                                                                                                   
   RBB_15/D1                  RBB_6L       15  [TILE 0 0, RBB 4 22]          -     r            4555     {inst92: u_spi.rx_shift_FDCE_Q_2_buf92_i (LUT,site=dluto)} {inst65: u_spi.rx_shift_FDCE_Q_2 (FDCE,site=dffo)} 
   ----------------------------------------------------------------------------------------------------------------------------------------------------------------------------------------------------------------------
   RBB_15/CLK                 RBB_6L       15  [TILE 0 0, RBB 4 22]       1267     r            5822                                                                                                                   
   clk                        Clock net     2          (fanout=388)      -2311                     -                                                                                                                   
   clk                        CLOCK-PORT    -                     -    capture     r            3511                                                                                                                   
   ----------------------------------------------------------------------------------------------------------------------------------------------------------------------------------------------------------------------


Path 126:
   Slack (not met):                         -1512ps
     Path type:                               SETUP
     Group:                              <UDEF_clk>
     Launching clock:                           clk (rising edge)
     Capturing clock:                           clk (rising edge)

     Requested period:                       2000ps
   + Delay of the capturing clock:           2324ps
   - Clock uncertainty:                       150ps
   = Required time:                          4174ps
   - Propagation time:                       3362ps (63.4% logic, 36.6% route, logic stage 1)
   - Delay of the launching clock:           2324ps
   = Slack:                                 -1512ps

   Instance/Pin or Net Name   Type         ID    Location or Fanout   Delay(ps)  Edge  Arrival Time(ps)    Instance detail                                                     
   ------------------------------------------------------------------------------------------------------------------------------------------------------------------------------
   clk                        CLOCK-PORT    -                     -     launch     r               0                                                                           
   clk                        Clock net     2          (fanout=388)       2324                     -                                                                           
   RBB_6/CLK                  RBB_6L        6  [TILE 0 0, RBB 1 24]          -     r            2324                                                                           
   ------------------------------------------------------------------------------------------------------------------------------------------------------------------------------
   RBB_6/CQ                   RBB_6L        6  [TILE 0 0, RBB 1 24]        800     r            3124     {inst15: por_FDRE_Q_1 (FDE,site=cff)}                                 
   por[2]                     Net          26            (fanout=1)       1230                     -                                                                           
   RBB_6/C1                   RBB_6L        6  [TILE 0 0, RBB 1 24]          -     r            4354     {inst12: por_CARRY4_S (CARRY4)} {inst15: por_FDRE_Q_1 (FDE,site=cff)} 
   ------------------------------------------------------------------------------------------------------------------------------------------------------------------------------
   RBB_6/CLK                  RBB_6L        6  [TILE 0 0, RBB 1 24]       1332     r            5686                                                                           
   clk                        Clock net     2          (fanout=388)      -2324                     -                                                                           
   clk                        CLOCK-PORT    -                     -    capture     r            3362                                                                           
   ------------------------------------------------------------------------------------------------------------------------------------------------------------------------------


Path 125:
   Slack (not met):                         -1500ps
     Path type:                               SETUP
     Group:                              <UDEF_clk>
     Launching clock:                           clk (rising edge)
     Capturing clock:                           clk (rising edge)

     Requested period:                       2000ps
   + Delay of the capturing clock:           2324ps
   - Clock uncertainty:                       150ps
   = Required time:                          4174ps
   - Propagation time:                       3350ps (65.2% logic, 34.8% route, logic stage 1)
   - Delay of the launching clock:           2324ps
   = Slack:                                 -1500ps

   Instance/Pin or Net Name   Type         ID    Location or Fanout   Delay(ps)  Edge  Arrival Time(ps)    Instance detail                                                   
   ----------------------------------------------------------------------------------------------------------------------------------------------------------------------------
   clk                        CLOCK-PORT    -                     -     launch     r               0                                                                         
   clk                        Clock net     2          (fanout=388)       2324                     -                                                                         
   RBB_6/CLK                  RBB_6L        6  [TILE 0 0, RBB 1 24]          -     r            2324                                                                         
   ----------------------------------------------------------------------------------------------------------------------------------------------------------------------------
   RBB_6/DQ                   RBB_6L        6  [TILE 0 0, RBB 1 24]        800     r            3124     {inst14: por_FDRE_Q (FDE,site=dff)}                                 
   por[3]                     Net          27            (fanout=1)       1165                     -                                                                         
   RBB_6/D1                   RBB_6L        6  [TILE 0 0, RBB 1 24]          -     r            4289     {inst12: por_CARRY4_S (CARRY4)} {inst14: por_FDRE_Q (FDE,site=dff)} 
   ----------------------------------------------------------------------------------------------------------------------------------------------------------------------------
   RBB_6/CLK                  RBB_6L        6  [TILE 0 0, RBB 1 24]       1385     r            5674                                                                         
   clk                        Clock net     2          (fanout=388)      -2324                     -                                                                         
   clk                        CLOCK-PORT    -                     -    capture     r            3350                                                                         
   ----------------------------------------------------------------------------------------------------------------------------------------------------------------------------


Path 111:
   Slack (not met):                         -1498ps
     Path type:                               SETUP
     Group:                              <UDEF_clk>
     Launching clock:                           clk (rising edge)
     Capturing clock:                           clk (rising edge)

     Requested period:                       2000ps
   + Delay of the capturing clock:           2295ps
   - Clock uncertainty:                       150ps
   = Required time:                          4145ps
   - Propagation time:                       3332ps (42.5% logic, 57.5% route, logic stage 1)
   - Delay of the launching clock:           2311ps
   = Slack:                                 -1498ps

   Instance/Pin or Net Name   Type         ID     Location or Fanout   Delay(ps)  Edge  Arrival Time(ps)    Instance detail                                              
   ------------------------------------------------------------------------------------------------------------------------------------------------------------------------
   clk                        CLOCK-PORT    -                      -     launch     r               0                                                                    
   clk                        Clock net     2           (fanout=388)       2311                     -                                                                    
   RBB_15/CLK                 RBB_6L       15   [TILE 0 0, RBB 4 22]          -     r            2311                                                                    
   ------------------------------------------------------------------------------------------------------------------------------------------------------------------------
   RBB_15/DQ                  RBB_6L       15   [TILE 0 0, RBB 4 22]        800     r            3111     {inst63: u_spi.rx_shift_FDCE_Q (FDCE,site=dff)}                
   u_spi.rx_shift[6]          Net          17             (fanout=1)       1915                     -                                                                    
   RBB_8/D6                   RBB_6L        8  [TILE 0 0, RBB 10 26]          -     r            5026     {inst22: spi_miso_FDCE_Q_D_LUT6_O_I0_FDCE_Q_1 (FDCE,site=dff)} 
   ------------------------------------------------------------------------------------------------------------------------------------------------------------------------
   RBB_8/CLK                  RBB_6L        8  [TILE 0 0, RBB 10 26]        617     r            5643                                                                    
   clk                        Clock net     2           (fanout=388)      -2295                     -                                                                    
   clk                        CLOCK-PORT    -                      -    capture     r            3348                                                                    
   ------------------------------------------------------------------------------------------------------------------------------------------------------------------------


Path 83:
   Slack (not met):                         -1496ps
     Path type:                               SETUP
     Group:                              <UDEF_clk>
     Launching clock:                           clk (rising edge)
     Capturing clock:                           clk (rising edge)

     Requested period:                       2000ps
   + Delay of the capturing clock:           2324ps
   - Clock uncertainty:                       150ps
   = Required time:                          4174ps
   - Propagation time:                       3349ps (65.3% logic, 34.7% route, logic stage 1)
   - Delay of the launching clock:           2321ps
   = Slack:                                 -1496ps

   Instance/Pin or Net Name   Type         ID    Location or Fanout   Delay(ps)  Edge  Arrival Time(ps)    Instance detail                                                   
   ----------------------------------------------------------------------------------------------------------------------------------------------------------------------------
   clk                        CLOCK-PORT    -                     -     launch     r               0                                                                         
   clk                        Clock net     2          (fanout=388)       2321                     -                                                                         
   RBB_12/CLK                 RBB_6L       12  [TILE 0 0, RBB 1 26]          -     r            2321                                                                         
   ----------------------------------------------------------------------------------------------------------------------------------------------------------------------------
   RBB_12/DQ                  RBB_6L       12  [TILE 0 0, RBB 1 26]        800     r            3121     {inst17: por_FDRE_Q_3 (FDE,site=dff)}                               
   por[0]                     Net          24            (fanout=1)       1162                     -                                                                         
   RBB_6/A1                   RBB_6L        6  [TILE 0 0, RBB 1 24]          -     r            4283     {inst12: por_CARRY4_S (CARRY4)} {inst14: por_FDRE_Q (FDE,site=dff)} 
   ----------------------------------------------------------------------------------------------------------------------------------------------------------------------------
   RBB_6/CLK                  RBB_6L        6  [TILE 0 0, RBB 1 24]       1387     r            5670                                                                         
   clk                        Clock net     2          (fanout=388)      -2324                     -                                                                         
   clk                        CLOCK-PORT    -                     -    capture     r            3346                                                                         
   ----------------------------------------------------------------------------------------------------------------------------------------------------------------------------


Path 123:
   Slack (not met):                         -1492ps
     Path type:                               SETUP
     Group:                              <UDEF_clk>
     Launching clock:                           clk (rising edge)
     Capturing clock:                           clk (rising edge)

     Requested period:                       2000ps
   + Delay of the capturing clock:           2324ps
   - Clock uncertainty:                       150ps
   = Required time:                          4174ps
   - Propagation time:                       3342ps (63.6% logic, 36.4% route, logic stage 1)
   - Delay of the launching clock:           2324ps
   = Slack:                                 -1492ps

   Instance/Pin or Net Name   Type         ID    Location or Fanout   Delay(ps)  Edge  Arrival Time(ps)    Instance detail                                                     
   ------------------------------------------------------------------------------------------------------------------------------------------------------------------------------
   clk                        CLOCK-PORT    -                     -     launch     r               0                                                                           
   clk                        Clock net     2          (fanout=388)       2324                     -                                                                           
   RBB_6/CLK                  RBB_6L        6  [TILE 0 0, RBB 1 24]          -     r            2324                                                                           
   ------------------------------------------------------------------------------------------------------------------------------------------------------------------------------
   RBB_6/BQ                   RBB_6L        6  [TILE 0 0, RBB 1 24]        800     r            3124     {inst16: por_FDRE_Q_2 (FDE,site=bff)}                                 
   por[1]                     Net          25            (fanout=1)       1218                     -                                                                           
   RBB_6/B1                   RBB_6L        6  [TILE 0 0, RBB 1 24]          -     r            4342     {inst12: por_CARRY4_S (CARRY4)} {inst15: por_FDRE_Q_1 (FDE,site=cff)} 
   ------------------------------------------------------------------------------------------------------------------------------------------------------------------------------
   RBB_6/CLK                  RBB_6L        6  [TILE 0 0, RBB 1 24]       1324     r            5666                                                                           
   clk                        Clock net     2          (fanout=388)      -2324                     -                                                                           
   clk                        CLOCK-PORT    -                     -    capture     r            3342                                                                           
   ------------------------------------------------------------------------------------------------------------------------------------------------------------------------------


Path 108:
   Slack (not met):                         -1485ps
     Path type:                               SETUP
     Group:                              <UDEF_clk>
     Launching clock:                           clk (rising edge)
     Capturing clock:                           clk (rising edge)

     Requested period:                       2000ps
   + Delay of the capturing clock:           2295ps
   - Clock uncertainty:                       150ps
   = Required time:                          4145ps
   - Propagation time:                       3319ps (44.6% logic, 55.4% route, logic stage 1)
   - Delay of the launching clock:           2311ps
   = Slack:                                 -1485ps

   Instance/Pin or Net Name   Type         ID     Location or Fanout   Delay(ps)  Edge  Arrival Time(ps)    Instance detail                                                                                                                                                                                                                                                                                                                    
   ----------------------------------------------------------------------------------------------------------------------------------------------------------------------------------------------------------------------------------------------------------------------------------------------------------------------------------------------------------------------------------------------------------------------------------------------
   clk                        CLOCK-PORT    -                      -     launch     r               0                                                                                                                                                                                                                                                                                                                                          
   clk                        Clock net     2           (fanout=388)       2311                     -                                                                                                                                                                                                                                                                                                                                          
   RBB_15/CLK                 RBB_6L       15   [TILE 0 0, RBB 4 22]          -     r            2311                                                                                                                                                                                                                                                                                                                                          
   ----------------------------------------------------------------------------------------------------------------------------------------------------------------------------------------------------------------------------------------------------------------------------------------------------------------------------------------------------------------------------------------------------------------------------------------------
   RBB_15/AQ                  RBB_6L       15   [TILE 0 0, RBB 4 22]        800     r            3111     {inst68: u_spi.rx_shift_FDCE_Q_5 (FDCE,site=aff)}                                                                                                                                                                                                                                                                                    
   u_spi.rx_shift[1]          Net          12             (fanout=2)       1840                     -                                                                                                                                                                                                                                                                                                                                          
   RBB_8/A1                   RBB_6L        8  [TILE 0 0, RBB 10 26]          -     r            4951     {inst90: spi_miso_FDCE_Q_D_LUT6_O_I0_FDCE_Q_D_LUT6_O_I0_FDCE_Q_D_LUT6_O_I0_FDCE_Q_D_LUT6_O_I0_FDCE_Q_D_LUT6_O_I0_FDCE_Q_D_LUT6_O_I0_FDCE_Q_1_buf90_i (LUT,site=aluto)} {inst37: spi_miso_FDCE_Q_D_LUT6_O_I0_FDCE_Q_D_LUT6_O_I0_FDCE_Q_D_LUT6_O_I0_FDCE_Q_D_LUT6_O_I0_FDCE_Q_D_LUT6_O_I0_FDCE_Q_D_LUT6_O_I0_FDCE_Q_1 (FDCE,site=aff)} 
   ----------------------------------------------------------------------------------------------------------------------------------------------------------------------------------------------------------------------------------------------------------------------------------------------------------------------------------------------------------------------------------------------------------------------------------------------
   RBB_8/CLK                  RBB_6L        8  [TILE 0 0, RBB 10 26]        679     r            5630                                                                                                                                                                                                                                                                                                                                          
   clk                        Clock net     2           (fanout=388)      -2295                     -                                                                                                                                                                                                                                                                                                                                          
   clk                        CLOCK-PORT    -                      -    capture     r            3335                                                                                                                                                                                                                                                                                                                                          
   ----------------------------------------------------------------------------------------------------------------------------------------------------------------------------------------------------------------------------------------------------------------------------------------------------------------------------------------------------------------------------------------------------------------------------------------------


Path 112:
   Slack (not met):                         -1482ps
     Path type:                               SETUP
     Group:                              <UDEF_clk>
     Launching clock:                           clk (rising edge)
     Capturing clock:                           clk (rising edge)

     Requested period:                       2000ps
   + Delay of the capturing clock:           2295ps
   - Clock uncertainty:                       150ps
   = Required time:                          4145ps
   - Propagation time:                       3316ps (41.5% logic, 58.5% route, logic stage 1)
   - Delay of the launching clock:           2311ps
   = Slack:                                 -1482ps

   Instance/Pin or Net Name   Type         ID     Location or Fanout   Delay(ps)  Edge  Arrival Time(ps)    Instance detail                                                                                                                                                                                                                                                                              
   --------------------------------------------------------------------------------------------------------------------------------------------------------------------------------------------------------------------------------------------------------------------------------------------------------------------------------------------------------------------------------------------------------
   clk                        CLOCK-PORT    -                      -     launch     r               0                                                                                                                                                                                                                                                                                                    
   clk                        Clock net     2           (fanout=388)       2311                     -                                                                                                                                                                                                                                                                                                    
   RBB_15/CLK                 RBB_6L       15   [TILE 0 0, RBB 4 22]          -     r            2311                                                                                                                                                                                                                                                                                                    
   --------------------------------------------------------------------------------------------------------------------------------------------------------------------------------------------------------------------------------------------------------------------------------------------------------------------------------------------------------------------------------------------------------
   RBB_15/BQ                  RBB_6L       15   [TILE 0 0, RBB 4 22]        800     r            3111     {inst67: u_spi.rx_shift_FDCE_Q_4 (FDCE,site=bff)}                                                                                                                                                                                                                                              
   u_spi.rx_shift[2]          Net          13             (fanout=2)       1939                     -                                                                                                                                                                                                                                                                                                    
   RBB_8/B1                   RBB_6L        8  [TILE 0 0, RBB 10 26]          -     r            5050     {inst89: spi_miso_FDCE_Q_D_LUT6_O_I0_FDCE_Q_D_LUT6_O_I0_FDCE_Q_D_LUT6_O_I0_FDCE_Q_D_LUT6_O_I0_FDCE_Q_D_LUT6_O_I0_FDCE_Q_1_buf89_i (LUT,site=bluto)} {inst34: spi_miso_FDCE_Q_D_LUT6_O_I0_FDCE_Q_D_LUT6_O_I0_FDCE_Q_D_LUT6_O_I0_FDCE_Q_D_LUT6_O_I0_FDCE_Q_D_LUT6_O_I0_FDCE_Q_1 (FDCE,site=bff)} 
   --------------------------------------------------------------------------------------------------------------------------------------------------------------------------------------------------------------------------------------------------------------------------------------------------------------------------------------------------------------------------------------------------------
   RBB_8/CLK                  RBB_6L        8  [TILE 0 0, RBB 10 26]        577     r            5627                                                                                                                                                                                                                                                                                                    
   clk                        Clock net     2           (fanout=388)      -2295                     -                                                                                                                                                                                                                                                                                                    
   clk                        CLOCK-PORT    -                      -    capture     r            3332                                                                                                                                                                                                                                                                                                    
   --------------------------------------------------------------------------------------------------------------------------------------------------------------------------------------------------------------------------------------------------------------------------------------------------------------------------------------------------------------------------------------------------------


Path 122:
   Slack (not met):                         -1479ps
     Path type:                               SETUP
     Group:                              <UDEF_clk>
     Launching clock:                           clk (rising edge)
     Capturing clock:                           clk (rising edge)

     Requested period:                       2000ps
   + Delay of the capturing clock:           2324ps
   - Clock uncertainty:                       150ps
   = Required time:                          4174ps
   - Propagation time:                       3329ps (63.4% logic, 36.6% route, logic stage 1)
   - Delay of the launching clock:           2324ps
   = Slack:                                 -1479ps

   Instance/Pin or Net Name   Type         ID    Location or Fanout   Delay(ps)  Edge  Arrival Time(ps)    Instance detail                                                   
   ----------------------------------------------------------------------------------------------------------------------------------------------------------------------------
   clk                        CLOCK-PORT    -                     -     launch     r               0                                                                         
   clk                        Clock net     2          (fanout=388)       2324                     -                                                                         
   RBB_6/CLK                  RBB_6L        6  [TILE 0 0, RBB 1 24]          -     r            2324                                                                         
   ----------------------------------------------------------------------------------------------------------------------------------------------------------------------------
   RBB_6/BQ                   RBB_6L        6  [TILE 0 0, RBB 1 24]        800     r            3124     {inst16: por_FDRE_Q_2 (FDE,site=bff)}                               
   por[1]                     Net          25            (fanout=1)       1218                     -                                                                         
   RBB_6/B1                   RBB_6L        6  [TILE 0 0, RBB 1 24]          -     r            4342     {inst12: por_CARRY4_S (CARRY4)} {inst14: por_FDRE_Q (FDE,site=dff)} 
   ----------------------------------------------------------------------------------------------------------------------------------------------------------------------------
   RBB_6/CLK                  RBB_6L        6  [TILE 0 0, RBB 1 24]       1311     r            5653                                                                         
   clk                        Clock net     2          (fanout=388)      -2324                     -                                                                         
   clk                        CLOCK-PORT    -                     -    capture     r            3329                                                                         
   ----------------------------------------------------------------------------------------------------------------------------------------------------------------------------


Path 84:
   Slack (not met):                         -1437ps
     Path type:                               SETUP
     Group:                              <UDEF_clk>
     Launching clock:                           clk (rising edge)
     Capturing clock:                           clk (rising edge)

     Requested period:                       2000ps
   + Delay of the capturing clock:           2324ps
   - Clock uncertainty:                       150ps
   = Required time:                          4174ps
   - Propagation time:                       3290ps (64.7% logic, 35.3% route, logic stage 1)
   - Delay of the launching clock:           2321ps
   = Slack:                                 -1437ps

   Instance/Pin or Net Name   Type         ID    Location or Fanout   Delay(ps)  Edge  Arrival Time(ps)    Instance detail                                                     
   ------------------------------------------------------------------------------------------------------------------------------------------------------------------------------
   clk                        CLOCK-PORT    -                     -     launch     r               0                                                                           
   clk                        Clock net     2          (fanout=388)       2321                     -                                                                           
   RBB_12/CLK                 RBB_6L       12  [TILE 0 0, RBB 1 26]          -     r            2321                                                                           
   ------------------------------------------------------------------------------------------------------------------------------------------------------------------------------
   RBB_12/DQ                  RBB_6L       12  [TILE 0 0, RBB 1 26]        800     r            3121     {inst17: por_FDRE_Q_3 (FDE,site=dff)}                                 
   por[0]                     Net          24            (fanout=1)       1162                     -                                                                           
   RBB_6/A1                   RBB_6L        6  [TILE 0 0, RBB 1 24]          -     r            4283     {inst12: por_CARRY4_S (CARRY4)} {inst15: por_FDRE_Q_1 (FDE,site=cff)} 
   ------------------------------------------------------------------------------------------------------------------------------------------------------------------------------
   RBB_6/CLK                  RBB_6L        6  [TILE 0 0, RBB 1 24]       1328     r            5611                                                                           
   clk                        Clock net     2          (fanout=388)      -2324                     -                                                                           
   clk                        CLOCK-PORT    -                     -    capture     r            3287                                                                           
   ------------------------------------------------------------------------------------------------------------------------------------------------------------------------------


Path 114:
   Slack (not met):                         -1409ps
     Path type:                               SETUP
     Group:                              <UDEF_clk>
     Launching clock:                           clk (rising edge)
     Capturing clock:                           clk (rising edge)

     Requested period:                       2000ps
   + Delay of the capturing clock:           2347ps
   - Clock uncertainty:                       150ps
   = Required time:                          4197ps
   - Propagation time:                       3259ps (76.9% logic, 23.1% route, logic stage 1)
   - Delay of the launching clock:           2347ps
   = Slack:                                 -1409ps

   Instance/Pin or Net Name   Type         ID     Location or Fanout   Delay(ps)  Edge  Arrival Time(ps)    Instance detail                                                                                                                
   ------------------------------------------------------------------------------------------------------------------------------------------------------------------------------------------------------------------------------------------
   clk                        CLOCK-PORT    -                      -     launch     r               0                                                                                                                                      
   clk                        Clock net     2           (fanout=388)       2347                     -                                                                                                                                      
   RBB_10/CLK                 RBB_6L       10  [TILE 0 0, RBB 19 20]          -     r            2347                                                                                                                                      
   ------------------------------------------------------------------------------------------------------------------------------------------------------------------------------------------------------------------------------------------
   RBB_10/CMUX                RBB_6L       10  [TILE 0 0, RBB 19 20]       1380     r            3727     {inst57: u_spi.r_sck_sync_FDCE_Q (FDC,site=cffo)}                                                                                
   u_spi.r_sck_sync[1]        Net           9             (fanout=3)        753                     -                                                                                                                                      
   RBB_10/A3                  RBB_6L       10  [TILE 0 0, RBB 19 20]          -     r            4480     {inst91: u_spi.w_sck_edge_LUT2_O_I0_FDCE_Q_buf91_i (LUT,site=aluto)} {inst71: u_spi.w_sck_edge_LUT2_O_I0_FDCE_Q (FDC,site=affo)} 
   ------------------------------------------------------------------------------------------------------------------------------------------------------------------------------------------------------------------------------------------
   RBB_10/CLK                 RBB_6L       10  [TILE 0 0, RBB 19 20]       1126     r            5606                                                                                                                                      
   clk                        Clock net     2           (fanout=388)      -2347                     -                                                                                                                                      
   clk                        CLOCK-PORT    -                      -    capture     r            3259                                                                                                                                      
   ------------------------------------------------------------------------------------------------------------------------------------------------------------------------------------------------------------------------------------------


Path 110:
   Slack (not met):                         -1369ps
     Path type:                               SETUP
     Group:                              <UDEF_clk>
     Launching clock:                           clk (rising edge)
     Capturing clock:                           clk (rising edge)

     Requested period:                       2000ps
   + Delay of the capturing clock:           2347ps
   - Clock uncertainty:                       150ps
   = Required time:                          4197ps
   - Propagation time:                       3211ps (42.9% logic, 57.1% route, logic stage 1)
   - Delay of the launching clock:           2355ps
   = Slack:                                 -1369ps

   Instance/Pin or Net Name   Type         ID     Location or Fanout   Delay(ps)  Edge  Arrival Time(ps)    Instance detail                                                                                                                                                                
   ------------------------------------------------------------------------------------------------------------------------------------------------------------------------------------------------------------------------------------------------------------------------------------------
   clk                        CLOCK-PORT    -                      -     launch     r               0                                                                                                                                                                                      
   clk                        Clock net     2           (fanout=388)       2355                     -                                                                                                                                                                                      
   RBB_16/CLK                 RBB_6L       16  [TILE 0 0, RBB 10 24]          -     r            2355                                                                                                                                                                                      
   ------------------------------------------------------------------------------------------------------------------------------------------------------------------------------------------------------------------------------------------------------------------------------------------
   RBB_16/DQ                  RBB_6L       16  [TILE 0 0, RBB 10 24]        800     r            3155     {inst69: u_spi.rx_shift_FDCE_Q_6 (FDCE,site=dff)}                                                                                                                                
   u_spi.rx_shift[0]          Net          11             (fanout=2)       1832                     -                                                                                                                                                                                      
   RBB_9/D6                   RBB_6L        9  [TILE 0 0, RBB 19 22]          -     r            4987     {inst40: spi_miso_FDCE_Q_D_LUT6_O_I0_FDCE_Q_D_LUT6_O_I0_FDCE_Q_D_LUT6_O_I0_FDCE_Q_D_LUT6_O_I0_FDCE_Q_D_LUT6_O_I0_FDCE_Q_D_LUT6_O_I0_FDCE_Q_D_LUT6_O_I0_FDCE_Q_1 (FDCE,site=dff)} 
   ------------------------------------------------------------------------------------------------------------------------------------------------------------------------------------------------------------------------------------------------------------------------------------------
   RBB_9/CLK                  RBB_6L        9  [TILE 0 0, RBB 19 22]        579     r            5566                                                                                                                                                                                      
   clk                        Clock net     2           (fanout=388)      -2347                     -                                                                                                                                                                                      
   clk                        CLOCK-PORT    -                      -    capture     r            3219                                                                                                                                                                                      
   ------------------------------------------------------------------------------------------------------------------------------------------------------------------------------------------------------------------------------------------------------------------------------------------


Path 117:
   Slack (not met):                         -1367ps
     Path type:                               SETUP
     Group:                              <UDEF_clk>
     Launching clock:                           clk (rising edge)
     Capturing clock:                           clk (rising edge)

     Requested period:                       2000ps
   + Delay of the capturing clock:           2347ps
   - Clock uncertainty:                       150ps
   = Required time:                          4197ps
   - Propagation time:                       3217ps (70.4% logic, 29.6% route, logic stage 1)
   - Delay of the launching clock:           2347ps
   = Slack:                                 -1367ps

   Instance/Pin or Net Name   Type         ID     Location or Fanout   Delay(ps)  Edge  Arrival Time(ps)    Instance detail                                    
   --------------------------------------------------------------------------------------------------------------------------------------------------------------
   clk                        CLOCK-PORT    -                      -     launch     r               0                                                          
   clk                        Clock net     2           (fanout=388)       2347                     -                                                          
   RBB_10/CLK                 RBB_6L       10  [TILE 0 0, RBB 19 20]          -     r            2347                                                          
   --------------------------------------------------------------------------------------------------------------------------------------------------------------
   RBB_10/BMUX                RBB_6L       10  [TILE 0 0, RBB 19 20]       1350     r            3697     {inst59: u_spi.r_ss_n_sync_FDPE_Q (FDP,site=bffo)}   
   u_spi.r_ss_n_sync[1]       Net           7             (fanout=5)        952                     -                                                          
   RBB_10/D6                  RBB_6L       10  [TILE 0 0, RBB 19 20]          -     r            4649     {inst43: spi_miso_en_INV_O_I_FDPE_Q (FDP,site=dffo)} 
   --------------------------------------------------------------------------------------------------------------------------------------------------------------
   RBB_10/CLK                 RBB_6L       10  [TILE 0 0, RBB 19 20]        915     r            5564                                                          
   clk                        Clock net     2           (fanout=388)      -2347                     -                                                          
   clk                        CLOCK-PORT    -                      -    capture     r            3217                                                          
   --------------------------------------------------------------------------------------------------------------------------------------------------------------


Path 92:
   Slack (not met):                         -1362ps
     Path type:                               SETUP
     Group:                              <UDEF_clk>
     Launching clock:                           clk (rising edge)
     Capturing clock:                           clk (rising edge)

     Requested period:                       2000ps
   + Delay of the capturing clock:           2302ps
   - Clock uncertainty:                       150ps
   = Required time:                          4152ps
   - Propagation time:                       3219ps (52.8% logic, 47.2% route, logic stage 1)
   - Delay of the launching clock:           2295ps
   = Slack:                                 -1362ps

   Instance/Pin or Net Name                           Type         ID     Location or Fanout   Delay(ps)  Edge  Arrival Time(ps)    Instance detail                                                                                                                        
   --------------------------------------------------------------------------------------------------------------------------------------------------------------------------------------------------------------------------------------------------------------------------
   clk                                                CLOCK-PORT    -                      -     launch     r               0                                                                                                                                              
   clk                                                Clock net     2           (fanout=388)       2295                     -                                                                                                                                              
   RBB_8/CLK                                          RBB_6L        8  [TILE 0 0, RBB 10 26]          -     r            2295                                                                                                                                              
   --------------------------------------------------------------------------------------------------------------------------------------------------------------------------------------------------------------------------------------------------------------------------
   RBB_8/CQ                                           RBB_6L        8  [TILE 0 0, RBB 10 26]        800     r            3095     {inst25: spi_miso_FDCE_Q_D_LUT6_O_I0_FDCE_Q_D_LUT6_O_I0_FDCE_Q_1 (FDCE,site=cff)}                                                        
   spi_miso_FDCE_Q_D_LUT6_O_I0_FDCE_Q_D_LUT6_O_I0[1]  Net          58             (fanout=1)       1520                     -                                                                                                                                              
   RBB_13/D2                                          RBB_6L       13   [TILE 0 0, RBB 7 26]          -     r            4615     {inst23: spi_miso_FDCE_Q_D_LUT6_O_I0_FDCE_Q_D_LUT6_O (LUT,site=dlut,dluto)} {inst21: spi_miso_FDCE_Q_D_LUT6_O_I0_FDCE_Q (FDCE,site=dff)} 
   --------------------------------------------------------------------------------------------------------------------------------------------------------------------------------------------------------------------------------------------------------------------------
   RBB_13/CLK                                         RBB_6L       13   [TILE 0 0, RBB 7 26]        899     r            5514                                                                                                                                              
   clk                                                Clock net     2           (fanout=388)      -2302                     -                                                                                                                                              
   clk                                                CLOCK-PORT    -                      -    capture     r            3212                                                                                                                                              
   --------------------------------------------------------------------------------------------------------------------------------------------------------------------------------------------------------------------------------------------------------------------------


Path 81:
   Slack (not met):                         -1355ps
     Path type:                               SETUP
     Group:                              <UDEF_clk>
     Launching clock:                           clk (rising edge)
     Capturing clock:                           clk (rising edge)

     Requested period:                       2000ps
   + Delay of the capturing clock:           2325ps
   - Clock uncertainty:                       150ps
   = Required time:                          4175ps
   - Propagation time:                       3183ps (69.5% logic, 30.5% route, logic stage 1)
   - Delay of the launching clock:           2347ps
   = Slack:                                 -1355ps

   Instance/Pin or Net Name   Type         ID     Location or Fanout   Delay(ps)  Edge  Arrival Time(ps)    Instance detail                                                                                               
   -------------------------------------------------------------------------------------------------------------------------------------------------------------------------------------------------------------------------
   clk                        CLOCK-PORT    -                      -     launch     r               0                                                                                                                     
   clk                        Clock net     2           (fanout=388)       2347                     -                                                                                                                     
   RBB_10/CLK                 RBB_6L       10  [TILE 0 0, RBB 19 20]          -     r            2347                                                                                                                     
   -------------------------------------------------------------------------------------------------------------------------------------------------------------------------------------------------------------------------
   RBB_10/BMUX                RBB_6L       10  [TILE 0 0, RBB 19 20]       1350     r            3697     {inst59: u_spi.r_ss_n_sync_FDPE_Q (FDP,site=bffo)}                                                              
   u_spi.r_ss_n_sync[1]       Net           7             (fanout=5)        972                     -                                                                                                                     
   RBB_11/D2                  RBB_6L       11  [TILE 0 0, RBB 22 18]          -     r            4669     {inst61: u_spi.r_ss_n_sync_LUT3_I1 (LUT,site=dlut)} {inst62: u_spi.r_ss_n_sync_LUT3_I1_O_FDCE_D (FDC,site=dff)} 
   -------------------------------------------------------------------------------------------------------------------------------------------------------------------------------------------------------------------------
   RBB_11/CLK                 RBB_6L       11  [TILE 0 0, RBB 22 18]        861     r            5530                                                                                                                     
   clk                        Clock net     2           (fanout=388)      -2325                     -                                                                                                                     
   clk                        CLOCK-PORT    -                      -    capture     r            3205                                                                                                                     
   -------------------------------------------------------------------------------------------------------------------------------------------------------------------------------------------------------------------------


Path 85:
   Slack (not met):                         -1324ps
     Path type:                               SETUP
     Group:                              <UDEF_clk>
     Launching clock:                           clk (rising edge)
     Capturing clock:                           clk (rising edge)

     Requested period:                       2000ps
   + Delay of the capturing clock:           2324ps
   - Clock uncertainty:                       150ps
   = Required time:                          4174ps
   - Propagation time:                       3177ps (63.4% logic, 36.6% route, logic stage 1)
   - Delay of the launching clock:           2321ps
   = Slack:                                 -1324ps

   Instance/Pin or Net Name   Type         ID    Location or Fanout   Delay(ps)  Edge  Arrival Time(ps)    Instance detail                                                     
   ------------------------------------------------------------------------------------------------------------------------------------------------------------------------------
   clk                        CLOCK-PORT    -                     -     launch     r               0                                                                           
   clk                        Clock net     2          (fanout=388)       2321                     -                                                                           
   RBB_12/CLK                 RBB_6L       12  [TILE 0 0, RBB 1 26]          -     r            2321                                                                           
   ------------------------------------------------------------------------------------------------------------------------------------------------------------------------------
   RBB_12/DQ                  RBB_6L       12  [TILE 0 0, RBB 1 26]        800     r            3121     {inst17: por_FDRE_Q_3 (FDE,site=dff)}                                 
   por[0]                     Net          24            (fanout=1)       1162                     -                                                                           
   RBB_6/A1                   RBB_6L        6  [TILE 0 0, RBB 1 24]          -     r            4283     {inst12: por_CARRY4_S (CARRY4)} {inst16: por_FDRE_Q_2 (FDE,site=bff)} 
   ------------------------------------------------------------------------------------------------------------------------------------------------------------------------------
   RBB_6/CLK                  RBB_6L        6  [TILE 0 0, RBB 1 24]       1215     r            5498                                                                           
   clk                        Clock net     2          (fanout=388)      -2324                     -                                                                           
   clk                        CLOCK-PORT    -                     -    capture     r            3174                                                                           
   ------------------------------------------------------------------------------------------------------------------------------------------------------------------------------


Path 138:
   Slack (not met):                         -1323ps
     Path type:                               SETUP
     Group:                              <UDEF_clk>
     Launching clock:                           clk (rising edge)
     Capturing clock:                           clk (rising edge)

     Requested period:                       2000ps
   + Delay of the capturing clock:           2347ps
   - Clock uncertainty:                       150ps
   = Required time:                          4197ps
   - Propagation time:                       3173ps (51.4% logic, 48.6% route, logic stage 1)
   - Delay of the launching clock:           2347ps
   = Slack:                                 -1323ps

   Instance/Pin or Net Name                                                 Type         ID     Location or Fanout   Delay(ps)  Edge  Arrival Time(ps)    Instance detail                                                                                                                                                               
   ---------------------------------------------------------------------------------------------------------------------------------------------------------------------------------------------------------------------------------------------------------------------------------------------------------------------------------------
   clk                                                                      CLOCK-PORT    -                      -     launch     r               0                                                                                                                                                                                     
   clk                                                                      Clock net     2           (fanout=388)       2347                     -                                                                                                                                                                                     
   RBB_10/CLK                                                               RBB_6L       10  [TILE 0 0, RBB 19 20]          -     r            2347                                                                                                                                                                                     
   ---------------------------------------------------------------------------------------------------------------------------------------------------------------------------------------------------------------------------------------------------------------------------------------------------------------------------------------
   RBB_10/BQ                                                                RBB_6L       10  [TILE 0 0, RBB 19 20]        800     r            3147     {inst52: spi_mosi_FDCE_D_Q_FDCE_Q_D_LUT4_O_I3_CARRY4_O_O_1_LUT4_I3_O_FDCE_D (FDC,site=bff)}                                                                                     
   spi_mosi_FDCE_D_Q_FDCE_Q_D_LUT4_O_I3_CARRY4_O_O_1_LUT4_I3_O_FDCE_D_Q[0]  Net          51             (fanout=5)       1541                     -                                                                                                                                                                                     
   RBB_10/B4                                                                RBB_6L       10  [TILE 0 0, RBB 19 20]          -     r            4688     {inst51: spi_mosi_FDCE_D_Q_FDCE_Q_D_LUT4_O_I3_CARRY4_O_O_1_LUT4_I3 (LUT,site=blut)} {inst52: spi_mosi_FDCE_D_Q_FDCE_Q_D_LUT4_O_I3_CARRY4_O_O_1_LUT4_I3_O_FDCE_D (FDC,site=bff)} 
   ---------------------------------------------------------------------------------------------------------------------------------------------------------------------------------------------------------------------------------------------------------------------------------------------------------------------------------------
   RBB_10/CLK                                                               RBB_6L       10  [TILE 0 0, RBB 19 20]        832     r            5520                                                                                                                                                                                     
   clk                                                                      Clock net     2           (fanout=388)      -2347                     -                                                                                                                                                                                     
   clk                                                                      CLOCK-PORT    -                      -    capture     r            3173                                                                                                                                                                                     
   ---------------------------------------------------------------------------------------------------------------------------------------------------------------------------------------------------------------------------------------------------------------------------------------------------------------------------------------


Path 129:
   Slack (not met):                         -1321ps
     Path type:                               SETUP
     Group:                              <UDEF_clk>
     Launching clock:                           clk (rising edge)
     Capturing clock:                           clk (rising edge)

     Requested period:                       2000ps
   + Delay of the capturing clock:           2347ps
   - Clock uncertainty:                       150ps
   = Required time:                          4197ps
   - Propagation time:                       3171ps (51.2% logic, 48.8% route, logic stage 1)
   - Delay of the launching clock:           2347ps
   = Slack:                                 -1321ps

   Instance/Pin or Net Name                                                 Type         ID     Location or Fanout   Delay(ps)  Edge  Arrival Time(ps)    Instance detail                                                                                                                          
   --------------------------------------------------------------------------------------------------------------------------------------------------------------------------------------------------------------------------------------------------------------------------------------------------
   clk                                                                      CLOCK-PORT    -                      -     launch     r               0                                                                                                                                                
   clk                                                                      Clock net     2           (fanout=388)       2347                     -                                                                                                                                                
   RBB_10/CLK                                                               RBB_6L       10  [TILE 0 0, RBB 19 20]          -     r            2347                                                                                                                                                
   --------------------------------------------------------------------------------------------------------------------------------------------------------------------------------------------------------------------------------------------------------------------------------------------------
   RBB_10/BQ                                                                RBB_6L       10  [TILE 0 0, RBB 19 20]        800     r            3147     {inst52: spi_mosi_FDCE_D_Q_FDCE_Q_D_LUT4_O_I3_CARRY4_O_O_1_LUT4_I3_O_FDCE_D (FDC,site=bff)}                                                
   spi_mosi_FDCE_D_Q_FDCE_Q_D_LUT4_O_I3_CARRY4_O_O_1_LUT4_I3_O_FDCE_D_Q[0]  Net          51             (fanout=5)       1547                     -                                                                                                                                                
   RBB_10/A4                                                                RBB_6L       10  [TILE 0 0, RBB 19 20]          -     r            4694     {inst48: spi_mosi_FDCE_D_Q_FDCE_Q_D_LUT4_O_I3_CARRY4_O_CO_2_LUT4_I2 (LUT,site=alut)} {inst56: u_spi.o_rx_data_valid_FDCE_Q (FDC,site=aff)} 
   --------------------------------------------------------------------------------------------------------------------------------------------------------------------------------------------------------------------------------------------------------------------------------------------------
   RBB_10/CLK                                                               RBB_6L       10  [TILE 0 0, RBB 19 20]        824     r            5518                                                                                                                                                
   clk                                                                      Clock net     2           (fanout=388)      -2347                     -                                                                                                                                                
   clk                                                                      CLOCK-PORT    -                      -    capture     r            3171                                                                                                                                                
   --------------------------------------------------------------------------------------------------------------------------------------------------------------------------------------------------------------------------------------------------------------------------------------------------


Path 135:
   Slack (not met):                         -1320ps
     Path type:                               SETUP
     Group:                              <UDEF_clk>
     Launching clock:                           clk (rising edge)
     Capturing clock:                           clk (rising edge)

     Requested period:                       2000ps
   + Delay of the capturing clock:           2347ps
   - Clock uncertainty:                       150ps
   = Required time:                          4197ps
   - Propagation time:                       3170ps (51.5% logic, 48.5% route, logic stage 1)
   - Delay of the launching clock:           2347ps
   = Slack:                                 -1320ps

   Instance/Pin or Net Name                                                 Type         ID     Location or Fanout   Delay(ps)  Edge  Arrival Time(ps)    Instance detail                                                                                                                                                                 
   -----------------------------------------------------------------------------------------------------------------------------------------------------------------------------------------------------------------------------------------------------------------------------------------------------------------------------------------
   clk                                                                      CLOCK-PORT    -                      -     launch     r               0                                                                                                                                                                                       
   clk                                                                      Clock net     2           (fanout=388)       2347                     -                                                                                                                                                                                       
   RBB_10/CLK                                                               RBB_6L       10  [TILE 0 0, RBB 19 20]          -     r            2347                                                                                                                                                                                       
   -----------------------------------------------------------------------------------------------------------------------------------------------------------------------------------------------------------------------------------------------------------------------------------------------------------------------------------------
   RBB_10/BQ                                                                RBB_6L       10  [TILE 0 0, RBB 19 20]        800     r            3147     {inst52: spi_mosi_FDCE_D_Q_FDCE_Q_D_LUT4_O_I3_CARRY4_O_O_1_LUT4_I3_O_FDCE_D (FDC,site=bff)}                                                                                       
   spi_mosi_FDCE_D_Q_FDCE_Q_D_LUT4_O_I3_CARRY4_O_O_1_LUT4_I3_O_FDCE_D_Q[0]  Net          51             (fanout=5)       1538                     -                                                                                                                                                                                       
   RBB_10/C4                                                                RBB_6L       10  [TILE 0 0, RBB 19 20]          -     r            4685     {inst49: spi_mosi_FDCE_D_Q_FDCE_Q_D_LUT4_O_I3_CARRY4_O_CO_2_LUT5_I4 (LUT,site=clut)} {inst50: spi_mosi_FDCE_D_Q_FDCE_Q_D_LUT4_O_I3_CARRY4_O_CO_2_LUT5_I4_O_FDCE_D (FDC,site=cff)} 
   -----------------------------------------------------------------------------------------------------------------------------------------------------------------------------------------------------------------------------------------------------------------------------------------------------------------------------------------
   RBB_10/CLK                                                               RBB_6L       10  [TILE 0 0, RBB 19 20]        832     r            5517                                                                                                                                                                                       
   clk                                                                      Clock net     2           (fanout=388)      -2347                     -                                                                                                                                                                                       
   clk                                                                      CLOCK-PORT    -                      -    capture     r            3170                                                                                                                                                                                       
   -----------------------------------------------------------------------------------------------------------------------------------------------------------------------------------------------------------------------------------------------------------------------------------------------------------------------------------------


Path 127:
   Slack (not met):                         -1308ps
     Path type:                               SETUP
     Group:                              <UDEF_clk>
     Launching clock:                           clk (rising edge)
     Capturing clock:                           clk (rising edge)

     Requested period:                       2000ps
   + Delay of the capturing clock:           2324ps
   - Clock uncertainty:                       150ps
   = Required time:                          4174ps
   - Propagation time:                       3158ps (61.4% logic, 38.6% route, logic stage 1)
   - Delay of the launching clock:           2324ps
   = Slack:                                 -1308ps

   Instance/Pin or Net Name   Type         ID    Location or Fanout   Delay(ps)  Edge  Arrival Time(ps)    Instance detail                                                     
   ------------------------------------------------------------------------------------------------------------------------------------------------------------------------------
   clk                        CLOCK-PORT    -                     -     launch     r               0                                                                           
   clk                        Clock net     2          (fanout=388)       2324                     -                                                                           
   RBB_6/CLK                  RBB_6L        6  [TILE 0 0, RBB 1 24]          -     r            2324                                                                           
   ------------------------------------------------------------------------------------------------------------------------------------------------------------------------------
   RBB_6/BQ                   RBB_6L        6  [TILE 0 0, RBB 1 24]        800     r            3124     {inst16: por_FDRE_Q_2 (FDE,site=bff)}                                 
   por[1]                     Net          25            (fanout=1)       1218                     -                                                                           
   RBB_6/B1                   RBB_6L        6  [TILE 0 0, RBB 1 24]          -     r            4342     {inst12: por_CARRY4_S (CARRY4)} {inst16: por_FDRE_Q_2 (FDE,site=bff)} 
   ------------------------------------------------------------------------------------------------------------------------------------------------------------------------------
   RBB_6/CLK                  RBB_6L        6  [TILE 0 0, RBB 1 24]       1140     r            5482                                                                           
   clk                        Clock net     2          (fanout=388)      -2324                     -                                                                           
   clk                        CLOCK-PORT    -                     -    capture     r            3158                                                                           
   ------------------------------------------------------------------------------------------------------------------------------------------------------------------------------


Path 347:
   Slack (not met):                         -1272ps
     Path type:                               SETUP
     Group:                              <UDEF_clk>
     Launching clock:                           clk (rising edge)
     Capturing clock:                           clk (rising edge)

     Requested period:                       2000ps
   + Delay of the capturing clock:           2347ps
   - Clock uncertainty:                       150ps
   = Required time:                          4197ps
   - Propagation time:                       3153ps (29.7% logic, 70.3% route, logic stage 1)
   - Delay of the launching clock:           2316ps
   = Slack:                                 -1272ps

   Instance/Pin or Net Name   Type         ID     Location or Fanout   Delay(ps)  Edge  Arrival Time(ps)    Instance detail                                                                         
   ---------------------------------------------------------------------------------------------------------------------------------------------------------------------------------------------------
   clk                        CLOCK-PORT    -                      -     launch     r               0                                                                                               
   clk                        Clock net     2           (fanout=388)       2316                     -                                                                                               
   RBB_3/CLK                  IOB           3  [TILE 0 0, RBB 31 22]          -     r            2316                                                                                               
   ---------------------------------------------------------------------------------------------------------------------------------------------------------------------------------------------------
   RBB_3/I[0]                 IOB           3  [TILE 0 0, RBB 31 22]          0     r            2316     {(input_port) inst80: g_80_spi_ss_n_ibuf (IO)} {inst60: u_spi.r_ss_n_sync_FDPE_Q_1 (FDP)} 
   u_spi.r_ss_n_sync[0]       Net           6             (fanout=1)       2215                     -                                                                                               
   RBB_10/B6                  RBB_6L       10  [TILE 0 0, RBB 19 20]          -     r            4531     {inst59: u_spi.r_ss_n_sync_FDPE_Q (FDP,site=bffo)}                                        
   ---------------------------------------------------------------------------------------------------------------------------------------------------------------------------------------------------
   RBB_10/CLK                 RBB_6L       10  [TILE 0 0, RBB 19 20]        938     r            5469                                                                                               
   clk                        Clock net     2           (fanout=388)      -2347                     -                                                                                               
   clk                        CLOCK-PORT    -                      -    capture     r            3122                                                                                               
   ---------------------------------------------------------------------------------------------------------------------------------------------------------------------------------------------------


Path 132:
   Slack (not met):                         -1243ps
     Path type:                               SETUP
     Group:                              <UDEF_clk>
     Launching clock:                           clk (rising edge)
     Capturing clock:                           clk (rising edge)

     Requested period:                       2000ps
   + Delay of the capturing clock:           2347ps
   - Clock uncertainty:                       150ps
   = Required time:                          4197ps
   - Propagation time:                       3093ps (55.8% logic, 44.2% route, logic stage 1)
   - Delay of the launching clock:           2347ps
   = Slack:                                 -1243ps

   Instance/Pin or Net Name   Type         ID     Location or Fanout   Delay(ps)  Edge  Arrival Time(ps)    Instance detail                                                                                             
   -----------------------------------------------------------------------------------------------------------------------------------------------------------------------------------------------------------------------
   clk                        CLOCK-PORT    -                      -     launch     r               0                                                                                                                   
   clk                        Clock net     2           (fanout=388)       2347                     -                                                                                                                   
   RBB_10/CLK                 RBB_6L       10  [TILE 0 0, RBB 19 20]          -     r            2347                                                                                                                   
   -----------------------------------------------------------------------------------------------------------------------------------------------------------------------------------------------------------------------
   RBB_10/DQ                  RBB_6L       10  [TILE 0 0, RBB 19 20]        800     r            3147     {inst45: spi_mosi_FDCE_D_Q_FDCE_Q (FDC,site=dff)}                                                             
   spi_mosi_FDCE_D_Q[1]       Net          33            (fanout=10)       1368                     -                                                                                                                   
   RBB_10/D1                  RBB_6L       10  [TILE 0 0, RBB 19 20]          -     r            4515     {inst46: spi_mosi_FDCE_D_Q_FDCE_Q_D_LUT4_O (LUT,site=dlut)} {inst45: spi_mosi_FDCE_D_Q_FDCE_Q (FDC,site=dff)} 
   -----------------------------------------------------------------------------------------------------------------------------------------------------------------------------------------------------------------------
   RBB_10/CLK                 RBB_6L       10  [TILE 0 0, RBB 19 20]        925     r            5440                                                                                                                   
   clk                        Clock net     2           (fanout=388)      -2347                     -                                                                                                                   
   clk                        CLOCK-PORT    -                      -    capture     r            3093                                                                                                                   
   -----------------------------------------------------------------------------------------------------------------------------------------------------------------------------------------------------------------------


Path 134:
   Slack (not met):                         -1185ps
     Path type:                               SETUP
     Group:                              <UDEF_clk>
     Launching clock:                           clk (rising edge)
     Capturing clock:                           clk (rising edge)

     Requested period:                       2000ps
   + Delay of the capturing clock:           2302ps
   - Clock uncertainty:                       150ps
   = Required time:                          4152ps
   - Propagation time:                       3035ps (51.2% logic, 48.8% route, logic stage 1)
   - Delay of the launching clock:           2302ps
   = Slack:                                 -1185ps

   Instance/Pin or Net Name                                              Type         ID    Location or Fanout   Delay(ps)  Edge  Arrival Time(ps)    Instance detail                                                                                                                                                              
   ----------------------------------------------------------------------------------------------------------------------------------------------------------------------------------------------------------------------------------------------------------------------------------------------------------------------------------
   clk                                                                   CLOCK-PORT    -                     -     launch     r               0                                                                                                                                                                                    
   clk                                                                   Clock net     2          (fanout=388)       2302                     -                                                                                                                                                                                    
   RBB_13/CLK                                                            RBB_6L       13  [TILE 0 0, RBB 7 26]          -     r            2302                                                                                                                                                                                    
   ----------------------------------------------------------------------------------------------------------------------------------------------------------------------------------------------------------------------------------------------------------------------------------------------------------------------------------
   RBB_13/BQ                                                             RBB_6L       13  [TILE 0 0, RBB 7 26]        800     r            3102     {inst27: spi_miso_FDCE_Q_D_LUT6_O_I0_FDCE_Q_D_LUT6_O_I0_FDCE_Q_D_LUT6_O_I0_FDCE_Q (FDCE,site=bff)}                                                                             
   spi_miso_FDCE_Q_D_LUT6_O_I0_FDCE_Q_D_LUT6_O_I0_FDCE_Q_D_LUT6_O_I0[0]  Net          68            (fanout=1)       1481                     -                                                                                                                                                                                    
   RBB_13/C1                                                             RBB_6L       13  [TILE 0 0, RBB 7 26]          -     r            4583     {inst26: spi_miso_FDCE_Q_D_LUT6_O_I0_FDCE_Q_D_LUT6_O_I0_FDCE_Q_D_LUT6_O (LUT,site=clut,cluto)} {inst24: spi_miso_FDCE_Q_D_LUT6_O_I0_FDCE_Q_D_LUT6_O_I0_FDCE_Q (FDCE,site=cff)} 
   ----------------------------------------------------------------------------------------------------------------------------------------------------------------------------------------------------------------------------------------------------------------------------------------------------------------------------------
   RBB_13/CLK                                                            RBB_6L       13  [TILE 0 0, RBB 7 26]        754     r            5337                                                                                                                                                                                    
   clk                                                                   Clock net     2          (fanout=388)      -2302                     -                                                                                                                                                                                    
   clk                                                                   CLOCK-PORT    -                     -    capture     r            3035                                                                                                                                                                                    
   ----------------------------------------------------------------------------------------------------------------------------------------------------------------------------------------------------------------------------------------------------------------------------------------------------------------------------------


Path 140:
   Slack (not met):                         -1169ps
     Path type:                               SETUP
     Group:                              <UDEF_clk>
     Launching clock:                           clk (rising edge)
     Capturing clock:                           clk (rising edge)

     Requested period:                       2000ps
   + Delay of the capturing clock:           2311ps
   - Clock uncertainty:                       150ps
   = Required time:                          4161ps
   - Propagation time:                       3019ps (57.7% logic, 42.3% route, logic stage 1)
   - Delay of the launching clock:           2311ps
   = Slack:                                 -1169ps

   Instance/Pin or Net Name   Type         ID    Location or Fanout   Delay(ps)  Edge  Arrival Time(ps)    Instance detail                                                                                            
   ---------------------------------------------------------------------------------------------------------------------------------------------------------------------------------------------------------------------
   clk                        CLOCK-PORT    -                     -     launch     r               0                                                                                                                  
   clk                        Clock net     2          (fanout=388)       2311                     -                                                                                                                  
   RBB_15/CLK                 RBB_6L       15  [TILE 0 0, RBB 4 22]          -     r            2311                                                                                                                  
   ---------------------------------------------------------------------------------------------------------------------------------------------------------------------------------------------------------------------
   RBB_15/AQ                  RBB_6L       15  [TILE 0 0, RBB 4 22]        800     r            3111     {inst68: u_spi.rx_shift_FDCE_Q_5 (FDCE,site=aff)}                                                            
   u_spi.rx_shift[1]          Net          12            (fanout=2)       1276                     -                                                                                                                  
   RBB_15/B1                  RBB_6L       15  [TILE 0 0, RBB 4 22]          -     r            4387     {inst94: u_spi.rx_shift_FDCE_Q_4_buf94_i (LUT,site=bluto)} {inst67: u_spi.rx_shift_FDCE_Q_4 (FDCE,site=bff)} 
   ---------------------------------------------------------------------------------------------------------------------------------------------------------------------------------------------------------------------
   RBB_15/CLK                 RBB_6L       15  [TILE 0 0, RBB 4 22]        943     r            5330                                                                                                                  
   clk                        Clock net     2          (fanout=388)      -2311                     -                                                                                                                  
   clk                        CLOCK-PORT    -                     -    capture     r            3019                                                                                                                  
   ---------------------------------------------------------------------------------------------------------------------------------------------------------------------------------------------------------------------


Path 131:
   Slack (not met):                         -1159ps
     Path type:                               SETUP
     Group:                              <UDEF_clk>
     Launching clock:                           clk (rising edge)
     Capturing clock:                           clk (rising edge)

     Requested period:                       2000ps
   + Delay of the capturing clock:           2302ps
   - Clock uncertainty:                       150ps
   = Required time:                          4152ps
   - Propagation time:                       3009ps (55.1% logic, 44.9% route, logic stage 1)
   - Delay of the launching clock:           2302ps
   = Slack:                                 -1159ps

   Instance/Pin or Net Name                           Type         ID    Location or Fanout   Delay(ps)  Edge  Arrival Time(ps)    Instance detail                                                                                                                        
   -------------------------------------------------------------------------------------------------------------------------------------------------------------------------------------------------------------------------------------------------------------------------
   clk                                                CLOCK-PORT    -                     -     launch     r               0                                                                                                                                              
   clk                                                Clock net     2          (fanout=388)       2302                     -                                                                                                                                              
   RBB_13/CLK                                         RBB_6L       13  [TILE 0 0, RBB 7 26]          -     r            2302                                                                                                                                              
   -------------------------------------------------------------------------------------------------------------------------------------------------------------------------------------------------------------------------------------------------------------------------
   RBB_13/CQ                                          RBB_6L       13  [TILE 0 0, RBB 7 26]        800     r            3102     {inst24: spi_miso_FDCE_Q_D_LUT6_O_I0_FDCE_Q_D_LUT6_O_I0_FDCE_Q (FDCE,site=cff)}                                                          
   spi_miso_FDCE_Q_D_LUT6_O_I0_FDCE_Q_D_LUT6_O_I0[0]  Net          57            (fanout=1)       1350                     -                                                                                                                                              
   RBB_13/D1                                          RBB_6L       13  [TILE 0 0, RBB 7 26]          -     r            4452     {inst23: spi_miso_FDCE_Q_D_LUT6_O_I0_FDCE_Q_D_LUT6_O (LUT,site=dlut,dluto)} {inst21: spi_miso_FDCE_Q_D_LUT6_O_I0_FDCE_Q (FDCE,site=dff)} 
   -------------------------------------------------------------------------------------------------------------------------------------------------------------------------------------------------------------------------------------------------------------------------
   RBB_13/CLK                                         RBB_6L       13  [TILE 0 0, RBB 7 26]        859     r            5311                                                                                                                                              
   clk                                                Clock net     2          (fanout=388)      -2302                     -                                                                                                                                              
   clk                                                CLOCK-PORT    -                     -    capture     r            3009                                                                                                                                              
   -------------------------------------------------------------------------------------------------------------------------------------------------------------------------------------------------------------------------------------------------------------------------


Path 82:
   Slack (not met):                         -1127ps
     Path type:                               SETUP
     Group:                              <UDEF_clk>
     Launching clock:                           clk (rising edge)
     Capturing clock:                           clk (rising edge)

     Requested period:                       2000ps
   + Delay of the capturing clock:           2302ps
   - Clock uncertainty:                       150ps
   = Required time:                          4152ps
   - Propagation time:                       2984ps (73.1% logic, 26.9% route, logic stage 1)
   - Delay of the launching clock:           2295ps
   = Slack:                                 -1127ps

   Instance/Pin or Net Name                                                                 Type         ID     Location or Fanout   Delay(ps)  Edge  Arrival Time(ps)    Instance detail                                                                                                                                                                                                    
   --------------------------------------------------------------------------------------------------------------------------------------------------------------------------------------------------------------------------------------------------------------------------------------------------------------------------------------------------------------------------------------------
   clk                                                                                      CLOCK-PORT    -                      -     launch     r               0                                                                                                                                                                                                                          
   clk                                                                                      Clock net     2           (fanout=388)       2295                     -                                                                                                                                                                                                                          
   RBB_8/CLK                                                                                RBB_6L        8  [TILE 0 0, RBB 10 26]          -     r            2295                                                                                                                                                                                                                          
   --------------------------------------------------------------------------------------------------------------------------------------------------------------------------------------------------------------------------------------------------------------------------------------------------------------------------------------------------------------------------------------------
   RBB_8/CMUX                                                                               RBB_6L        8  [TILE 0 0, RBB 10 26]       1379     r            3674     {inst31: spi_miso_FDCE_Q_D_LUT6_O_I0_FDCE_Q_D_LUT6_O_I0_FDCE_Q_D_LUT6_O_I0_FDCE_Q_D_LUT6_O_I0_FDCE_Q_1 (FDCE,site=cffo)}                                                                                             
   spi_miso_FDCE_Q_D_LUT6_O_I0_FDCE_Q_D_LUT6_O_I0_FDCE_Q_D_LUT6_O_I0_FDCE_Q_D_LUT6_O_I0[1]  Net          39             (fanout=1)        803                     -                                                                                                                                                                                                                          
   RBB_13/B2                                                                                RBB_6L       13   [TILE 0 0, RBB 7 26]          -     r            4477     {inst29: spi_miso_FDCE_Q_D_LUT6_O_I0_FDCE_Q_D_LUT6_O_I0_FDCE_Q_D_LUT6_O_I0_FDCE_Q_D_LUT6_O (LUT,site=blut,bluto)} {inst27: spi_miso_FDCE_Q_D_LUT6_O_I0_FDCE_Q_D_LUT6_O_I0_FDCE_Q_D_LUT6_O_I0_FDCE_Q (FDCE,site=bff)} 
   --------------------------------------------------------------------------------------------------------------------------------------------------------------------------------------------------------------------------------------------------------------------------------------------------------------------------------------------------------------------------------------------
   RBB_13/CLK                                                                               RBB_6L       13   [TILE 0 0, RBB 7 26]        802     r            5279                                                                                                                                                                                                                          
   clk                                                                                      Clock net     2           (fanout=388)      -2302                     -                                                                                                                                                                                                                          
   clk                                                                                      CLOCK-PORT    -                      -    capture     r            2977                                                                                                                                                                                                                          
   --------------------------------------------------------------------------------------------------------------------------------------------------------------------------------------------------------------------------------------------------------------------------------------------------------------------------------------------------------------------------------------------


Path 91:
   Slack (not met):                         -1119ps
     Path type:                               SETUP
     Group:                              <UDEF_clk>
     Launching clock:                           clk (rising edge)
     Capturing clock:                           clk (rising edge)

     Requested period:                       2000ps
   + Delay of the capturing clock:           2273ps
   - Clock uncertainty:                       150ps
   = Required time:                          4123ps
   - Propagation time:                       2917ps (58.2% logic, 41.8% route, logic stage 1)
   - Delay of the launching clock:           2325ps
   = Slack:                                 -1119ps

   Instance/Pin or Net Name              Type         ID     Location or Fanout   Delay(ps)  Edge  Arrival Time(ps)    Instance detail                                                                                                                                                                                                                                          
   -------------------------------------------------------------------------------------------------------------------------------------------------------------------------------------------------------------------------------------------------------------------------------------------------------------------------------------------------------------------------------
   clk                                   CLOCK-PORT    -                      -     launch     r               0                                                                                                                                                                                                                                                                
   clk                                   Clock net     2           (fanout=388)       2325                     -                                                                                                                                                                                                                                                                
   RBB_11/CLK                            RBB_6L       11  [TILE 0 0, RBB 22 18]          -     r            2325                                                                                                                                                                                                                                                                
   -------------------------------------------------------------------------------------------------------------------------------------------------------------------------------------------------------------------------------------------------------------------------------------------------------------------------------------------------------------------------------
   RBB_11/DQ                             RBB_6L       11  [TILE 0 0, RBB 22 18]        800     r            3125     {inst62: u_spi.r_ss_n_sync_LUT3_I1_O_FDCE_D (FDC,site=dff)}                                                                                                                                                                                                
   u_spi.r_ss_n_sync_LUT3_I1_O_FDCE_D_Q  Net          56            (fanout=10)       1218                     -                                                                                                                                                                                                                                                                
   RBB_14/D4                             RBB_6L       14  [TILE 0 0, RBB 25 16]          -     r            4343     {inst32: spi_miso_FDCE_Q_D_LUT6_O_I0_FDCE_Q_D_LUT6_O_I0_FDCE_Q_D_LUT6_O_I0_FDCE_Q_D_LUT6_O_I0_FDCE_Q_D_LUT6_O (LUT,site=dlut,dluto)} {inst30: spi_miso_FDCE_Q_D_LUT6_O_I0_FDCE_Q_D_LUT6_O_I0_FDCE_Q_D_LUT6_O_I0_FDCE_Q_D_LUT6_O_I0_FDCE_Q (FDCE,site=dff)} 
   -------------------------------------------------------------------------------------------------------------------------------------------------------------------------------------------------------------------------------------------------------------------------------------------------------------------------------------------------------------------------------
   RBB_14/CLK                            RBB_6L       14  [TILE 0 0, RBB 25 16]        899     r            5242                                                                                                                                                                                                                                                                
   clk                                   Clock net     2           (fanout=388)      -2273                     -                                                                                                                                                                                                                                                                
   clk                                   CLOCK-PORT    -                      -    capture     r            2969                                                                                                                                                                                                                                                                
   -------------------------------------------------------------------------------------------------------------------------------------------------------------------------------------------------------------------------------------------------------------------------------------------------------------------------------------------------------------------------------


Path 137:
   Slack (not met):                         -1100ps
     Path type:                               SETUP
     Group:                              <UDEF_clk>
     Launching clock:                           clk (rising edge)
     Capturing clock:                           clk (rising edge)

     Requested period:                       2000ps
   + Delay of the capturing clock:           2347ps
   - Clock uncertainty:                       150ps
   = Required time:                          4197ps
   - Propagation time:                       2950ps (57.0% logic, 43.0% route, logic stage 1)
   - Delay of the launching clock:           2347ps
   = Slack:                                 -1100ps

   Instance/Pin or Net Name                                                 Type         ID     Location or Fanout   Delay(ps)  Edge  Arrival Time(ps)    Instance detail                                                                                                                                                                 
   -----------------------------------------------------------------------------------------------------------------------------------------------------------------------------------------------------------------------------------------------------------------------------------------------------------------------------------------
   clk                                                                      CLOCK-PORT    -                      -     launch     r               0                                                                                                                                                                                       
   clk                                                                      Clock net     2           (fanout=388)       2347                     -                                                                                                                                                                                       
   RBB_10/CLK                                                               RBB_6L       10  [TILE 0 0, RBB 19 20]          -     r            2347                                                                                                                                                                                       
   -----------------------------------------------------------------------------------------------------------------------------------------------------------------------------------------------------------------------------------------------------------------------------------------------------------------------------------------
   RBB_10/CQ                                                                RBB_6L       10  [TILE 0 0, RBB 19 20]        800     r            3147     {inst50: spi_mosi_FDCE_D_Q_FDCE_Q_D_LUT4_O_I3_CARRY4_O_CO_2_LUT5_I4_O_FDCE_D (FDC,site=cff)}                                                                                      
   spi_mosi_FDCE_D_Q_FDCE_Q_D_LUT4_O_I3_CARRY4_O_O_1_LUT4_I3_O_FDCE_D_Q[1]  Net          52             (fanout=4)       1269                     -                                                                                                                                                                                       
   RBB_10/C2                                                                RBB_6L       10  [TILE 0 0, RBB 19 20]          -     r            4416     {inst49: spi_mosi_FDCE_D_Q_FDCE_Q_D_LUT4_O_I3_CARRY4_O_CO_2_LUT5_I4 (LUT,site=clut)} {inst50: spi_mosi_FDCE_D_Q_FDCE_Q_D_LUT4_O_I3_CARRY4_O_CO_2_LUT5_I4_O_FDCE_D (FDC,site=cff)} 
   -----------------------------------------------------------------------------------------------------------------------------------------------------------------------------------------------------------------------------------------------------------------------------------------------------------------------------------------
   RBB_10/CLK                                                               RBB_6L       10  [TILE 0 0, RBB 19 20]        881     r            5297                                                                                                                                                                                       
   clk                                                                      Clock net     2           (fanout=388)      -2347                     -                                                                                                                                                                                       
   clk                                                                      CLOCK-PORT    -                      -    capture     r            2950                                                                                                                                                                                       
   -----------------------------------------------------------------------------------------------------------------------------------------------------------------------------------------------------------------------------------------------------------------------------------------------------------------------------------------


Path 348:
   Slack (not met):                         -1057ps
     Path type:                               SETUP
     Group:                              <UDEF_clk>
     Launching clock:                           clk (rising edge)
     Capturing clock:                           clk (rising edge)

     Requested period:                       2000ps
   + Delay of the capturing clock:           2347ps
   - Clock uncertainty:                       150ps
   = Required time:                          4197ps
   - Propagation time:                       2938ps (27.4% logic, 72.6% route, logic stage 1)
   - Delay of the launching clock:           2316ps
   = Slack:                                 -1057ps

   Instance/Pin or Net Name   Type         ID     Location or Fanout   Delay(ps)  Edge  Arrival Time(ps)    Instance detail                                                                       
   -------------------------------------------------------------------------------------------------------------------------------------------------------------------------------------------------
   clk                        CLOCK-PORT    -                      -     launch     r               0                                                                                             
   clk                        Clock net     2           (fanout=388)       2316                     -                                                                                             
   RBB_4/CLK                  IOB           4  [TILE 0 0, RBB 31 23]          -     r            2316                                                                                             
   -------------------------------------------------------------------------------------------------------------------------------------------------------------------------------------------------
   RBB_4/I[0]                 IOB           4  [TILE 0 0, RBB 31 23]          0     r            2316     {(input_port) inst79: g_79_spi_sck_ibuf (IO)} {inst58: u_spi.r_sck_sync_FDCE_Q_1 (FDC)} 
   u_spi.r_sck_sync[0]        Net           8             (fanout=1)       2134                     -                                                                                             
   RBB_10/C6                  RBB_6L       10  [TILE 0 0, RBB 19 20]          -     r            4450     {inst57: u_spi.r_sck_sync_FDCE_Q (FDC,site=cffo)}                                       
   -------------------------------------------------------------------------------------------------------------------------------------------------------------------------------------------------
   RBB_10/CLK                 RBB_6L       10  [TILE 0 0, RBB 19 20]        804     r            5254                                                                                             
   clk                        Clock net     2           (fanout=388)      -2347                     -                                                                                             
   clk                        CLOCK-PORT    -                      -    capture     r            2907                                                                                             
   -------------------------------------------------------------------------------------------------------------------------------------------------------------------------------------------------


Path 128:
   Slack (not met):                         -1042ps
     Path type:                               SETUP
     Group:                              <UDEF_clk>
     Launching clock:                           clk (rising edge)
     Capturing clock:                           clk (rising edge)

     Requested period:                       2000ps
   + Delay of the capturing clock:           2347ps
   - Clock uncertainty:                       150ps
   = Required time:                          4197ps
   - Propagation time:                       2892ps (56.8% logic, 43.2% route, logic stage 1)
   - Delay of the launching clock:           2347ps
   = Slack:                                 -1042ps

   Instance/Pin or Net Name                                                 Type         ID     Location or Fanout   Delay(ps)  Edge  Arrival Time(ps)    Instance detail                                                                                                                          
   --------------------------------------------------------------------------------------------------------------------------------------------------------------------------------------------------------------------------------------------------------------------------------------------------
   clk                                                                      CLOCK-PORT    -                      -     launch     r               0                                                                                                                                                
   clk                                                                      Clock net     2           (fanout=388)       2347                     -                                                                                                                                                
   RBB_10/CLK                                                               RBB_6L       10  [TILE 0 0, RBB 19 20]          -     r            2347                                                                                                                                                
   --------------------------------------------------------------------------------------------------------------------------------------------------------------------------------------------------------------------------------------------------------------------------------------------------
   RBB_10/CQ                                                                RBB_6L       10  [TILE 0 0, RBB 19 20]        800     r            3147     {inst50: spi_mosi_FDCE_D_Q_FDCE_Q_D_LUT4_O_I3_CARRY4_O_CO_2_LUT5_I4_O_FDCE_D (FDC,site=cff)}                                               
   spi_mosi_FDCE_D_Q_FDCE_Q_D_LUT4_O_I3_CARRY4_O_O_1_LUT4_I3_O_FDCE_D_Q[1]  Net          52             (fanout=4)       1249                     -                                                                                                                                                
   RBB_10/A2                                                                RBB_6L       10  [TILE 0 0, RBB 19 20]          -     r            4396     {inst48: spi_mosi_FDCE_D_Q_FDCE_Q_D_LUT4_O_I3_CARRY4_O_CO_2_LUT4_I2 (LUT,site=alut)} {inst56: u_spi.o_rx_data_valid_FDCE_Q (FDC,site=aff)} 
   --------------------------------------------------------------------------------------------------------------------------------------------------------------------------------------------------------------------------------------------------------------------------------------------------
   RBB_10/CLK                                                               RBB_6L       10  [TILE 0 0, RBB 19 20]        843     r            5239                                                                                                                                                
   clk                                                                      Clock net     2           (fanout=388)      -2347                     -                                                                                                                                                
   clk                                                                      CLOCK-PORT    -                      -    capture     r            2892                                                                                                                                                
   --------------------------------------------------------------------------------------------------------------------------------------------------------------------------------------------------------------------------------------------------------------------------------------------------


Path 136:
   Slack (not met):                         -1024ps
     Path type:                               SETUP
     Group:                              <UDEF_clk>
     Launching clock:                           clk (rising edge)
     Capturing clock:                           clk (rising edge)

     Requested period:                       2000ps
   + Delay of the capturing clock:           2273ps
   - Clock uncertainty:                       150ps
   = Required time:                          4123ps
   - Propagation time:                       2874ps (56.8% logic, 43.2% route, logic stage 1)
   - Delay of the launching clock:           2273ps
   = Slack:                                 -1024ps

   Instance/Pin or Net Name                                                                                                       Type         ID     Location or Fanout   Delay(ps)  Edge  Arrival Time(ps)    Instance detail                                                                                                                                                                                                                                                                                
   --------------------------------------------------------------------------------------------------------------------------------------------------------------------------------------------------------------------------------------------------------------------------------------------------------------------------------------------------------------------------------------------------------------------------------------------------------------------------------------------------------------
   clk                                                                                                                            CLOCK-PORT    -                      -     launch     r               0                                                                                                                                                                                                                                                                                                      
   clk                                                                                                                            Clock net     2           (fanout=388)       2273                     -                                                                                                                                                                                                                                                                                                      
   RBB_14/CLK                                                                                                                     RBB_6L       14  [TILE 0 0, RBB 25 16]          -     r            2273                                                                                                                                                                                                                                                                                                      
   --------------------------------------------------------------------------------------------------------------------------------------------------------------------------------------------------------------------------------------------------------------------------------------------------------------------------------------------------------------------------------------------------------------------------------------------------------------------------------------------------------------
   RBB_14/BQ                                                                                                                      RBB_6L       14  [TILE 0 0, RBB 25 16]        800     r            3073     {inst36: spi_miso_FDCE_Q_D_LUT6_O_I0_FDCE_Q_D_LUT6_O_I0_FDCE_Q_D_LUT6_O_I0_FDCE_Q_D_LUT6_O_I0_FDCE_Q_D_LUT6_O_I0_FDCE_Q_D_LUT6_O_I0_FDCE_Q (FDCE,site=bff)}                                                                                                                                      
   spi_miso_FDCE_Q_D_LUT6_O_I0_FDCE_Q_D_LUT6_O_I0_FDCE_Q_D_LUT6_O_I0_FDCE_Q_D_LUT6_O_I0_FDCE_Q_D_LUT6_O_I0_FDCE_Q_D_LUT6_O_I0[0]  Net          44             (fanout=1)       1242                     -                                                                                                                                                                                                                                                                                                      
   RBB_14/C1                                                                                                                      RBB_6L       14  [TILE 0 0, RBB 25 16]          -     r            4315     {inst35: spi_miso_FDCE_Q_D_LUT6_O_I0_FDCE_Q_D_LUT6_O_I0_FDCE_Q_D_LUT6_O_I0_FDCE_Q_D_LUT6_O_I0_FDCE_Q_D_LUT6_O_I0_FDCE_Q_D_LUT6_O (LUT,site=clut,cluto)} {inst33: spi_miso_FDCE_Q_D_LUT6_O_I0_FDCE_Q_D_LUT6_O_I0_FDCE_Q_D_LUT6_O_I0_FDCE_Q_D_LUT6_O_I0_FDCE_Q_D_LUT6_O_I0_FDCE_Q (FDCE,site=cff)} 
   --------------------------------------------------------------------------------------------------------------------------------------------------------------------------------------------------------------------------------------------------------------------------------------------------------------------------------------------------------------------------------------------------------------------------------------------------------------------------------------------------------------
   RBB_14/CLK                                                                                                                     RBB_6L       14  [TILE 0 0, RBB 25 16]        832     r            5147                                                                                                                                                                                                                                                                                                      
   clk                                                                                                                            Clock net     2           (fanout=388)      -2273                     -                                                                                                                                                                                                                                                                                                      
   clk                                                                                                                            CLOCK-PORT    -                      -    capture     r            2874                                                                                                                                                                                                                                                                                                      
   --------------------------------------------------------------------------------------------------------------------------------------------------------------------------------------------------------------------------------------------------------------------------------------------------------------------------------------------------------------------------------------------------------------------------------------------------------------------------------------------------------------


Path 104:
   Slack (not met):                         -1007ps
     Path type:                               SETUP
     Group:                              <UDEF_clk>
     Launching clock:                           clk (rising edge)
     Capturing clock:                           clk (rising edge)

     Requested period:                       2000ps
   + Delay of the capturing clock:           2273ps
   - Clock uncertainty:                       150ps
   = Required time:                          4123ps
   - Propagation time:                       2805ps (57.0% logic, 43.0% route, logic stage 1)
   - Delay of the launching clock:           2325ps
   = Slack:                                 -1007ps

   Instance/Pin or Net Name              Type         ID     Location or Fanout   Delay(ps)  Edge  Arrival Time(ps)    Instance detail                                                                                                                                                                                                                                                                                                                      
   -----------------------------------------------------------------------------------------------------------------------------------------------------------------------------------------------------------------------------------------------------------------------------------------------------------------------------------------------------------------------------------------------------------------------------------------------------------
   clk                                   CLOCK-PORT    -                      -     launch     r               0                                                                                                                                                                                                                                                                                                                                            
   clk                                   Clock net     2           (fanout=388)       2325                     -                                                                                                                                                                                                                                                                                                                                            
   RBB_11/CLK                            RBB_6L       11  [TILE 0 0, RBB 22 18]          -     r            2325                                                                                                                                                                                                                                                                                                                                            
   -----------------------------------------------------------------------------------------------------------------------------------------------------------------------------------------------------------------------------------------------------------------------------------------------------------------------------------------------------------------------------------------------------------------------------------------------------------
   RBB_11/DQ                             RBB_6L       11  [TILE 0 0, RBB 22 18]        800     r            3125     {inst62: u_spi.r_ss_n_sync_LUT3_I1_O_FDCE_D (FDC,site=dff)}                                                                                                                                                                                                                                                                            
   u_spi.r_ss_n_sync_LUT3_I1_O_FDCE_D_Q  Net          56            (fanout=10)       1207                     -                                                                                                                                                                                                                                                                                                                                            
   RBB_14/B4                             RBB_6L       14  [TILE 0 0, RBB 25 16]          -     r            4332     {inst38: spi_miso_FDCE_Q_D_LUT6_O_I0_FDCE_Q_D_LUT6_O_I0_FDCE_Q_D_LUT6_O_I0_FDCE_Q_D_LUT6_O_I0_FDCE_Q_D_LUT6_O_I0_FDCE_Q_D_LUT6_O_I0_FDCE_Q_D_LUT6_O (LUT,site=blut,bluto)} {inst36: spi_miso_FDCE_Q_D_LUT6_O_I0_FDCE_Q_D_LUT6_O_I0_FDCE_Q_D_LUT6_O_I0_FDCE_Q_D_LUT6_O_I0_FDCE_Q_D_LUT6_O_I0_FDCE_Q_D_LUT6_O_I0_FDCE_Q (FDCE,site=bff)} 
   -----------------------------------------------------------------------------------------------------------------------------------------------------------------------------------------------------------------------------------------------------------------------------------------------------------------------------------------------------------------------------------------------------------------------------------------------------------
   RBB_14/CLK                            RBB_6L       14  [TILE 0 0, RBB 25 16]        798     r            5130                                                                                                                                                                                                                                                                                                                                            
   clk                                   Clock net     2           (fanout=388)      -2273                     -                                                                                                                                                                                                                                                                                                                                            
   clk                                   CLOCK-PORT    -                      -    capture     r            2857                                                                                                                                                                                                                                                                                                                                            
   -----------------------------------------------------------------------------------------------------------------------------------------------------------------------------------------------------------------------------------------------------------------------------------------------------------------------------------------------------------------------------------------------------------------------------------------------------------


Path 80:
   Slack (not met):                          -985ps
     Path type:                               SETUP
     Group:                              <UDEF_clk>
     Launching clock:                           clk (rising edge)
     Capturing clock:                           clk (rising edge)

     Requested period:                       2000ps
   + Delay of the capturing clock:           2302ps
   - Clock uncertainty:                       150ps
   = Required time:                          4152ps
   - Propagation time:                       2842ps (77.9% logic, 22.1% route, logic stage 1)
   - Delay of the launching clock:           2295ps
   = Slack:                                  -985ps

   Instance/Pin or Net Name                                              Type         ID     Location or Fanout   Delay(ps)  Edge  Arrival Time(ps)    Instance detail                                                                                                                                                              
   -----------------------------------------------------------------------------------------------------------------------------------------------------------------------------------------------------------------------------------------------------------------------------------------------------------------------------------
   clk                                                                   CLOCK-PORT    -                      -     launch     r               0                                                                                                                                                                                    
   clk                                                                   Clock net     2           (fanout=388)       2295                     -                                                                                                                                                                                    
   RBB_8/CLK                                                             RBB_6L        8  [TILE 0 0, RBB 10 26]          -     r            2295                                                                                                                                                                                    
   -----------------------------------------------------------------------------------------------------------------------------------------------------------------------------------------------------------------------------------------------------------------------------------------------------------------------------------
   RBB_8/DMUX                                                            RBB_6L        8  [TILE 0 0, RBB 10 26]       1333     r            3628     {inst28: spi_miso_FDCE_Q_D_LUT6_O_I0_FDCE_Q_D_LUT6_O_I0_FDCE_Q_D_LUT6_O_I0_FDCE_Q_1 (FDCE,site=dffo)}                                                                          
   spi_miso_FDCE_Q_D_LUT6_O_I0_FDCE_Q_D_LUT6_O_I0_FDCE_Q_D_LUT6_O_I0[1]  Net          69             (fanout=1)        628                     -                                                                                                                                                                                    
   RBB_13/C2                                                             RBB_6L       13   [TILE 0 0, RBB 7 26]          -     r            4256     {inst26: spi_miso_FDCE_Q_D_LUT6_O_I0_FDCE_Q_D_LUT6_O_I0_FDCE_Q_D_LUT6_O (LUT,site=clut,cluto)} {inst24: spi_miso_FDCE_Q_D_LUT6_O_I0_FDCE_Q_D_LUT6_O_I0_FDCE_Q (FDCE,site=cff)} 
   -----------------------------------------------------------------------------------------------------------------------------------------------------------------------------------------------------------------------------------------------------------------------------------------------------------------------------------
   RBB_13/CLK                                                            RBB_6L       13   [TILE 0 0, RBB 7 26]        881     r            5137                                                                                                                                                                                    
   clk                                                                   Clock net     2           (fanout=388)      -2302                     -                                                                                                                                                                                    
   clk                                                                   CLOCK-PORT    -                      -    capture     r            2835                                                                                                                                                                                    
   -----------------------------------------------------------------------------------------------------------------------------------------------------------------------------------------------------------------------------------------------------------------------------------------------------------------------------------


Path 118:
   Slack (not met):                          -981ps
     Path type:                               SETUP
     Group:                              <UDEF_clk>
     Launching clock:                           clk (rising edge)
     Capturing clock:                           clk (rising edge)

     Requested period:                       2000ps
   + Delay of the capturing clock:           2347ps
   - Clock uncertainty:                       150ps
   = Required time:                          4197ps
   - Propagation time:                       2831ps (74.3% logic, 25.7% route, logic stage 1)
   - Delay of the launching clock:           2347ps
   = Slack:                                  -981ps

   Instance/Pin or Net Name   Type         ID     Location or Fanout   Delay(ps)  Edge  Arrival Time(ps)    Instance detail                                                                                                                                                                 
   -------------------------------------------------------------------------------------------------------------------------------------------------------------------------------------------------------------------------------------------------------------------------------------------
   clk                        CLOCK-PORT    -                      -     launch     r               0                                                                                                                                                                                       
   clk                        Clock net     2           (fanout=388)       2347                     -                                                                                                                                                                                       
   RBB_10/CLK                 RBB_6L       10  [TILE 0 0, RBB 19 20]          -     r            2347                                                                                                                                                                                       
   -------------------------------------------------------------------------------------------------------------------------------------------------------------------------------------------------------------------------------------------------------------------------------------------
   RBB_10/BMUX                RBB_6L       10  [TILE 0 0, RBB 19 20]       1350     r            3697     {inst59: u_spi.r_ss_n_sync_FDPE_Q (FDP,site=bffo)}                                                                                                                                
   u_spi.r_ss_n_sync[1]       Net           7             (fanout=5)        727                     -                                                                                                                                                                                       
   RBB_10/C3                  RBB_6L       10  [TILE 0 0, RBB 19 20]          -     r            4424     {inst49: spi_mosi_FDCE_D_Q_FDCE_Q_D_LUT4_O_I3_CARRY4_O_CO_2_LUT5_I4 (LUT,site=clut)} {inst50: spi_mosi_FDCE_D_Q_FDCE_Q_D_LUT4_O_I3_CARRY4_O_CO_2_LUT5_I4_O_FDCE_D (FDC,site=cff)} 
   -------------------------------------------------------------------------------------------------------------------------------------------------------------------------------------------------------------------------------------------------------------------------------------------
   RBB_10/CLK                 RBB_6L       10  [TILE 0 0, RBB 19 20]        754     r            5178                                                                                                                                                                                       
   clk                        Clock net     2           (fanout=388)      -2347                     -                                                                                                                                                                                       
   clk                        CLOCK-PORT    -                      -    capture     r            2831                                                                                                                                                                                       
   -------------------------------------------------------------------------------------------------------------------------------------------------------------------------------------------------------------------------------------------------------------------------------------------


Path 96:
   Slack (not met):                          -971ps
     Path type:                               SETUP
     Group:                              <UDEF_clk>
     Launching clock:                           clk (rising edge)
     Capturing clock:                           clk (rising edge)

     Requested period:                       2000ps
   + Delay of the capturing clock:           2273ps
   - Clock uncertainty:                       150ps
   = Required time:                          4123ps
   - Propagation time:                       2769ps (56.1% logic, 43.9% route, logic stage 1)
   - Delay of the launching clock:           2325ps
   = Slack:                                  -971ps

   Instance/Pin or Net Name              Type         ID     Location or Fanout   Delay(ps)  Edge  Arrival Time(ps)    Instance detail                                                                                                                                                                                                                                                                                
   ---------------------------------------------------------------------------------------------------------------------------------------------------------------------------------------------------------------------------------------------------------------------------------------------------------------------------------------------------------------------------------------------------------------------
   clk                                   CLOCK-PORT    -                      -     launch     r               0                                                                                                                                                                                                                                                                                                      
   clk                                   Clock net     2           (fanout=388)       2325                     -                                                                                                                                                                                                                                                                                                      
   RBB_11/CLK                            RBB_6L       11  [TILE 0 0, RBB 22 18]          -     r            2325                                                                                                                                                                                                                                                                                                      
   ---------------------------------------------------------------------------------------------------------------------------------------------------------------------------------------------------------------------------------------------------------------------------------------------------------------------------------------------------------------------------------------------------------------------
   RBB_11/DQ                             RBB_6L       11  [TILE 0 0, RBB 22 18]        800     r            3125     {inst62: u_spi.r_ss_n_sync_LUT3_I1_O_FDCE_D (FDC,site=dff)}                                                                                                                                                                                                                                      
   u_spi.r_ss_n_sync_LUT3_I1_O_FDCE_D_Q  Net          56            (fanout=10)       1215                     -                                                                                                                                                                                                                                                                                                      
   RBB_14/C4                             RBB_6L       14  [TILE 0 0, RBB 25 16]          -     r            4340     {inst35: spi_miso_FDCE_Q_D_LUT6_O_I0_FDCE_Q_D_LUT6_O_I0_FDCE_Q_D_LUT6_O_I0_FDCE_Q_D_LUT6_O_I0_FDCE_Q_D_LUT6_O_I0_FDCE_Q_D_LUT6_O (LUT,site=clut,cluto)} {inst33: spi_miso_FDCE_Q_D_LUT6_O_I0_FDCE_Q_D_LUT6_O_I0_FDCE_Q_D_LUT6_O_I0_FDCE_Q_D_LUT6_O_I0_FDCE_Q_D_LUT6_O_I0_FDCE_Q (FDCE,site=cff)} 
   ---------------------------------------------------------------------------------------------------------------------------------------------------------------------------------------------------------------------------------------------------------------------------------------------------------------------------------------------------------------------------------------------------------------------
   RBB_14/CLK                            RBB_6L       14  [TILE 0 0, RBB 25 16]        754     r            5094                                                                                                                                                                                                                                                                                                      
   clk                                   Clock net     2           (fanout=388)      -2273                     -                                                                                                                                                                                                                                                                                                      
   clk                                   CLOCK-PORT    -                      -    capture     r            2821                                                                                                                                                                                                                                                                                                      
   ---------------------------------------------------------------------------------------------------------------------------------------------------------------------------------------------------------------------------------------------------------------------------------------------------------------------------------------------------------------------------------------------------------------------


Path 116:
   Slack (not met):                          -952ps
     Path type:                               SETUP
     Group:                              <UDEF_clk>
     Launching clock:                           clk (rising edge)
     Capturing clock:                           clk (rising edge)

     Requested period:                       2000ps
   + Delay of the capturing clock:           2347ps
   - Clock uncertainty:                       150ps
   = Required time:                          4197ps
   - Propagation time:                       2802ps (79.0% logic, 21.0% route, logic stage 1)
   - Delay of the launching clock:           2347ps
   = Slack:                                  -952ps

   Instance/Pin or Net Name   Type         ID     Location or Fanout   Delay(ps)  Edge  Arrival Time(ps)    Instance detail                                                                                             
   -----------------------------------------------------------------------------------------------------------------------------------------------------------------------------------------------------------------------
   clk                        CLOCK-PORT    -                      -     launch     r               0                                                                                                                   
   clk                        Clock net     2           (fanout=388)       2347                     -                                                                                                                   
   RBB_10/CLK                 RBB_6L       10  [TILE 0 0, RBB 19 20]          -     r            2347                                                                                                                   
   -----------------------------------------------------------------------------------------------------------------------------------------------------------------------------------------------------------------------
   RBB_10/BMUX                RBB_6L       10  [TILE 0 0, RBB 19 20]       1350     r            3697     {inst59: u_spi.r_ss_n_sync_FDPE_Q (FDP,site=bffo)}                                                            
   u_spi.r_ss_n_sync[1]       Net           7             (fanout=5)        588                     -                                                                                                                   
   RBB_10/D3                  RBB_6L       10  [TILE 0 0, RBB 19 20]          -     r            4285     {inst46: spi_mosi_FDCE_D_Q_FDCE_Q_D_LUT4_O (LUT,site=dlut)} {inst45: spi_mosi_FDCE_D_Q_FDCE_Q (FDC,site=dff)} 
   -----------------------------------------------------------------------------------------------------------------------------------------------------------------------------------------------------------------------
   RBB_10/CLK                 RBB_6L       10  [TILE 0 0, RBB 19 20]        864     r            5149                                                                                                                   
   clk                        Clock net     2           (fanout=388)      -2347                     -                                                                                                                   
   clk                        CLOCK-PORT    -                      -    capture     r            2802                                                                                                                   
   -----------------------------------------------------------------------------------------------------------------------------------------------------------------------------------------------------------------------


Path 139:
   Slack (not met):                          -942ps
     Path type:                               SETUP
     Group:                              <UDEF_clk>
     Launching clock:                           clk (rising edge)
     Capturing clock:                           clk (rising edge)

     Requested period:                       2000ps
   + Delay of the capturing clock:           2311ps
   - Clock uncertainty:                       150ps
   = Required time:                          4161ps
   - Propagation time:                       2792ps (49.6% logic, 50.4% route, logic stage 1)
   - Delay of the launching clock:           2311ps
   = Slack:                                  -942ps

   Instance/Pin or Net Name   Type         ID    Location or Fanout   Delay(ps)  Edge  Arrival Time(ps)    Instance detail                                 
   ----------------------------------------------------------------------------------------------------------------------------------------------------------
   clk                        CLOCK-PORT    -                     -     launch     r               0                                                       
   clk                        Clock net     2          (fanout=388)       2311                     -                                                       
   RBB_15/CLK                 RBB_6L       15  [TILE 0 0, RBB 4 22]          -     r            2311                                                       
   ----------------------------------------------------------------------------------------------------------------------------------------------------------
   RBB_15/CQ                  RBB_6L       15  [TILE 0 0, RBB 4 22]        800     r            3111     {inst64: u_spi.rx_shift_FDCE_Q_1 (FDCE,site=cff)} 
   u_spi.rx_shift[5]          Net          16            (fanout=2)       1408                     -                                                       
   RBB_15/D6                  RBB_6L       15  [TILE 0 0, RBB 4 22]          -     r            4519     {inst63: u_spi.rx_shift_FDCE_Q (FDCE,site=dff)}   
   ----------------------------------------------------------------------------------------------------------------------------------------------------------
   RBB_15/CLK                 RBB_6L       15  [TILE 0 0, RBB 4 22]        584     r            5103                                                       
   clk                        Clock net     2          (fanout=388)      -2311                     -                                                       
   clk                        CLOCK-PORT    -                     -    capture     r            2792                                                       
   ----------------------------------------------------------------------------------------------------------------------------------------------------------


Path 121:
   Slack (not met):                          -914ps
     Path type:                               SETUP
     Group:                              <UDEF_clk>
     Launching clock:                           clk (rising edge)
     Capturing clock:                           clk (rising edge)

     Requested period:                       2000ps
   + Delay of the capturing clock:           2311ps
   - Clock uncertainty:                       150ps
   = Required time:                          4161ps
   - Propagation time:                       2764ps (71.2% logic, 28.8% route, logic stage 1)
   - Delay of the launching clock:           2311ps
   = Slack:                                  -914ps

   Instance/Pin or Net Name   Type         ID    Location or Fanout   Delay(ps)  Edge  Arrival Time(ps)    Instance detail                                  
   -----------------------------------------------------------------------------------------------------------------------------------------------------------
   clk                        CLOCK-PORT    -                     -     launch     r               0                                                        
   clk                        Clock net     2          (fanout=388)       2311                     -                                                        
   RBB_15/CLK                 RBB_6L       15  [TILE 0 0, RBB 4 22]          -     r            2311                                                        
   -----------------------------------------------------------------------------------------------------------------------------------------------------------
   RBB_15/DMUX                RBB_6L       15  [TILE 0 0, RBB 4 22]       1423     r            3734     {inst65: u_spi.rx_shift_FDCE_Q_2 (FDCE,site=dffo)} 
   u_spi.rx_shift[4]          Net          15            (fanout=2)        796                     -                                                        
   RBB_15/C6                  RBB_6L       15  [TILE 0 0, RBB 4 22]          -     r            4530     {inst64: u_spi.rx_shift_FDCE_Q_1 (FDCE,site=cff)}  
   -----------------------------------------------------------------------------------------------------------------------------------------------------------
   RBB_15/CLK                 RBB_6L       15  [TILE 0 0, RBB 4 22]        545     r            5075                                                        
   clk                        Clock net     2          (fanout=388)      -2311                     -                                                        
   clk                        CLOCK-PORT    -                     -    capture     r            2764                                                        
   -----------------------------------------------------------------------------------------------------------------------------------------------------------


Path 133:
   Slack (not met):                          -886ps
     Path type:                               SETUP
     Group:                              <UDEF_clk>
     Launching clock:                           clk (rising edge)
     Capturing clock:                           clk (rising edge)

     Requested period:                       2000ps
   + Delay of the capturing clock:           2273ps
   - Clock uncertainty:                       150ps
   = Required time:                          4123ps
   - Propagation time:                       2736ps (60.6% logic, 39.4% route, logic stage 1)
   - Delay of the launching clock:           2273ps
   = Slack:                                  -886ps

   Instance/Pin or Net Name                                                                                    Type         ID     Location or Fanout   Delay(ps)  Edge  Arrival Time(ps)    Instance detail                                                                                                                                                                                                                                          
   -----------------------------------------------------------------------------------------------------------------------------------------------------------------------------------------------------------------------------------------------------------------------------------------------------------------------------------------------------------------------------------------------------------------------------------------------------
   clk                                                                                                         CLOCK-PORT    -                      -     launch     r               0                                                                                                                                                                                                                                                                
   clk                                                                                                         Clock net     2           (fanout=388)       2273                     -                                                                                                                                                                                                                                                                
   RBB_14/CLK                                                                                                  RBB_6L       14  [TILE 0 0, RBB 25 16]          -     r            2273                                                                                                                                                                                                                                                                
   -----------------------------------------------------------------------------------------------------------------------------------------------------------------------------------------------------------------------------------------------------------------------------------------------------------------------------------------------------------------------------------------------------------------------------------------------------
   RBB_14/CQ                                                                                                   RBB_6L       14  [TILE 0 0, RBB 25 16]        800     r            3073     {inst33: spi_miso_FDCE_Q_D_LUT6_O_I0_FDCE_Q_D_LUT6_O_I0_FDCE_Q_D_LUT6_O_I0_FDCE_Q_D_LUT6_O_I0_FDCE_Q_D_LUT6_O_I0_FDCE_Q (FDCE,site=cff)}                                                                                                                   
   spi_miso_FDCE_Q_D_LUT6_O_I0_FDCE_Q_D_LUT6_O_I0_FDCE_Q_D_LUT6_O_I0_FDCE_Q_D_LUT6_O_I0_FDCE_Q_D_LUT6_O_I0[0]  Net          46             (fanout=1)       1077                     -                                                                                                                                                                                                                                                                
   RBB_14/D1                                                                                                   RBB_6L       14  [TILE 0 0, RBB 25 16]          -     r            4150     {inst32: spi_miso_FDCE_Q_D_LUT6_O_I0_FDCE_Q_D_LUT6_O_I0_FDCE_Q_D_LUT6_O_I0_FDCE_Q_D_LUT6_O_I0_FDCE_Q_D_LUT6_O (LUT,site=dlut,dluto)} {inst30: spi_miso_FDCE_Q_D_LUT6_O_I0_FDCE_Q_D_LUT6_O_I0_FDCE_Q_D_LUT6_O_I0_FDCE_Q_D_LUT6_O_I0_FDCE_Q (FDCE,site=dff)} 
   -----------------------------------------------------------------------------------------------------------------------------------------------------------------------------------------------------------------------------------------------------------------------------------------------------------------------------------------------------------------------------------------------------------------------------------------------------
   RBB_14/CLK                                                                                                  RBB_6L       14  [TILE 0 0, RBB 25 16]        859     r            5009                                                                                                                                                                                                                                                                
   clk                                                                                                         Clock net     2           (fanout=388)      -2273                     -                                                                                                                                                                                                                                                                
   clk                                                                                                         CLOCK-PORT    -                      -    capture     r            2736                                                                                                                                                                                                                                                                
   -----------------------------------------------------------------------------------------------------------------------------------------------------------------------------------------------------------------------------------------------------------------------------------------------------------------------------------------------------------------------------------------------------------------------------------------------------


Path 119:
   Slack (not met):                          -871ps
     Path type:                               SETUP
     Group:                              <UDEF_clk>
     Launching clock:                           clk (rising edge)
     Capturing clock:                           clk (rising edge)

     Requested period:                       2000ps
   + Delay of the capturing clock:           2347ps
   - Clock uncertainty:                       150ps
   = Required time:                          4197ps
   - Propagation time:                       2721ps (78.8% logic, 21.2% route, logic stage 1)
   - Delay of the launching clock:           2347ps
   = Slack:                                  -871ps

   Instance/Pin or Net Name   Type         ID     Location or Fanout   Delay(ps)  Edge  Arrival Time(ps)    Instance detail                                                                                                                                                               
   -----------------------------------------------------------------------------------------------------------------------------------------------------------------------------------------------------------------------------------------------------------------------------------------
   clk                        CLOCK-PORT    -                      -     launch     r               0                                                                                                                                                                                     
   clk                        Clock net     2           (fanout=388)       2347                     -                                                                                                                                                                                     
   RBB_10/CLK                 RBB_6L       10  [TILE 0 0, RBB 19 20]          -     r            2347                                                                                                                                                                                     
   -----------------------------------------------------------------------------------------------------------------------------------------------------------------------------------------------------------------------------------------------------------------------------------------
   RBB_10/BMUX                RBB_6L       10  [TILE 0 0, RBB 19 20]       1350     r            3697     {inst59: u_spi.r_ss_n_sync_FDPE_Q (FDP,site=bffo)}                                                                                                                              
   u_spi.r_ss_n_sync[1]       Net           7             (fanout=5)        576                     -                                                                                                                                                                                     
   RBB_10/B3                  RBB_6L       10  [TILE 0 0, RBB 19 20]          -     r            4273     {inst51: spi_mosi_FDCE_D_Q_FDCE_Q_D_LUT4_O_I3_CARRY4_O_O_1_LUT4_I3 (LUT,site=blut)} {inst52: spi_mosi_FDCE_D_Q_FDCE_Q_D_LUT4_O_I3_CARRY4_O_O_1_LUT4_I3_O_FDCE_D (FDC,site=bff)} 
   -----------------------------------------------------------------------------------------------------------------------------------------------------------------------------------------------------------------------------------------------------------------------------------------
   RBB_10/CLK                 RBB_6L       10  [TILE 0 0, RBB 19 20]        795     r            5068                                                                                                                                                                                     
   clk                        Clock net     2           (fanout=388)      -2347                     -                                                                                                                                                                                     
   clk                        CLOCK-PORT    -                      -    capture     r            2721                                                                                                                                                                                     
   -----------------------------------------------------------------------------------------------------------------------------------------------------------------------------------------------------------------------------------------------------------------------------------------













