Timing Summary
==============

   POST-ROUTE

         Group  No. Clocks  No. Clock Pairs  WNS(ps)  TNS(ps)  TNS Endpoints      
   -----------  ----------  ---------------  -------  -------  -------------      
    <UDEF_clk>           1                1    -6320  -470490            143      




Clocks
======

            Clock    Clock net        Group  Constrained Period(ps)      Waveform(ps)   Achievable Period(ps)  Achievable Frequency(MHz)
   --------------  -----------  -----------  ----------------------  -----------------  ---------------------  -------------------------
              clk          clk   <UDEF_clk>           (auto) 2000            (0,1000)                   8319                    120.207 




Clock Relationships
===================

       From Clock        To Clock               Group    Endpoints     WNS(ps)    TNS(ps)  TNS Endpoints
   --------------  --------------  ------------------  -----------  ----------  ---------  -------------
              clk             clk          <UDEF_clk>          143       -6320    -470490            143




Timing Details for Clock Pair clk and clk
=========================================

       From Clock        To Clock               Group    Endpoints     WNS(ps)    TNS(ps)  TNS Endpoints
   --------------  --------------  ------------------  -----------  ----------  ---------  -------------
              clk             clk          <UDEF_clk>          143       -6320    -470490            143

Path 283:
   Slack (not met):                         -6320ps
     Path type:                               SETUP
     Group:                              <UDEF_clk>
     Launching clock:                           clk (rising edge)
     Capturing clock:                           clk (rising edge)

     Requested period:                       2000ps
   + Delay of the capturing clock:           2273ps
   - Clock uncertainty:                       150ps
   = Required time:                          4123ps
   - Propagation time:                       8119ps (53.6% logic, 46.4% route, logic stage 3)
   - Delay of the launching clock:           2324ps
   = Slack:                                 -6320ps

   Instance/Pin or Net Name   Type         ID     Location or Fanout   Delay(ps)  Edge  Arrival Time(ps)    Instance detail                                                                                                                            
   ------------------------------------------------------------------------------------------------------------------------------------------------------------------------------------------------------------------------------------------------------
   clk                        CLOCK-PORT    -                      -     launch     r               0                                                                                                                                                  
   clk                        Clock net     2           (fanout=388)       2324                     -                                                                                                                                                  
   RBB_6/CLK                  RBB_6L        6   [TILE 0 0, RBB 1 24]          -     r            2324                                                                                                                                                  
   ------------------------------------------------------------------------------------------------------------------------------------------------------------------------------------------------------------------------------------------------------
   RBB_6/CQ                   RBB_6L        6   [TILE 0 0, RBB 1 24]        800     r            3124     {inst15: por_FDRE_Q_1 (FDE,site=cff)}                                                                                                        
   por[2]                     Net          26             (fanout=1)       1050                     -                                                                                                                                                  
   RBB_6/C1                   RBB_6L        6   [TILE 0 0, RBB 1 24]          -     r            4174                                                                                                                                                  
   RBB_6/DMUX                 RBB_6L        6   [TILE 0 0, RBB 1 24]       1831     r            6005     {inst12: por_CARRY4_S (CARRY4)}                                                                                                              
   por_CARRY4_S_CO            Net          73             (fanout=1)       1058                     -                                                                                                                                                  
   RBB_8/D2                   RBB_6L        8  [TILE 0 0, RBB 10 26]          -     r            7063                                                                                                                                                  
   RBB_8/D                    RBB_6L        8  [TILE 0 0, RBB 10 26]        703     r            7766     {inst13: por_CARRY4_S_CO_INV_I (LUT,site=dlut)}                                                                                              
   por_CARRY4_S_CO_INV_I_O    Net          31            (fanout=14)       1656                     -                                                                                                                                                  
   RBB_14/A6                  RBB_6L       14  [TILE 0 0, RBB 25 16]          -     r            9422     {<SR>inst33: spi_miso_FDCE_Q_D_LUT6_O_I0_FDCE_Q_D_LUT6_O_I0_FDCE_Q_D_LUT6_O_I0_FDCE_Q_D_LUT6_O_I0_FDCE_Q_D_LUT6_O_I0_FDCE_Q (FDCE,site=cff)} 
   ------------------------------------------------------------------------------------------------------------------------------------------------------------------------------------------------------------------------------------------------------
   RBB_14/CLK                 RBB_6L       14  [TILE 0 0, RBB 25 16]       1021     r           10443                                                                                                                                                  
   clk                        Clock net     2           (fanout=388)      -2273                     -                                                                                                                                                  
   clk                        CLOCK-PORT    -                      -    capture     r            8170                                                                                                                                                  
   ------------------------------------------------------------------------------------------------------------------------------------------------------------------------------------------------------------------------------------------------------


Path 284:
   Slack (not met):                         -6320ps
     Path type:                               SETUP
     Group:                              <UDEF_clk>
     Launching clock:                           clk (rising edge)
     Capturing clock:                           clk (rising edge)

     Requested period:                       2000ps
   + Delay of the capturing clock:           2273ps
   - Clock uncertainty:                       150ps
   = Required time:                          4123ps
   - Propagation time:                       8119ps (53.6% logic, 46.4% route, logic stage 3)
   - Delay of the launching clock:           2324ps
   = Slack:                                 -6320ps

   Instance/Pin or Net Name   Type         ID     Location or Fanout   Delay(ps)  Edge  Arrival Time(ps)    Instance detail                                                                                                         
   -----------------------------------------------------------------------------------------------------------------------------------------------------------------------------------------------------------------------------------
   clk                        CLOCK-PORT    -                      -     launch     r               0                                                                                                                               
   clk                        Clock net     2           (fanout=388)       2324                     -                                                                                                                               
   RBB_6/CLK                  RBB_6L        6   [TILE 0 0, RBB 1 24]          -     r            2324                                                                                                                               
   -----------------------------------------------------------------------------------------------------------------------------------------------------------------------------------------------------------------------------------
   RBB_6/CQ                   RBB_6L        6   [TILE 0 0, RBB 1 24]        800     r            3124     {inst15: por_FDRE_Q_1 (FDE,site=cff)}                                                                                     
   por[2]                     Net          26             (fanout=1)       1050                     -                                                                                                                               
   RBB_6/C1                   RBB_6L        6   [TILE 0 0, RBB 1 24]          -     r            4174                                                                                                                               
   RBB_6/DMUX                 RBB_6L        6   [TILE 0 0, RBB 1 24]       1831     r            6005     {inst12: por_CARRY4_S (CARRY4)}                                                                                           
   por_CARRY4_S_CO            Net          73             (fanout=1)       1058                     -                                                                                                                               
   RBB_8/D2                   RBB_6L        8  [TILE 0 0, RBB 10 26]          -     r            7063                                                                                                                               
   RBB_8/D                    RBB_6L        8  [TILE 0 0, RBB 10 26]        703     r            7766     {inst13: por_CARRY4_S_CO_INV_I (LUT,site=dlut)}                                                                           
   por_CARRY4_S_CO_INV_I_O    Net          31            (fanout=14)       1656                     -                                                                                                                               
   RBB_14/A6                  RBB_6L       14  [TILE 0 0, RBB 25 16]          -     r            9422     {<SR>inst30: spi_miso_FDCE_Q_D_LUT6_O_I0_FDCE_Q_D_LUT6_O_I0_FDCE_Q_D_LUT6_O_I0_FDCE_Q_D_LUT6_O_I0_FDCE_Q (FDCE,site=dff)} 
   -----------------------------------------------------------------------------------------------------------------------------------------------------------------------------------------------------------------------------------
   RBB_14/CLK                 RBB_6L       14  [TILE 0 0, RBB 25 16]       1021     r           10443                                                                                                                               
   clk                        Clock net     2           (fanout=388)      -2273                     -                                                                                                                               
   clk                        CLOCK-PORT    -                      -    capture     r            8170                                                                                                                               
   -----------------------------------------------------------------------------------------------------------------------------------------------------------------------------------------------------------------------------------


Path 285:
   Slack (not met):                         -6320ps
     Path type:                               SETUP
     Group:                              <UDEF_clk>
     Launching clock:                           clk (rising edge)
     Capturing clock:                           clk (rising edge)

     Requested period:                       2000ps
   + Delay of the capturing clock:           2273ps
   - Clock uncertainty:                       150ps
   = Required time:                          4123ps
   - Propagation time:                       8119ps (53.6% logic, 46.4% route, logic stage 3)
   - Delay of the launching clock:           2324ps
   = Slack:                                 -6320ps

   Instance/Pin or Net Name   Type         ID     Location or Fanout   Delay(ps)  Edge  Arrival Time(ps)    Instance detail                                                                                                                                               
   -------------------------------------------------------------------------------------------------------------------------------------------------------------------------------------------------------------------------------------------------------------------------
   clk                        CLOCK-PORT    -                      -     launch     r               0                                                                                                                                                                     
   clk                        Clock net     2           (fanout=388)       2324                     -                                                                                                                                                                     
   RBB_6/CLK                  RBB_6L        6   [TILE 0 0, RBB 1 24]          -     r            2324                                                                                                                                                                     
   -------------------------------------------------------------------------------------------------------------------------------------------------------------------------------------------------------------------------------------------------------------------------
   RBB_6/CQ                   RBB_6L        6   [TILE 0 0, RBB 1 24]        800     r            3124     {inst15: por_FDRE_Q_1 (FDE,site=cff)}                                                                                                                           
   por[2]                     Net          26             (fanout=1)       1050                     -                                                                                                                                                                     
   RBB_6/C1                   RBB_6L        6   [TILE 0 0, RBB 1 24]          -     r            4174                                                                                                                                                                     
   RBB_6/DMUX                 RBB_6L        6   [TILE 0 0, RBB 1 24]       1831     r            6005     {inst12: por_CARRY4_S (CARRY4)}                                                                                                                                 
   por_CARRY4_S_CO            Net          73             (fanout=1)       1058                     -                                                                                                                                                                     
   RBB_8/D2                   RBB_6L        8  [TILE 0 0, RBB 10 26]          -     r            7063                                                                                                                                                                     
   RBB_8/D                    RBB_6L        8  [TILE 0 0, RBB 10 26]        703     r            7766     {inst13: por_CARRY4_S_CO_INV_I (LUT,site=dlut)}                                                                                                                 
   por_CARRY4_S_CO_INV_I_O    Net          31            (fanout=14)       1656                     -                                                                                                                                                                     
   RBB_14/A6                  RBB_6L       14  [TILE 0 0, RBB 25 16]          -     r            9422     {<SR>inst36: spi_miso_FDCE_Q_D_LUT6_O_I0_FDCE_Q_D_LUT6_O_I0_FDCE_Q_D_LUT6_O_I0_FDCE_Q_D_LUT6_O_I0_FDCE_Q_D_LUT6_O_I0_FDCE_Q_D_LUT6_O_I0_FDCE_Q (FDCE,site=bff)} 
   -------------------------------------------------------------------------------------------------------------------------------------------------------------------------------------------------------------------------------------------------------------------------
   RBB_14/CLK                 RBB_6L       14  [TILE 0 0, RBB 25 16]       1021     r           10443                                                                                                                                                                     
   clk                        Clock net     2           (fanout=388)      -2273                     -                                                                                                                                                                     
   clk                        CLOCK-PORT    -                      -    capture     r            8170                                                                                                                                                                     
   -------------------------------------------------------------------------------------------------------------------------------------------------------------------------------------------------------------------------------------------------------------------------


Path 286:
   Slack (not met):                         -6187ps
     Path type:                               SETUP
     Group:                              <UDEF_clk>
     Launching clock:                           clk (rising edge)
     Capturing clock:                           clk (rising edge)

     Requested period:                       2000ps
   + Delay of the capturing clock:           2325ps
   - Clock uncertainty:                       150ps
   = Required time:                          4175ps
   - Propagation time:                       8038ps (53.8% logic, 46.2% route, logic stage 3)
   - Delay of the launching clock:           2324ps
   = Slack:                                 -6187ps

   Instance/Pin or Net Name   Type         ID     Location or Fanout   Delay(ps)  Edge  Arrival Time(ps)    Instance detail                                               
   -------------------------------------------------------------------------------------------------------------------------------------------------------------------------
   clk                        CLOCK-PORT    -                      -     launch     r               0                                                                     
   clk                        Clock net     2           (fanout=388)       2324                     -                                                                     
   RBB_6/CLK                  RBB_6L        6   [TILE 0 0, RBB 1 24]          -     r            2324                                                                     
   -------------------------------------------------------------------------------------------------------------------------------------------------------------------------
   RBB_6/CQ                   RBB_6L        6   [TILE 0 0, RBB 1 24]        800     r            3124     {inst15: por_FDRE_Q_1 (FDE,site=cff)}                           
   por[2]                     Net          26             (fanout=1)       1050                     -                                                                     
   RBB_6/C1                   RBB_6L        6   [TILE 0 0, RBB 1 24]          -     r            4174                                                                     
   RBB_6/DMUX                 RBB_6L        6   [TILE 0 0, RBB 1 24]       1831     r            6005     {inst12: por_CARRY4_S (CARRY4)}                                 
   por_CARRY4_S_CO            Net          73             (fanout=1)       1058                     -                                                                     
   RBB_8/D2                   RBB_6L        8  [TILE 0 0, RBB 10 26]          -     r            7063                                                                     
   RBB_8/D                    RBB_6L        8  [TILE 0 0, RBB 10 26]        703     r            7766     {inst13: por_CARRY4_S_CO_INV_I (LUT,site=dlut)}                 
   por_CARRY4_S_CO_INV_I_O    Net          31            (fanout=14)       1609                     -                                                                     
   RBB_11/A6                  RBB_6L       11  [TILE 0 0, RBB 22 18]          -     r            9375     {<SR>inst62: u_spi.r_ss_n_sync_LUT3_I1_O_FDCE_D (FDC,site=dff)} 
   -------------------------------------------------------------------------------------------------------------------------------------------------------------------------
   RBB_11/CLK                 RBB_6L       11  [TILE 0 0, RBB 22 18]        987     r           10362                                                                     
   clk                        Clock net     2           (fanout=388)      -2325                     -                                                                     
   clk                        CLOCK-PORT    -                      -    capture     r            8037                                                                     
   -------------------------------------------------------------------------------------------------------------------------------------------------------------------------


Path 287:
   Slack (not met):                         -6113ps
     Path type:                               SETUP
     Group:                              <UDEF_clk>
     Launching clock:                           clk (rising edge)
     Capturing clock:                           clk (rising edge)

     Requested period:                       2000ps
   + Delay of the capturing clock:           2324ps
   - Clock uncertainty:                       150ps
   = Required time:                          4174ps
   - Propagation time:                       7963ps (56.9% logic, 43.1% route, logic stage 3)
   - Delay of the launching clock:           2324ps
   = Slack:                                 -6113ps

   Instance/Pin or Net Name   Type         ID     Location or Fanout   Delay(ps)  Edge  Arrival Time(ps)    Instance detail                               
   ---------------------------------------------------------------------------------------------------------------------------------------------------------
   clk                        CLOCK-PORT    -                      -     launch     r               0                                                     
   clk                        Clock net     2           (fanout=388)       2324                     -                                                     
   RBB_6/CLK                  RBB_6L        6   [TILE 0 0, RBB 1 24]          -     r            2324                                                     
   ---------------------------------------------------------------------------------------------------------------------------------------------------------
   RBB_6/CQ                   RBB_6L        6   [TILE 0 0, RBB 1 24]        800     r            3124     {inst15: por_FDRE_Q_1 (FDE,site=cff)}           
   por[2]                     Net          26             (fanout=1)       1050                     -                                                     
   RBB_6/C1                   RBB_6L        6   [TILE 0 0, RBB 1 24]          -     r            4174                                                     
   RBB_6/DMUX                 RBB_6L        6   [TILE 0 0, RBB 1 24]       1831     r            6005     {inst12: por_CARRY4_S (CARRY4)}                 
   por_CARRY4_S_CO            Net          73             (fanout=1)       1058                     -                                                     
   RBB_8/D2                   RBB_6L        8  [TILE 0 0, RBB 10 26]          -     r            7063                                                     
   RBB_8/D                    RBB_6L        8  [TILE 0 0, RBB 10 26]        703     r            7766     {inst13: por_CARRY4_S_CO_INV_I (LUT,site=dlut)} 
   por_CARRY4_S_CO_INV_I_O    Net          31            (fanout=14)       1322                     -                                                     
   RBB_6/A6                   RBB_6L        6   [TILE 0 0, RBB 1 24]          -     r            9088     {<CE>inst14: por_FDRE_Q (FDE,site=dff)}         
   ---------------------------------------------------------------------------------------------------------------------------------------------------------
   RBB_6/CLK                  RBB_6L        6   [TILE 0 0, RBB 1 24]       1199     r           10287                                                     
   clk                        Clock net     2           (fanout=388)      -2324                     -                                                     
   clk                        CLOCK-PORT    -                      -    capture     r            7963                                                     
   ---------------------------------------------------------------------------------------------------------------------------------------------------------


Path 288:
   Slack (not met):                         -6055ps
     Path type:                               SETUP
     Group:                              <UDEF_clk>
     Launching clock:                           clk (rising edge)
     Capturing clock:                           clk (rising edge)

     Requested period:                       2000ps
   + Delay of the capturing clock:           2324ps
   - Clock uncertainty:                       150ps
   = Required time:                          4174ps
   - Propagation time:                       7905ps (56.6% logic, 43.4% route, logic stage 3)
   - Delay of the launching clock:           2324ps
   = Slack:                                 -6055ps

   Instance/Pin or Net Name   Type         ID     Location or Fanout   Delay(ps)  Edge  Arrival Time(ps)    Instance detail                               
   ---------------------------------------------------------------------------------------------------------------------------------------------------------
   clk                        CLOCK-PORT    -                      -     launch     r               0                                                     
   clk                        Clock net     2           (fanout=388)       2324                     -                                                     
   RBB_6/CLK                  RBB_6L        6   [TILE 0 0, RBB 1 24]          -     r            2324                                                     
   ---------------------------------------------------------------------------------------------------------------------------------------------------------
   RBB_6/CQ                   RBB_6L        6   [TILE 0 0, RBB 1 24]        800     r            3124     {inst15: por_FDRE_Q_1 (FDE,site=cff)}           
   por[2]                     Net          26             (fanout=1)       1050                     -                                                     
   RBB_6/C1                   RBB_6L        6   [TILE 0 0, RBB 1 24]          -     r            4174                                                     
   RBB_6/DMUX                 RBB_6L        6   [TILE 0 0, RBB 1 24]       1831     r            6005     {inst12: por_CARRY4_S (CARRY4)}                 
   por_CARRY4_S_CO            Net          73             (fanout=1)       1058                     -                                                     
   RBB_8/D2                   RBB_6L        8  [TILE 0 0, RBB 10 26]          -     r            7063                                                     
   RBB_8/D                    RBB_6L        8  [TILE 0 0, RBB 10 26]        703     r            7766     {inst13: por_CARRY4_S_CO_INV_I (LUT,site=dlut)} 
   por_CARRY4_S_CO_INV_I_O    Net          31            (fanout=14)       1322                     -                                                     
   RBB_6/A6                   RBB_6L        6   [TILE 0 0, RBB 1 24]          -     r            9088     {<CE>inst15: por_FDRE_Q_1 (FDE,site=cff)}       
   ---------------------------------------------------------------------------------------------------------------------------------------------------------
   RBB_6/CLK                  RBB_6L        6   [TILE 0 0, RBB 1 24]       1141     r           10229                                                     
   clk                        Clock net     2           (fanout=388)      -2324                     -                                                     
   clk                        CLOCK-PORT    -                      -    capture     r            7905                                                     
   ---------------------------------------------------------------------------------------------------------------------------------------------------------


Path 289:
   Slack (not met):                         -5887ps
     Path type:                               SETUP
     Group:                              <UDEF_clk>
     Launching clock:                           clk (rising edge)
     Capturing clock:                           clk (rising edge)

     Requested period:                       2000ps
   + Delay of the capturing clock:           2324ps
   - Clock uncertainty:                       150ps
   = Required time:                          4174ps
   - Propagation time:                       7737ps (55.7% logic, 44.3% route, logic stage 3)
   - Delay of the launching clock:           2324ps
   = Slack:                                 -5887ps

   Instance/Pin or Net Name   Type         ID     Location or Fanout   Delay(ps)  Edge  Arrival Time(ps)    Instance detail                               
   ---------------------------------------------------------------------------------------------------------------------------------------------------------
   clk                        CLOCK-PORT    -                      -     launch     r               0                                                     
   clk                        Clock net     2           (fanout=388)       2324                     -                                                     
   RBB_6/CLK                  RBB_6L        6   [TILE 0 0, RBB 1 24]          -     r            2324                                                     
   ---------------------------------------------------------------------------------------------------------------------------------------------------------
   RBB_6/CQ                   RBB_6L        6   [TILE 0 0, RBB 1 24]        800     r            3124     {inst15: por_FDRE_Q_1 (FDE,site=cff)}           
   por[2]                     Net          26             (fanout=1)       1050                     -                                                     
   RBB_6/C1                   RBB_6L        6   [TILE 0 0, RBB 1 24]          -     r            4174                                                     
   RBB_6/DMUX                 RBB_6L        6   [TILE 0 0, RBB 1 24]       1831     r            6005     {inst12: por_CARRY4_S (CARRY4)}                 
   por_CARRY4_S_CO            Net          73             (fanout=1)       1058                     -                                                     
   RBB_8/D2                   RBB_6L        8  [TILE 0 0, RBB 10 26]          -     r            7063                                                     
   RBB_8/D                    RBB_6L        8  [TILE 0 0, RBB 10 26]        703     r            7766     {inst13: por_CARRY4_S_CO_INV_I (LUT,site=dlut)} 
   por_CARRY4_S_CO_INV_I_O    Net          31            (fanout=14)       1322                     -                                                     
   RBB_6/A6                   RBB_6L        6   [TILE 0 0, RBB 1 24]          -     r            9088     {<CE>inst16: por_FDRE_Q_2 (FDE,site=bff)}       
   ---------------------------------------------------------------------------------------------------------------------------------------------------------
   RBB_6/CLK                  RBB_6L        6   [TILE 0 0, RBB 1 24]        973     r           10061                                                     
   clk                        Clock net     2           (fanout=388)      -2324                     -                                                     
   clk                        CLOCK-PORT    -                      -    capture     r            7737                                                     
   ---------------------------------------------------------------------------------------------------------------------------------------------------------


Path 290:
   Slack (not met):                         -5832ps
     Path type:                               SETUP
     Group:                              <UDEF_clk>
     Launching clock:                           clk (rising edge)
     Capturing clock:                           clk (rising edge)

     Requested period:                       2000ps
   + Delay of the capturing clock:           2324ps
   - Clock uncertainty:                       150ps
   = Required time:                          4174ps
   - Propagation time:                       7682ps (55.8% logic, 44.2% route, logic stage 3)
   - Delay of the launching clock:           2324ps
   = Slack:                                 -5832ps

   Instance/Pin or Net Name   Type         ID     Location or Fanout   Delay(ps)  Edge  Arrival Time(ps)    Instance detail                                                      
   --------------------------------------------------------------------------------------------------------------------------------------------------------------------------------
   clk                        CLOCK-PORT    -                      -     launch     r               0                                                                            
   clk                        Clock net     2           (fanout=388)       2324                     -                                                                            
   RBB_6/CLK                  RBB_6L        6   [TILE 0 0, RBB 1 24]          -     r            2324                                                                            
   --------------------------------------------------------------------------------------------------------------------------------------------------------------------------------
   RBB_6/CQ                   RBB_6L        6   [TILE 0 0, RBB 1 24]        800     r            3124     {inst15: por_FDRE_Q_1 (FDE,site=cff)}                                  
   por[2]                     Net          26             (fanout=1)       1050                     -                                                                            
   RBB_6/C1                   RBB_6L        6   [TILE 0 0, RBB 1 24]          -     r            4174                                                                            
   RBB_6/DMUX                 RBB_6L        6   [TILE 0 0, RBB 1 24]       1831     r            6005     {inst12: por_CARRY4_S (CARRY4)}                                        
   por_CARRY4_S_CO            Net          73             (fanout=1)       1058                     -                                                                            
   RBB_8/D2                   RBB_6L        8  [TILE 0 0, RBB 10 26]          -     r            7063                                                                            
   RBB_8/D                    RBB_6L        8  [TILE 0 0, RBB 10 26]        703     r            7766     {inst13: por_CARRY4_S_CO_INV_I (LUT,site=dlut)}                        
   por_CARRY4_S_CO_INV_I_O    Net          31            (fanout=14)       1285                     -                                                                            
   RBB_0/SR                   IOB           0   [TILE 0 0, RBB 0 25]          -     r            9051     {inst11: led_FDRE_Q (FDRE)} {(output_port) inst74: g_74_led_obuf (IO)} 
   --------------------------------------------------------------------------------------------------------------------------------------------------------------------------------
   RBB_0/CLK                  IOB           0   [TILE 0 0, RBB 0 25]        955     r           10006                                                                            
   clk                        Clock net     2           (fanout=388)      -2324                     -                                                                            
   clk                        CLOCK-PORT    -                      -    capture     r            7682                                                                            
   --------------------------------------------------------------------------------------------------------------------------------------------------------------------------------


Path 291:
   Slack (not met):                         -5794ps
     Path type:                               SETUP
     Group:                              <UDEF_clk>
     Launching clock:                           clk (rising edge)
     Capturing clock:                           clk (rising edge)

     Requested period:                       2000ps
   + Delay of the capturing clock:           2311ps
   - Clock uncertainty:                       150ps
   = Required time:                          4161ps
   - Propagation time:                       7631ps (54.8% logic, 45.2% route, logic stage 3)
   - Delay of the launching clock:           2324ps
   = Slack:                                 -5794ps

   Instance/Pin or Net Name   Type         ID     Location or Fanout   Delay(ps)  Edge  Arrival Time(ps)    Instance detail                                     
   ---------------------------------------------------------------------------------------------------------------------------------------------------------------
   clk                        CLOCK-PORT    -                      -     launch     r               0                                                           
   clk                        Clock net     2           (fanout=388)       2324                     -                                                           
   RBB_6/CLK                  RBB_6L        6   [TILE 0 0, RBB 1 24]          -     r            2324                                                           
   ---------------------------------------------------------------------------------------------------------------------------------------------------------------
   RBB_6/CQ                   RBB_6L        6   [TILE 0 0, RBB 1 24]        800     r            3124     {inst15: por_FDRE_Q_1 (FDE,site=cff)}                 
   por[2]                     Net          26             (fanout=1)       1050                     -                                                           
   RBB_6/C1                   RBB_6L        6   [TILE 0 0, RBB 1 24]          -     r            4174                                                           
   RBB_6/DMUX                 RBB_6L        6   [TILE 0 0, RBB 1 24]       1831     r            6005     {inst12: por_CARRY4_S (CARRY4)}                       
   por_CARRY4_S_CO            Net          73             (fanout=1)       1058                     -                                                           
   RBB_8/D2                   RBB_6L        8  [TILE 0 0, RBB 10 26]          -     r            7063                                                           
   RBB_8/D                    RBB_6L        8  [TILE 0 0, RBB 10 26]        703     r            7766     {inst13: por_CARRY4_S_CO_INV_I (LUT,site=dlut)}       
   por_CARRY4_S_CO_INV_I_O    Net          31            (fanout=14)       1345                     -                                                           
   RBB_15/B6                  RBB_6L       15   [TILE 0 0, RBB 4 22]          -     r            9111     {<SR>inst67: u_spi.rx_shift_FDCE_Q_4 (FDCE,site=bff)} 
   ---------------------------------------------------------------------------------------------------------------------------------------------------------------
   RBB_15/CLK                 RBB_6L       15   [TILE 0 0, RBB 4 22]        844     r            9955                                                           
   clk                        Clock net     2           (fanout=388)      -2311                     -                                                           
   clk                        CLOCK-PORT    -                      -    capture     r            7644                                                           
   ---------------------------------------------------------------------------------------------------------------------------------------------------------------


Path 292:
   Slack (not met):                         -5794ps
     Path type:                               SETUP
     Group:                              <UDEF_clk>
     Launching clock:                           clk (rising edge)
     Capturing clock:                           clk (rising edge)

     Requested period:                       2000ps
   + Delay of the capturing clock:           2311ps
   - Clock uncertainty:                       150ps
   = Required time:                          4161ps
   - Propagation time:                       7631ps (54.8% logic, 45.2% route, logic stage 3)
   - Delay of the launching clock:           2324ps
   = Slack:                                 -5794ps

   Instance/Pin or Net Name   Type         ID     Location or Fanout   Delay(ps)  Edge  Arrival Time(ps)    Instance detail                                     
   ---------------------------------------------------------------------------------------------------------------------------------------------------------------
   clk                        CLOCK-PORT    -                      -     launch     r               0                                                           
   clk                        Clock net     2           (fanout=388)       2324                     -                                                           
   RBB_6/CLK                  RBB_6L        6   [TILE 0 0, RBB 1 24]          -     r            2324                                                           
   ---------------------------------------------------------------------------------------------------------------------------------------------------------------
   RBB_6/CQ                   RBB_6L        6   [TILE 0 0, RBB 1 24]        800     r            3124     {inst15: por_FDRE_Q_1 (FDE,site=cff)}                 
   por[2]                     Net          26             (fanout=1)       1050                     -                                                           
   RBB_6/C1                   RBB_6L        6   [TILE 0 0, RBB 1 24]          -     r            4174                                                           
   RBB_6/DMUX                 RBB_6L        6   [TILE 0 0, RBB 1 24]       1831     r            6005     {inst12: por_CARRY4_S (CARRY4)}                       
   por_CARRY4_S_CO            Net          73             (fanout=1)       1058                     -                                                           
   RBB_8/D2                   RBB_6L        8  [TILE 0 0, RBB 10 26]          -     r            7063                                                           
   RBB_8/D                    RBB_6L        8  [TILE 0 0, RBB 10 26]        703     r            7766     {inst13: por_CARRY4_S_CO_INV_I (LUT,site=dlut)}       
   por_CARRY4_S_CO_INV_I_O    Net          31            (fanout=14)       1345                     -                                                           
   RBB_15/B6                  RBB_6L       15   [TILE 0 0, RBB 4 22]          -     r            9111     {<SR>inst68: u_spi.rx_shift_FDCE_Q_5 (FDCE,site=aff)} 
   ---------------------------------------------------------------------------------------------------------------------------------------------------------------
   RBB_15/CLK                 RBB_6L       15   [TILE 0 0, RBB 4 22]        844     r            9955                                                           
   clk                        Clock net     2           (fanout=388)      -2311                     -                                                           
   clk                        CLOCK-PORT    -                      -    capture     r            7644                                                           
   ---------------------------------------------------------------------------------------------------------------------------------------------------------------


Path 293:
   Slack (not met):                         -5794ps
     Path type:                               SETUP
     Group:                              <UDEF_clk>
     Launching clock:                           clk (rising edge)
     Capturing clock:                           clk (rising edge)

     Requested period:                       2000ps
   + Delay of the capturing clock:           2311ps
   - Clock uncertainty:                       150ps
   = Required time:                          4161ps
   - Propagation time:                       7631ps (54.8% logic, 45.2% route, logic stage 3)
   - Delay of the launching clock:           2324ps
   = Slack:                                 -5794ps

   Instance/Pin or Net Name   Type         ID     Location or Fanout   Delay(ps)  Edge  Arrival Time(ps)    Instance detail                                      
   ----------------------------------------------------------------------------------------------------------------------------------------------------------------
   clk                        CLOCK-PORT    -                      -     launch     r               0                                                            
   clk                        Clock net     2           (fanout=388)       2324                     -                                                            
   RBB_6/CLK                  RBB_6L        6   [TILE 0 0, RBB 1 24]          -     r            2324                                                            
   ----------------------------------------------------------------------------------------------------------------------------------------------------------------
   RBB_6/CQ                   RBB_6L        6   [TILE 0 0, RBB 1 24]        800     r            3124     {inst15: por_FDRE_Q_1 (FDE,site=cff)}                  
   por[2]                     Net          26             (fanout=1)       1050                     -                                                            
   RBB_6/C1                   RBB_6L        6   [TILE 0 0, RBB 1 24]          -     r            4174                                                            
   RBB_6/DMUX                 RBB_6L        6   [TILE 0 0, RBB 1 24]       1831     r            6005     {inst12: por_CARRY4_S (CARRY4)}                        
   por_CARRY4_S_CO            Net          73             (fanout=1)       1058                     -                                                            
   RBB_8/D2                   RBB_6L        8  [TILE 0 0, RBB 10 26]          -     r            7063                                                            
   RBB_8/D                    RBB_6L        8  [TILE 0 0, RBB 10 26]        703     r            7766     {inst13: por_CARRY4_S_CO_INV_I (LUT,site=dlut)}        
   por_CARRY4_S_CO_INV_I_O    Net          31            (fanout=14)       1345                     -                                                            
   RBB_15/B6                  RBB_6L       15   [TILE 0 0, RBB 4 22]          -     r            9111     {<SR>inst66: u_spi.rx_shift_FDCE_Q_3 (FDCE,site=cffo)} 
   ----------------------------------------------------------------------------------------------------------------------------------------------------------------
   RBB_15/CLK                 RBB_6L       15   [TILE 0 0, RBB 4 22]        844     r            9955                                                            
   clk                        Clock net     2           (fanout=388)      -2311                     -                                                            
   clk                        CLOCK-PORT    -                      -    capture     r            7644                                                            
   ----------------------------------------------------------------------------------------------------------------------------------------------------------------


Path 294:
   Slack (not met):                         -5794ps
     Path type:                               SETUP
     Group:                              <UDEF_clk>
     Launching clock:                           clk (rising edge)
     Capturing clock:                           clk (rising edge)

     Requested period:                       2000ps
   + Delay of the capturing clock:           2311ps
   - Clock uncertainty:                       150ps
   = Required time:                          4161ps
   - Propagation time:                       7631ps (54.8% logic, 45.2% route, logic stage 3)
   - Delay of the launching clock:           2324ps
   = Slack:                                 -5794ps

   Instance/Pin or Net Name   Type         ID     Location or Fanout   Delay(ps)  Edge  Arrival Time(ps)    Instance detail                                   
   -------------------------------------------------------------------------------------------------------------------------------------------------------------
   clk                        CLOCK-PORT    -                      -     launch     r               0                                                         
   clk                        Clock net     2           (fanout=388)       2324                     -                                                         
   RBB_6/CLK                  RBB_6L        6   [TILE 0 0, RBB 1 24]          -     r            2324                                                         
   -------------------------------------------------------------------------------------------------------------------------------------------------------------
   RBB_6/CQ                   RBB_6L        6   [TILE 0 0, RBB 1 24]        800     r            3124     {inst15: por_FDRE_Q_1 (FDE,site=cff)}               
   por[2]                     Net          26             (fanout=1)       1050                     -                                                         
   RBB_6/C1                   RBB_6L        6   [TILE 0 0, RBB 1 24]          -     r            4174                                                         
   RBB_6/DMUX                 RBB_6L        6   [TILE 0 0, RBB 1 24]       1831     r            6005     {inst12: por_CARRY4_S (CARRY4)}                     
   por_CARRY4_S_CO            Net          73             (fanout=1)       1058                     -                                                         
   RBB_8/D2                   RBB_6L        8  [TILE 0 0, RBB 10 26]          -     r            7063                                                         
   RBB_8/D                    RBB_6L        8  [TILE 0 0, RBB 10 26]        703     r            7766     {inst13: por_CARRY4_S_CO_INV_I (LUT,site=dlut)}     
   por_CARRY4_S_CO_INV_I_O    Net          31            (fanout=14)       1345                     -                                                         
   RBB_15/B6                  RBB_6L       15   [TILE 0 0, RBB 4 22]          -     r            9111     {<SR>inst63: u_spi.rx_shift_FDCE_Q (FDCE,site=dff)} 
   -------------------------------------------------------------------------------------------------------------------------------------------------------------
   RBB_15/CLK                 RBB_6L       15   [TILE 0 0, RBB 4 22]        844     r            9955                                                         
   clk                        Clock net     2           (fanout=388)      -2311                     -                                                         
   clk                        CLOCK-PORT    -                      -    capture     r            7644                                                         
   -------------------------------------------------------------------------------------------------------------------------------------------------------------


Path 295:
   Slack (not met):                         -5794ps
     Path type:                               SETUP
     Group:                              <UDEF_clk>
     Launching clock:                           clk (rising edge)
     Capturing clock:                           clk (rising edge)

     Requested period:                       2000ps
   + Delay of the capturing clock:           2311ps
   - Clock uncertainty:                       150ps
   = Required time:                          4161ps
   - Propagation time:                       7631ps (54.8% logic, 45.2% route, logic stage 3)
   - Delay of the launching clock:           2324ps
   = Slack:                                 -5794ps

   Instance/Pin or Net Name   Type         ID     Location or Fanout   Delay(ps)  Edge  Arrival Time(ps)    Instance detail                                      
   ----------------------------------------------------------------------------------------------------------------------------------------------------------------
   clk                        CLOCK-PORT    -                      -     launch     r               0                                                            
   clk                        Clock net     2           (fanout=388)       2324                     -                                                            
   RBB_6/CLK                  RBB_6L        6   [TILE 0 0, RBB 1 24]          -     r            2324                                                            
   ----------------------------------------------------------------------------------------------------------------------------------------------------------------
   RBB_6/CQ                   RBB_6L        6   [TILE 0 0, RBB 1 24]        800     r            3124     {inst15: por_FDRE_Q_1 (FDE,site=cff)}                  
   por[2]                     Net          26             (fanout=1)       1050                     -                                                            
   RBB_6/C1                   RBB_6L        6   [TILE 0 0, RBB 1 24]          -     r            4174                                                            
   RBB_6/DMUX                 RBB_6L        6   [TILE 0 0, RBB 1 24]       1831     r            6005     {inst12: por_CARRY4_S (CARRY4)}                        
   por_CARRY4_S_CO            Net          73             (fanout=1)       1058                     -                                                            
   RBB_8/D2                   RBB_6L        8  [TILE 0 0, RBB 10 26]          -     r            7063                                                            
   RBB_8/D                    RBB_6L        8  [TILE 0 0, RBB 10 26]        703     r            7766     {inst13: por_CARRY4_S_CO_INV_I (LUT,site=dlut)}        
   por_CARRY4_S_CO_INV_I_O    Net          31            (fanout=14)       1345                     -                                                            
   RBB_15/B6                  RBB_6L       15   [TILE 0 0, RBB 4 22]          -     r            9111     {<SR>inst65: u_spi.rx_shift_FDCE_Q_2 (FDCE,site=dffo)} 
   ----------------------------------------------------------------------------------------------------------------------------------------------------------------
   RBB_15/CLK                 RBB_6L       15   [TILE 0 0, RBB 4 22]        844     r            9955                                                            
   clk                        Clock net     2           (fanout=388)      -2311                     -                                                            
   clk                        CLOCK-PORT    -                      -    capture     r            7644                                                            
   ----------------------------------------------------------------------------------------------------------------------------------------------------------------


Path 296:
   Slack (not met):                         -5794ps
     Path type:                               SETUP
     Group:                              <UDEF_clk>
     Launching clock:                           clk (rising edge)
     Capturing clock:                           clk (rising edge)

     Requested period:                       2000ps
   + Delay of the capturing clock:           2311ps
   - Clock uncertainty:                       150ps
   = Required time:                          4161ps
   - Propagation time:                       7631ps (54.8% logic, 45.2% route, logic stage 3)
   - Delay of the launching clock:           2324ps
   = Slack:                                 -5794ps

   Instance/Pin or Net Name   Type         ID     Location or Fanout   Delay(ps)  Edge  Arrival Time(ps)    Instance detail                                     
   ---------------------------------------------------------------------------------------------------------------------------------------------------------------
   clk                        CLOCK-PORT    -                      -     launch     r               0                                                           
   clk                        Clock net     2           (fanout=388)       2324                     -                                                           
   RBB_6/CLK                  RBB_6L        6   [TILE 0 0, RBB 1 24]          -     r            2324                                                           
   ---------------------------------------------------------------------------------------------------------------------------------------------------------------
   RBB_6/CQ                   RBB_6L        6   [TILE 0 0, RBB 1 24]        800     r            3124     {inst15: por_FDRE_Q_1 (FDE,site=cff)}                 
   por[2]                     Net          26             (fanout=1)       1050                     -                                                           
   RBB_6/C1                   RBB_6L        6   [TILE 0 0, RBB 1 24]          -     r            4174                                                           
   RBB_6/DMUX                 RBB_6L        6   [TILE 0 0, RBB 1 24]       1831     r            6005     {inst12: por_CARRY4_S (CARRY4)}                       
   por_CARRY4_S_CO            Net          73             (fanout=1)       1058                     -                                                           
   RBB_8/D2                   RBB_6L        8  [TILE 0 0, RBB 10 26]          -     r            7063                                                           
   RBB_8/D                    RBB_6L        8  [TILE 0 0, RBB 10 26]        703     r            7766     {inst13: por_CARRY4_S_CO_INV_I (LUT,site=dlut)}       
   por_CARRY4_S_CO_INV_I_O    Net          31            (fanout=14)       1345                     -                                                           
   RBB_15/B6                  RBB_6L       15   [TILE 0 0, RBB 4 22]          -     r            9111     {<SR>inst64: u_spi.rx_shift_FDCE_Q_1 (FDCE,site=cff)} 
   ---------------------------------------------------------------------------------------------------------------------------------------------------------------
   RBB_15/CLK                 RBB_6L       15   [TILE 0 0, RBB 4 22]        844     r            9955                                                           
   clk                        Clock net     2           (fanout=388)      -2311                     -                                                           
   clk                        CLOCK-PORT    -                      -    capture     r            7644                                                           
   ---------------------------------------------------------------------------------------------------------------------------------------------------------------


Path 297:
   Slack (not met):                         -5773ps
     Path type:                               SETUP
     Group:                              <UDEF_clk>
     Launching clock:                           clk (rising edge)
     Capturing clock:                           clk (rising edge)

     Requested period:                       2000ps
   + Delay of the capturing clock:           2347ps
   - Clock uncertainty:                       150ps
   = Required time:                          4197ps
   - Propagation time:                       7646ps (55.9% logic, 44.1% route, logic stage 3)
   - Delay of the launching clock:           2324ps
   = Slack:                                 -5773ps

   Instance/Pin or Net Name   Type         ID     Location or Fanout   Delay(ps)  Edge  Arrival Time(ps)    Instance detail                                                                               
   ---------------------------------------------------------------------------------------------------------------------------------------------------------------------------------------------------------
   clk                        CLOCK-PORT    -                      -     launch     r               0                                                                                                     
   clk                        Clock net     2           (fanout=388)       2324                     -                                                                                                     
   RBB_6/CLK                  RBB_6L        6   [TILE 0 0, RBB 1 24]          -     r            2324                                                                                                     
   ---------------------------------------------------------------------------------------------------------------------------------------------------------------------------------------------------------
   RBB_6/CQ                   RBB_6L        6   [TILE 0 0, RBB 1 24]        800     r            3124     {inst15: por_FDRE_Q_1 (FDE,site=cff)}                                                           
   por[2]                     Net          26             (fanout=1)       1050                     -                                                                                                     
   RBB_6/C1                   RBB_6L        6   [TILE 0 0, RBB 1 24]          -     r            4174                                                                                                     
   RBB_6/DMUX                 RBB_6L        6   [TILE 0 0, RBB 1 24]       1831     r            6005     {inst12: por_CARRY4_S (CARRY4)}                                                                 
   por_CARRY4_S_CO            Net          73             (fanout=1)       1058                     -                                                                                                     
   RBB_8/D2                   RBB_6L        8  [TILE 0 0, RBB 10 26]          -     r            7063                                                                                                     
   RBB_8/D                    RBB_6L        8  [TILE 0 0, RBB 10 26]        703     r            7766     {inst13: por_CARRY4_S_CO_INV_I (LUT,site=dlut)}                                                 
   por_CARRY4_S_CO_INV_I_O    Net          31            (fanout=14)       1267                     -                                                                                                     
   RBB_10/A6                  RBB_6L       10  [TILE 0 0, RBB 19 20]          -     r            9033     {<SR>inst52: spi_mosi_FDCE_D_Q_FDCE_Q_D_LUT4_O_I3_CARRY4_O_O_1_LUT4_I3_O_FDCE_D (FDC,site=bff)} 
   ---------------------------------------------------------------------------------------------------------------------------------------------------------------------------------------------------------
   RBB_10/CLK                 RBB_6L       10  [TILE 0 0, RBB 19 20]        937     r            9970                                                                                                     
   clk                        Clock net     2           (fanout=388)      -2347                     -                                                                                                     
   clk                        CLOCK-PORT    -                      -    capture     r            7623                                                                                                     
   ---------------------------------------------------------------------------------------------------------------------------------------------------------------------------------------------------------


Path 298:
   Slack (not met):                         -5773ps
     Path type:                               SETUP
     Group:                              <UDEF_clk>
     Launching clock:                           clk (rising edge)
     Capturing clock:                           clk (rising edge)

     Requested period:                       2000ps
   + Delay of the capturing clock:           2347ps
   - Clock uncertainty:                       150ps
   = Required time:                          4197ps
   - Propagation time:                       7646ps (55.9% logic, 44.1% route, logic stage 3)
   - Delay of the launching clock:           2324ps
   = Slack:                                 -5773ps

   Instance/Pin or Net Name   Type         ID     Location or Fanout   Delay(ps)  Edge  Arrival Time(ps)    Instance detail                                                                                
   ----------------------------------------------------------------------------------------------------------------------------------------------------------------------------------------------------------
   clk                        CLOCK-PORT    -                      -     launch     r               0                                                                                                      
   clk                        Clock net     2           (fanout=388)       2324                     -                                                                                                      
   RBB_6/CLK                  RBB_6L        6   [TILE 0 0, RBB 1 24]          -     r            2324                                                                                                      
   ----------------------------------------------------------------------------------------------------------------------------------------------------------------------------------------------------------
   RBB_6/CQ                   RBB_6L        6   [TILE 0 0, RBB 1 24]        800     r            3124     {inst15: por_FDRE_Q_1 (FDE,site=cff)}                                                            
   por[2]                     Net          26             (fanout=1)       1050                     -                                                                                                      
   RBB_6/C1                   RBB_6L        6   [TILE 0 0, RBB 1 24]          -     r            4174                                                                                                      
   RBB_6/DMUX                 RBB_6L        6   [TILE 0 0, RBB 1 24]       1831     r            6005     {inst12: por_CARRY4_S (CARRY4)}                                                                  
   por_CARRY4_S_CO            Net          73             (fanout=1)       1058                     -                                                                                                      
   RBB_8/D2                   RBB_6L        8  [TILE 0 0, RBB 10 26]          -     r            7063                                                                                                      
   RBB_8/D                    RBB_6L        8  [TILE 0 0, RBB 10 26]        703     r            7766     {inst13: por_CARRY4_S_CO_INV_I (LUT,site=dlut)}                                                  
   por_CARRY4_S_CO_INV_I_O    Net          31            (fanout=14)       1267                     -                                                                                                      
   RBB_10/A6                  RBB_6L       10  [TILE 0 0, RBB 19 20]          -     r            9033     {<SR>inst50: spi_mosi_FDCE_D_Q_FDCE_Q_D_LUT4_O_I3_CARRY4_O_CO_2_LUT5_I4_O_FDCE_D (FDC,site=cff)} 
   ----------------------------------------------------------------------------------------------------------------------------------------------------------------------------------------------------------
   RBB_10/CLK                 RBB_6L       10  [TILE 0 0, RBB 19 20]        937     r            9970                                                                                                      
   clk                        Clock net     2           (fanout=388)      -2347                     -                                                                                                      
   clk                        CLOCK-PORT    -                      -    capture     r            7623                                                                                                      
   ----------------------------------------------------------------------------------------------------------------------------------------------------------------------------------------------------------


Path 299:
   Slack (not met):                         -5773ps
     Path type:                               SETUP
     Group:                              <UDEF_clk>
     Launching clock:                           clk (rising edge)
     Capturing clock:                           clk (rising edge)

     Requested period:                       2000ps
   + Delay of the capturing clock:           2347ps
   - Clock uncertainty:                       150ps
   = Required time:                          4197ps
   - Propagation time:                       7646ps (55.9% logic, 44.1% route, logic stage 3)
   - Delay of the launching clock:           2324ps
   = Slack:                                 -5773ps

   Instance/Pin or Net Name   Type         ID     Location or Fanout   Delay(ps)  Edge  Arrival Time(ps)    Instance detail                                     
   ---------------------------------------------------------------------------------------------------------------------------------------------------------------
   clk                        CLOCK-PORT    -                      -     launch     r               0                                                           
   clk                        Clock net     2           (fanout=388)       2324                     -                                                           
   RBB_6/CLK                  RBB_6L        6   [TILE 0 0, RBB 1 24]          -     r            2324                                                           
   ---------------------------------------------------------------------------------------------------------------------------------------------------------------
   RBB_6/CQ                   RBB_6L        6   [TILE 0 0, RBB 1 24]        800     r            3124     {inst15: por_FDRE_Q_1 (FDE,site=cff)}                 
   por[2]                     Net          26             (fanout=1)       1050                     -                                                           
   RBB_6/C1                   RBB_6L        6   [TILE 0 0, RBB 1 24]          -     r            4174                                                           
   RBB_6/DMUX                 RBB_6L        6   [TILE 0 0, RBB 1 24]       1831     r            6005     {inst12: por_CARRY4_S (CARRY4)}                       
   por_CARRY4_S_CO            Net          73             (fanout=1)       1058                     -                                                           
   RBB_8/D2                   RBB_6L        8  [TILE 0 0, RBB 10 26]          -     r            7063                                                           
   RBB_8/D                    RBB_6L        8  [TILE 0 0, RBB 10 26]        703     r            7766     {inst13: por_CARRY4_S_CO_INV_I (LUT,site=dlut)}       
   por_CARRY4_S_CO_INV_I_O    Net          31            (fanout=14)       1267                     -                                                           
   RBB_10/A6                  RBB_6L       10  [TILE 0 0, RBB 19 20]          -     r            9033     {<SR>inst45: spi_mosi_FDCE_D_Q_FDCE_Q (FDC,site=dff)} 
   ---------------------------------------------------------------------------------------------------------------------------------------------------------------
   RBB_10/CLK                 RBB_6L       10  [TILE 0 0, RBB 19 20]        937     r            9970                                                           
   clk                        Clock net     2           (fanout=388)      -2347                     -                                                           
   clk                        CLOCK-PORT    -                      -    capture     r            7623                                                           
   ---------------------------------------------------------------------------------------------------------------------------------------------------------------


Path 300:
   Slack (not met):                         -5773ps
     Path type:                               SETUP
     Group:                              <UDEF_clk>
     Launching clock:                           clk (rising edge)
     Capturing clock:                           clk (rising edge)

     Requested period:                       2000ps
   + Delay of the capturing clock:           2347ps
   - Clock uncertainty:                       150ps
   = Required time:                          4197ps
   - Propagation time:                       7646ps (55.9% logic, 44.1% route, logic stage 3)
   - Delay of the launching clock:           2324ps
   = Slack:                                 -5773ps

   Instance/Pin or Net Name   Type         ID     Location or Fanout   Delay(ps)  Edge  Arrival Time(ps)    Instance detail                                         
   -------------------------------------------------------------------------------------------------------------------------------------------------------------------
   clk                        CLOCK-PORT    -                      -     launch     r               0                                                               
   clk                        Clock net     2           (fanout=388)       2324                     -                                                               
   RBB_6/CLK                  RBB_6L        6   [TILE 0 0, RBB 1 24]          -     r            2324                                                               
   -------------------------------------------------------------------------------------------------------------------------------------------------------------------
   RBB_6/CQ                   RBB_6L        6   [TILE 0 0, RBB 1 24]        800     r            3124     {inst15: por_FDRE_Q_1 (FDE,site=cff)}                     
   por[2]                     Net          26             (fanout=1)       1050                     -                                                               
   RBB_6/C1                   RBB_6L        6   [TILE 0 0, RBB 1 24]          -     r            4174                                                               
   RBB_6/DMUX                 RBB_6L        6   [TILE 0 0, RBB 1 24]       1831     r            6005     {inst12: por_CARRY4_S (CARRY4)}                           
   por_CARRY4_S_CO            Net          73             (fanout=1)       1058                     -                                                               
   RBB_8/D2                   RBB_6L        8  [TILE 0 0, RBB 10 26]          -     r            7063                                                               
   RBB_8/D                    RBB_6L        8  [TILE 0 0, RBB 10 26]        703     r            7766     {inst13: por_CARRY4_S_CO_INV_I (LUT,site=dlut)}           
   por_CARRY4_S_CO_INV_I_O    Net          31            (fanout=14)       1267                     -                                                               
   RBB_10/A6                  RBB_6L       10  [TILE 0 0, RBB 19 20]          -     r            9033     {<SR>inst56: u_spi.o_rx_data_valid_FDCE_Q (FDC,site=aff)} 
   -------------------------------------------------------------------------------------------------------------------------------------------------------------------
   RBB_10/CLK                 RBB_6L       10  [TILE 0 0, RBB 19 20]        937     r            9970                                                               
   clk                        Clock net     2           (fanout=388)      -2347                     -                                                               
   clk                        CLOCK-PORT    -                      -    capture     r            7623                                                               
   -------------------------------------------------------------------------------------------------------------------------------------------------------------------


Path 301:
   Slack (not met):                         -5707ps
     Path type:                               SETUP
     Group:                              <UDEF_clk>
     Launching clock:                           clk (rising edge)
     Capturing clock:                           clk (rising edge)

     Requested period:                       2000ps
   + Delay of the capturing clock:           2321ps
   - Clock uncertainty:                       150ps
   = Required time:                          4171ps
   - Propagation time:                       7554ps (54.8% logic, 45.2% route, logic stage 3)
   - Delay of the launching clock:           2324ps
   = Slack:                                 -5707ps

   Instance/Pin or Net Name   Type         ID     Location or Fanout   Delay(ps)  Edge  Arrival Time(ps)    Instance detail                               
   ---------------------------------------------------------------------------------------------------------------------------------------------------------
   clk                        CLOCK-PORT    -                      -     launch     r               0                                                     
   clk                        Clock net     2           (fanout=388)       2324                     -                                                     
   RBB_6/CLK                  RBB_6L        6   [TILE 0 0, RBB 1 24]          -     r            2324                                                     
   ---------------------------------------------------------------------------------------------------------------------------------------------------------
   RBB_6/CQ                   RBB_6L        6   [TILE 0 0, RBB 1 24]        800     r            3124     {inst15: por_FDRE_Q_1 (FDE,site=cff)}           
   por[2]                     Net          26             (fanout=1)       1050                     -                                                     
   RBB_6/C1                   RBB_6L        6   [TILE 0 0, RBB 1 24]          -     r            4174                                                     
   RBB_6/DMUX                 RBB_6L        6   [TILE 0 0, RBB 1 24]       1831     r            6005     {inst12: por_CARRY4_S (CARRY4)}                 
   por_CARRY4_S_CO            Net          73             (fanout=1)       1058                     -                                                     
   RBB_8/D2                   RBB_6L        8  [TILE 0 0, RBB 10 26]          -     r            7063                                                     
   RBB_8/D                    RBB_6L        8  [TILE 0 0, RBB 10 26]        703     r            7766     {inst13: por_CARRY4_S_CO_INV_I (LUT,site=dlut)} 
   por_CARRY4_S_CO_INV_I_O    Net          31            (fanout=14)       1308                     -                                                     
   RBB_12/A6                  RBB_6L       12   [TILE 0 0, RBB 1 26]          -     r            9074     {<CE>inst17: por_FDRE_Q_3 (FDE,site=dff)}       
   ---------------------------------------------------------------------------------------------------------------------------------------------------------
   RBB_12/CLK                 RBB_6L       12   [TILE 0 0, RBB 1 26]        804     r            9878                                                     
   clk                        Clock net     2           (fanout=388)      -2321                     -                                                     
   clk                        CLOCK-PORT    -                      -    capture     r            7557                                                     
   ---------------------------------------------------------------------------------------------------------------------------------------------------------


Path 302:
   Slack (not met):                         -5702ps
     Path type:                               SETUP
     Group:                              <UDEF_clk>
     Launching clock:                           clk (rising edge)
     Capturing clock:                           clk (rising edge)

     Requested period:                       2000ps
   + Delay of the capturing clock:           2347ps
   - Clock uncertainty:                       150ps
   = Required time:                          4197ps
   - Propagation time:                       7575ps (55.4% logic, 44.6% route, logic stage 3)
   - Delay of the launching clock:           2324ps
   = Slack:                                 -5702ps

   Instance/Pin or Net Name   Type         ID     Location or Fanout   Delay(ps)  Edge  Arrival Time(ps)    Instance detail                                     
   ---------------------------------------------------------------------------------------------------------------------------------------------------------------
   clk                        CLOCK-PORT    -                      -     launch     r               0                                                           
   clk                        Clock net     2           (fanout=388)       2324                     -                                                           
   RBB_6/CLK                  RBB_6L        6   [TILE 0 0, RBB 1 24]          -     r            2324                                                           
   ---------------------------------------------------------------------------------------------------------------------------------------------------------------
   RBB_6/CQ                   RBB_6L        6   [TILE 0 0, RBB 1 24]        800     r            3124     {inst15: por_FDRE_Q_1 (FDE,site=cff)}                 
   por[2]                     Net          26             (fanout=1)       1050                     -                                                           
   RBB_6/C1                   RBB_6L        6   [TILE 0 0, RBB 1 24]          -     r            4174                                                           
   RBB_6/DMUX                 RBB_6L        6   [TILE 0 0, RBB 1 24]       1831     r            6005     {inst12: por_CARRY4_S (CARRY4)}                       
   por_CARRY4_S_CO            Net          73             (fanout=1)       1058                     -                                                           
   RBB_8/D2                   RBB_6L        8  [TILE 0 0, RBB 10 26]          -     r            7063                                                           
   RBB_8/D                    RBB_6L        8  [TILE 0 0, RBB 10 26]        703     r            7766     {inst13: por_CARRY4_S_CO_INV_I (LUT,site=dlut)}       
   por_CARRY4_S_CO_INV_I_O    Net          31            (fanout=14)       1267                     -                                                           
   RBB_10/A6                  RBB_6L       10  [TILE 0 0, RBB 19 20]          -     r            9033     {<SR>inst57: u_spi.r_sck_sync_FDCE_Q (FDC,site=cffo)} 
   ---------------------------------------------------------------------------------------------------------------------------------------------------------------
   RBB_10/CLK                 RBB_6L       10  [TILE 0 0, RBB 19 20]        866     r            9899                                                           
   clk                        Clock net     2           (fanout=388)      -2347                     -                                                           
   clk                        CLOCK-PORT    -                      -    capture     r            7552                                                           
   ---------------------------------------------------------------------------------------------------------------------------------------------------------------


Path 303:
   Slack (not met):                         -5702ps
     Path type:                               SETUP
     Group:                              <UDEF_clk>
     Launching clock:                           clk (rising edge)
     Capturing clock:                           clk (rising edge)

     Requested period:                       2000ps
   + Delay of the capturing clock:           2347ps
   - Clock uncertainty:                       150ps
   = Required time:                          4197ps
   - Propagation time:                       7575ps (55.4% logic, 44.6% route, logic stage 3)
   - Delay of the launching clock:           2324ps
   = Slack:                                 -5702ps

   Instance/Pin or Net Name   Type         ID     Location or Fanout   Delay(ps)  Edge  Arrival Time(ps)    Instance detail                                               
   -------------------------------------------------------------------------------------------------------------------------------------------------------------------------
   clk                        CLOCK-PORT    -                      -     launch     r               0                                                                     
   clk                        Clock net     2           (fanout=388)       2324                     -                                                                     
   RBB_6/CLK                  RBB_6L        6   [TILE 0 0, RBB 1 24]          -     r            2324                                                                     
   -------------------------------------------------------------------------------------------------------------------------------------------------------------------------
   RBB_6/CQ                   RBB_6L        6   [TILE 0 0, RBB 1 24]        800     r            3124     {inst15: por_FDRE_Q_1 (FDE,site=cff)}                           
   por[2]                     Net          26             (fanout=1)       1050                     -                                                                     
   RBB_6/C1                   RBB_6L        6   [TILE 0 0, RBB 1 24]          -     r            4174                                                                     
   RBB_6/DMUX                 RBB_6L        6   [TILE 0 0, RBB 1 24]       1831     r            6005     {inst12: por_CARRY4_S (CARRY4)}                                 
   por_CARRY4_S_CO            Net          73             (fanout=1)       1058                     -                                                                     
   RBB_8/D2                   RBB_6L        8  [TILE 0 0, RBB 10 26]          -     r            7063                                                                     
   RBB_8/D                    RBB_6L        8  [TILE 0 0, RBB 10 26]        703     r            7766     {inst13: por_CARRY4_S_CO_INV_I (LUT,site=dlut)}                 
   por_CARRY4_S_CO_INV_I_O    Net          31            (fanout=14)       1267                     -                                                                     
   RBB_10/A6                  RBB_6L       10  [TILE 0 0, RBB 19 20]          -     r            9033     {<SR>inst71: u_spi.w_sck_edge_LUT2_O_I0_FDCE_Q (FDC,site=affo)} 
   -------------------------------------------------------------------------------------------------------------------------------------------------------------------------
   RBB_10/CLK                 RBB_6L       10  [TILE 0 0, RBB 19 20]        866     r            9899                                                                     
   clk                        Clock net     2           (fanout=388)      -2347                     -                                                                     
   clk                        CLOCK-PORT    -                      -    capture     r            7552                                                                     
   -------------------------------------------------------------------------------------------------------------------------------------------------------------------------


Path 304:
   Slack (not met):                         -5702ps
     Path type:                               SETUP
     Group:                              <UDEF_clk>
     Launching clock:                           clk (rising edge)
     Capturing clock:                           clk (rising edge)

     Requested period:                       2000ps
   + Delay of the capturing clock:           2347ps
   - Clock uncertainty:                       150ps
   = Required time:                          4197ps
   - Propagation time:                       7575ps (55.4% logic, 44.6% route, logic stage 3)
   - Delay of the launching clock:           2324ps
   = Slack:                                 -5702ps

   Instance/Pin or Net Name   Type         ID     Location or Fanout   Delay(ps)  Edge  Arrival Time(ps)    Instance detail                                        
   ------------------------------------------------------------------------------------------------------------------------------------------------------------------
   clk                        CLOCK-PORT    -                      -     launch     r               0                                                              
   clk                        Clock net     2           (fanout=388)       2324                     -                                                              
   RBB_6/CLK                  RBB_6L        6   [TILE 0 0, RBB 1 24]          -     r            2324                                                              
   ------------------------------------------------------------------------------------------------------------------------------------------------------------------
   RBB_6/CQ                   RBB_6L        6   [TILE 0 0, RBB 1 24]        800     r            3124     {inst15: por_FDRE_Q_1 (FDE,site=cff)}                    
   por[2]                     Net          26             (fanout=1)       1050                     -                                                              
   RBB_6/C1                   RBB_6L        6   [TILE 0 0, RBB 1 24]          -     r            4174                                                              
   RBB_6/DMUX                 RBB_6L        6   [TILE 0 0, RBB 1 24]       1831     r            6005     {inst12: por_CARRY4_S (CARRY4)}                          
   por_CARRY4_S_CO            Net          73             (fanout=1)       1058                     -                                                              
   RBB_8/D2                   RBB_6L        8  [TILE 0 0, RBB 10 26]          -     r            7063                                                              
   RBB_8/D                    RBB_6L        8  [TILE 0 0, RBB 10 26]        703     r            7766     {inst13: por_CARRY4_S_CO_INV_I (LUT,site=dlut)}          
   por_CARRY4_S_CO_INV_I_O    Net          31            (fanout=14)       1267                     -                                                              
   RBB_10/A6                  RBB_6L       10  [TILE 0 0, RBB 19 20]          -     r            9033     {<SR>inst43: spi_miso_en_INV_O_I_FDPE_Q (FDP,site=dffo)} 
   ------------------------------------------------------------------------------------------------------------------------------------------------------------------
   RBB_10/CLK                 RBB_6L       10  [TILE 0 0, RBB 19 20]        866     r            9899                                                              
   clk                        Clock net     2           (fanout=388)      -2347                     -                                                              
   clk                        CLOCK-PORT    -                      -    capture     r            7552                                                              
   ------------------------------------------------------------------------------------------------------------------------------------------------------------------


Path 305:
   Slack (not met):                         -5702ps
     Path type:                               SETUP
     Group:                              <UDEF_clk>
     Launching clock:                           clk (rising edge)
     Capturing clock:                           clk (rising edge)

     Requested period:                       2000ps
   + Delay of the capturing clock:           2347ps
   - Clock uncertainty:                       150ps
   = Required time:                          4197ps
   - Propagation time:                       7575ps (55.4% logic, 44.6% route, logic stage 3)
   - Delay of the launching clock:           2324ps
   = Slack:                                 -5702ps

   Instance/Pin or Net Name   Type         ID     Location or Fanout   Delay(ps)  Edge  Arrival Time(ps)    Instance detail                                      
   ----------------------------------------------------------------------------------------------------------------------------------------------------------------
   clk                        CLOCK-PORT    -                      -     launch     r               0                                                            
   clk                        Clock net     2           (fanout=388)       2324                     -                                                            
   RBB_6/CLK                  RBB_6L        6   [TILE 0 0, RBB 1 24]          -     r            2324                                                            
   ----------------------------------------------------------------------------------------------------------------------------------------------------------------
   RBB_6/CQ                   RBB_6L        6   [TILE 0 0, RBB 1 24]        800     r            3124     {inst15: por_FDRE_Q_1 (FDE,site=cff)}                  
   por[2]                     Net          26             (fanout=1)       1050                     -                                                            
   RBB_6/C1                   RBB_6L        6   [TILE 0 0, RBB 1 24]          -     r            4174                                                            
   RBB_6/DMUX                 RBB_6L        6   [TILE 0 0, RBB 1 24]       1831     r            6005     {inst12: por_CARRY4_S (CARRY4)}                        
   por_CARRY4_S_CO            Net          73             (fanout=1)       1058                     -                                                            
   RBB_8/D2                   RBB_6L        8  [TILE 0 0, RBB 10 26]          -     r            7063                                                            
   RBB_8/D                    RBB_6L        8  [TILE 0 0, RBB 10 26]        703     r            7766     {inst13: por_CARRY4_S_CO_INV_I (LUT,site=dlut)}        
   por_CARRY4_S_CO_INV_I_O    Net          31            (fanout=14)       1267                     -                                                            
   RBB_10/A6                  RBB_6L       10  [TILE 0 0, RBB 19 20]          -     r            9033     {<SR>inst59: u_spi.r_ss_n_sync_FDPE_Q (FDP,site=bffo)} 
   ----------------------------------------------------------------------------------------------------------------------------------------------------------------
   RBB_10/CLK                 RBB_6L       10  [TILE 0 0, RBB 19 20]        866     r            9899                                                            
   clk                        Clock net     2           (fanout=388)      -2347                     -                                                            
   clk                        CLOCK-PORT    -                      -    capture     r            7552                                                            
   ----------------------------------------------------------------------------------------------------------------------------------------------------------------


Path 306:
   Slack (not met):                         -5631ps
     Path type:                               SETUP
     Group:                              <UDEF_clk>
     Launching clock:                           clk (rising edge)
     Capturing clock:                           clk (rising edge)

     Requested period:                       2000ps
   + Delay of the capturing clock:           2302ps
   - Clock uncertainty:                       150ps
   = Required time:                          4152ps
   - Propagation time:                       7459ps (57.3% logic, 42.7% route, logic stage 3)
   - Delay of the launching clock:           2324ps
   = Slack:                                 -5631ps

   Instance/Pin or Net Name   Type         ID     Location or Fanout   Delay(ps)  Edge  Arrival Time(ps)    Instance detail                                                                                                                                                                  
   --------------------------------------------------------------------------------------------------------------------------------------------------------------------------------------------------------------------------------------------------------------------------------------------
   clk                        CLOCK-PORT    -                      -     launch     r               0                                                                                                                                                                                        
   clk                        Clock net     2           (fanout=388)       2324                     -                                                                                                                                                                                        
   RBB_6/CLK                  RBB_6L        6   [TILE 0 0, RBB 1 24]          -     r            2324                                                                                                                                                                                        
   --------------------------------------------------------------------------------------------------------------------------------------------------------------------------------------------------------------------------------------------------------------------------------------------
   RBB_6/CQ                   RBB_6L        6   [TILE 0 0, RBB 1 24]        800     r            3124     {inst15: por_FDRE_Q_1 (FDE,site=cff)}                                                                                                                                              
   por[2]                     Net          26             (fanout=1)       1050                     -                                                                                                                                                                                        
   RBB_6/C1                   RBB_6L        6   [TILE 0 0, RBB 1 24]          -     r            4174                                                                                                                                                                                        
   RBB_6/DMUX                 RBB_6L        6   [TILE 0 0, RBB 1 24]       1831     r            6005     {inst12: por_CARRY4_S (CARRY4)}                                                                                                                                                    
   por_CARRY4_S_CO            Net          73             (fanout=1)       1058                     -                                                                                                                                                                                        
   RBB_8/D2                   RBB_6L        8  [TILE 0 0, RBB 10 26]          -     r            7063                                                                                                                                                                                        
   RBB_8/D                    RBB_6L        8  [TILE 0 0, RBB 10 26]        703     r            7766     {inst13: por_CARRY4_S_CO_INV_I (LUT,site=dlut)}                                                                                                                                    
   por_CARRY4_S_CO_INV_I_O    Net          31            (fanout=14)       1080                     -                                                                                                                                                                                        
   RBB_13/A6                  RBB_6L       13   [TILE 0 0, RBB 7 26]          -     r            8846     {<SR>inst39: spi_miso_FDCE_Q_D_LUT6_O_I0_FDCE_Q_D_LUT6_O_I0_FDCE_Q_D_LUT6_O_I0_FDCE_Q_D_LUT6_O_I0_FDCE_Q_D_LUT6_O_I0_FDCE_Q_D_LUT6_O_I0_FDCE_Q_D_LUT6_O_I0_FDCE_Q (FDCE,site=aff)} 
   --------------------------------------------------------------------------------------------------------------------------------------------------------------------------------------------------------------------------------------------------------------------------------------------
   RBB_13/CLK                 RBB_6L       13   [TILE 0 0, RBB 7 26]        937     r            9783                                                                                                                                                                                        
   clk                        Clock net     2           (fanout=388)      -2302                     -                                                                                                                                                                                        
   clk                        CLOCK-PORT    -                      -    capture     r            7481                                                                                                                                                                                        
   --------------------------------------------------------------------------------------------------------------------------------------------------------------------------------------------------------------------------------------------------------------------------------------------


Path 307:
   Slack (not met):                         -5631ps
     Path type:                               SETUP
     Group:                              <UDEF_clk>
     Launching clock:                           clk (rising edge)
     Capturing clock:                           clk (rising edge)

     Requested period:                       2000ps
   + Delay of the capturing clock:           2302ps
   - Clock uncertainty:                       150ps
   = Required time:                          4152ps
   - Propagation time:                       7459ps (57.3% logic, 42.7% route, logic stage 3)
   - Delay of the launching clock:           2324ps
   = Slack:                                 -5631ps

   Instance/Pin or Net Name   Type         ID     Location or Fanout   Delay(ps)  Edge  Arrival Time(ps)    Instance detail                                                                   
   ---------------------------------------------------------------------------------------------------------------------------------------------------------------------------------------------
   clk                        CLOCK-PORT    -                      -     launch     r               0                                                                                         
   clk                        Clock net     2           (fanout=388)       2324                     -                                                                                         
   RBB_6/CLK                  RBB_6L        6   [TILE 0 0, RBB 1 24]          -     r            2324                                                                                         
   ---------------------------------------------------------------------------------------------------------------------------------------------------------------------------------------------
   RBB_6/CQ                   RBB_6L        6   [TILE 0 0, RBB 1 24]        800     r            3124     {inst15: por_FDRE_Q_1 (FDE,site=cff)}                                               
   por[2]                     Net          26             (fanout=1)       1050                     -                                                                                         
   RBB_6/C1                   RBB_6L        6   [TILE 0 0, RBB 1 24]          -     r            4174                                                                                         
   RBB_6/DMUX                 RBB_6L        6   [TILE 0 0, RBB 1 24]       1831     r            6005     {inst12: por_CARRY4_S (CARRY4)}                                                     
   por_CARRY4_S_CO            Net          73             (fanout=1)       1058                     -                                                                                         
   RBB_8/D2                   RBB_6L        8  [TILE 0 0, RBB 10 26]          -     r            7063                                                                                         
   RBB_8/D                    RBB_6L        8  [TILE 0 0, RBB 10 26]        703     r            7766     {inst13: por_CARRY4_S_CO_INV_I (LUT,site=dlut)}                                     
   por_CARRY4_S_CO_INV_I_O    Net          31            (fanout=14)       1080                     -                                                                                         
   RBB_13/A6                  RBB_6L       13   [TILE 0 0, RBB 7 26]          -     r            8846     {<SR>inst24: spi_miso_FDCE_Q_D_LUT6_O_I0_FDCE_Q_D_LUT6_O_I0_FDCE_Q (FDCE,site=cff)} 
   ---------------------------------------------------------------------------------------------------------------------------------------------------------------------------------------------
   RBB_13/CLK                 RBB_6L       13   [TILE 0 0, RBB 7 26]        937     r            9783                                                                                         
   clk                        Clock net     2           (fanout=388)      -2302                     -                                                                                         
   clk                        CLOCK-PORT    -                      -    capture     r            7481                                                                                         
   ---------------------------------------------------------------------------------------------------------------------------------------------------------------------------------------------


Path 308:
   Slack (not met):                         -5631ps
     Path type:                               SETUP
     Group:                              <UDEF_clk>
     Launching clock:                           clk (rising edge)
     Capturing clock:                           clk (rising edge)

     Requested period:                       2000ps
   + Delay of the capturing clock:           2302ps
   - Clock uncertainty:                       150ps
   = Required time:                          4152ps
   - Propagation time:                       7459ps (57.3% logic, 42.7% route, logic stage 3)
   - Delay of the launching clock:           2324ps
   = Slack:                                 -5631ps

   Instance/Pin or Net Name   Type         ID     Location or Fanout   Delay(ps)  Edge  Arrival Time(ps)    Instance detail                                                                                      
   ----------------------------------------------------------------------------------------------------------------------------------------------------------------------------------------------------------------
   clk                        CLOCK-PORT    -                      -     launch     r               0                                                                                                            
   clk                        Clock net     2           (fanout=388)       2324                     -                                                                                                            
   RBB_6/CLK                  RBB_6L        6   [TILE 0 0, RBB 1 24]          -     r            2324                                                                                                            
   ----------------------------------------------------------------------------------------------------------------------------------------------------------------------------------------------------------------
   RBB_6/CQ                   RBB_6L        6   [TILE 0 0, RBB 1 24]        800     r            3124     {inst15: por_FDRE_Q_1 (FDE,site=cff)}                                                                  
   por[2]                     Net          26             (fanout=1)       1050                     -                                                                                                            
   RBB_6/C1                   RBB_6L        6   [TILE 0 0, RBB 1 24]          -     r            4174                                                                                                            
   RBB_6/DMUX                 RBB_6L        6   [TILE 0 0, RBB 1 24]       1831     r            6005     {inst12: por_CARRY4_S (CARRY4)}                                                                        
   por_CARRY4_S_CO            Net          73             (fanout=1)       1058                     -                                                                                                            
   RBB_8/D2                   RBB_6L        8  [TILE 0 0, RBB 10 26]          -     r            7063                                                                                                            
   RBB_8/D                    RBB_6L        8  [TILE 0 0, RBB 10 26]        703     r            7766     {inst13: por_CARRY4_S_CO_INV_I (LUT,site=dlut)}                                                        
   por_CARRY4_S_CO_INV_I_O    Net          31            (fanout=14)       1080                     -                                                                                                            
   RBB_13/A6                  RBB_6L       13   [TILE 0 0, RBB 7 26]          -     r            8846     {<SR>inst27: spi_miso_FDCE_Q_D_LUT6_O_I0_FDCE_Q_D_LUT6_O_I0_FDCE_Q_D_LUT6_O_I0_FDCE_Q (FDCE,site=bff)} 
   ----------------------------------------------------------------------------------------------------------------------------------------------------------------------------------------------------------------
   RBB_13/CLK                 RBB_6L       13   [TILE 0 0, RBB 7 26]        937     r            9783                                                                                                            
   clk                        Clock net     2           (fanout=388)      -2302                     -                                                                                                            
   clk                        CLOCK-PORT    -                      -    capture     r            7481                                                                                                            
   ----------------------------------------------------------------------------------------------------------------------------------------------------------------------------------------------------------------


Path 309:
   Slack (not met):                         -5631ps
     Path type:                               SETUP
     Group:                              <UDEF_clk>
     Launching clock:                           clk (rising edge)
     Capturing clock:                           clk (rising edge)

     Requested period:                       2000ps
   + Delay of the capturing clock:           2302ps
   - Clock uncertainty:                       150ps
   = Required time:                          4152ps
   - Propagation time:                       7459ps (57.3% logic, 42.7% route, logic stage 3)
   - Delay of the launching clock:           2324ps
   = Slack:                                 -5631ps

   Instance/Pin or Net Name   Type         ID     Location or Fanout   Delay(ps)  Edge  Arrival Time(ps)    Instance detail                                                
   --------------------------------------------------------------------------------------------------------------------------------------------------------------------------
   clk                        CLOCK-PORT    -                      -     launch     r               0                                                                      
   clk                        Clock net     2           (fanout=388)       2324                     -                                                                      
   RBB_6/CLK                  RBB_6L        6   [TILE 0 0, RBB 1 24]          -     r            2324                                                                      
   --------------------------------------------------------------------------------------------------------------------------------------------------------------------------
   RBB_6/CQ                   RBB_6L        6   [TILE 0 0, RBB 1 24]        800     r            3124     {inst15: por_FDRE_Q_1 (FDE,site=cff)}                            
   por[2]                     Net          26             (fanout=1)       1050                     -                                                                      
   RBB_6/C1                   RBB_6L        6   [TILE 0 0, RBB 1 24]          -     r            4174                                                                      
   RBB_6/DMUX                 RBB_6L        6   [TILE 0 0, RBB 1 24]       1831     r            6005     {inst12: por_CARRY4_S (CARRY4)}                                  
   por_CARRY4_S_CO            Net          73             (fanout=1)       1058                     -                                                                      
   RBB_8/D2                   RBB_6L        8  [TILE 0 0, RBB 10 26]          -     r            7063                                                                      
   RBB_8/D                    RBB_6L        8  [TILE 0 0, RBB 10 26]        703     r            7766     {inst13: por_CARRY4_S_CO_INV_I (LUT,site=dlut)}                  
   por_CARRY4_S_CO_INV_I_O    Net          31            (fanout=14)       1080                     -                                                                      
   RBB_13/A6                  RBB_6L       13   [TILE 0 0, RBB 7 26]          -     r            8846     {<SR>inst21: spi_miso_FDCE_Q_D_LUT6_O_I0_FDCE_Q (FDCE,site=dff)} 
   --------------------------------------------------------------------------------------------------------------------------------------------------------------------------
   RBB_13/CLK                 RBB_6L       13   [TILE 0 0, RBB 7 26]        937     r            9783                                                                      
   clk                        Clock net     2           (fanout=388)      -2302                     -                                                                      
   clk                        CLOCK-PORT    -                      -    capture     r            7481                                                                      
   --------------------------------------------------------------------------------------------------------------------------------------------------------------------------


Path 310:
   Slack (not met):                         -5556ps
     Path type:                               SETUP
     Group:                              <UDEF_clk>
     Launching clock:                           clk (rising edge)
     Capturing clock:                           clk (rising edge)

     Requested period:                       2000ps
   + Delay of the capturing clock:           2295ps
   - Clock uncertainty:                       150ps
   = Required time:                          4145ps
   - Propagation time:                       7376ps (50.7% logic, 49.3% route, logic stage 3)
   - Delay of the launching clock:           2325ps
   = Slack:                                 -5556ps

   Instance/Pin or Net Name                                      Type         ID     Location or Fanout   Delay(ps)  Edge  Arrival Time(ps)    Instance detail                                                                                                                                                 
   --------------------------------------------------------------------------------------------------------------------------------------------------------------------------------------------------------------------------------------------------------------------------------------------------------------
   clk                                                           CLOCK-PORT    -                      -     launch     r               0                                                                                                                                                                       
   clk                                                           Clock net     2           (fanout=388)       2325                     -                                                                                                                                                                       
   RBB_11/CLK                                                    RBB_6L       11  [TILE 0 0, RBB 22 18]          -     r            2325                                                                                                                                                                       
   --------------------------------------------------------------------------------------------------------------------------------------------------------------------------------------------------------------------------------------------------------------------------------------------------------------
   RBB_11/DQ                                                     RBB_6L       11  [TILE 0 0, RBB 22 18]        800     r            3125     {inst62: u_spi.r_ss_n_sync_LUT3_I1_O_FDCE_D (FDC,site=dff)}                                                                                                       
   u_spi.r_ss_n_sync_LUT3_I1_O_FDCE_D_Q                          Net          56            (fanout=10)       1470                     -                                                                                                                                                                       
   RBB_7/A1                                                      RBB_6L        7  [TILE 0 0, RBB 25 20]          -     r            4595                                                                                                                                                                       
   RBB_7/BMUX                                                    RBB_6L        7  [TILE 0 0, RBB 25 20]       1356     r            5951     {inst47: spi_mosi_FDCE_D_Q_FDCE_Q_D_LUT4_O_I3_CARRY4_O (CARRY4)}                                                                                                  
   spi_mosi_FDCE_D_Q_FDCE_Q_D_LUT4_O_I3_CARRY4_O_CO_2[3]         Net          76             (fanout=2)        901                     -                                                                                                                                                                       
   RBB_10/A1                                                     RBB_6L       10  [TILE 0 0, RBB 19 20]          -     r            6852                                                                                                                                                                       
   RBB_10/A                                                      RBB_6L       10  [TILE 0 0, RBB 19 20]        763     r            7615     {inst48: spi_mosi_FDCE_D_Q_FDCE_Q_D_LUT4_O_I3_CARRY4_O_CO_2_LUT4_I2 (LUT,site=alut)}                                                                              
   spi_mosi_FDCE_D_Q_FDCE_Q_D_LUT4_O_I3_CARRY4_O_CO_2_LUT4_I2_O  Net          54             (fanout=2)       1269                     -                                                                                                                                                                       
   RBB_8/A6                                                      RBB_6L        8  [TILE 0 0, RBB 10 26]          -     r            8884     {<CE>inst37: spi_miso_FDCE_Q_D_LUT6_O_I0_FDCE_Q_D_LUT6_O_I0_FDCE_Q_D_LUT6_O_I0_FDCE_Q_D_LUT6_O_I0_FDCE_Q_D_LUT6_O_I0_FDCE_Q_D_LUT6_O_I0_FDCE_Q_1 (FDCE,site=aff)} 
   --------------------------------------------------------------------------------------------------------------------------------------------------------------------------------------------------------------------------------------------------------------------------------------------------------------
   RBB_8/CLK                                                     RBB_6L        8  [TILE 0 0, RBB 10 26]        817     r            9701                                                                                                                                                                       
   clk                                                           Clock net     2           (fanout=388)      -2295                     -                                                                                                                                                                       
   clk                                                           CLOCK-PORT    -                      -    capture     r            7406                                                                                                                                                                       
   --------------------------------------------------------------------------------------------------------------------------------------------------------------------------------------------------------------------------------------------------------------------------------------------------------------


Path 311:
   Slack (not met):                         -5556ps
     Path type:                               SETUP
     Group:                              <UDEF_clk>
     Launching clock:                           clk (rising edge)
     Capturing clock:                           clk (rising edge)

     Requested period:                       2000ps
   + Delay of the capturing clock:           2295ps
   - Clock uncertainty:                       150ps
   = Required time:                          4145ps
   - Propagation time:                       7376ps (50.7% logic, 49.3% route, logic stage 3)
   - Delay of the launching clock:           2325ps
   = Slack:                                 -5556ps

   Instance/Pin or Net Name                                      Type         ID     Location or Fanout   Delay(ps)  Edge  Arrival Time(ps)    Instance detail                                                                                                                              
   -------------------------------------------------------------------------------------------------------------------------------------------------------------------------------------------------------------------------------------------------------------------------------------------
   clk                                                           CLOCK-PORT    -                      -     launch     r               0                                                                                                                                                    
   clk                                                           Clock net     2           (fanout=388)       2325                     -                                                                                                                                                    
   RBB_11/CLK                                                    RBB_6L       11  [TILE 0 0, RBB 22 18]          -     r            2325                                                                                                                                                    
   -------------------------------------------------------------------------------------------------------------------------------------------------------------------------------------------------------------------------------------------------------------------------------------------
   RBB_11/DQ                                                     RBB_6L       11  [TILE 0 0, RBB 22 18]        800     r            3125     {inst62: u_spi.r_ss_n_sync_LUT3_I1_O_FDCE_D (FDC,site=dff)}                                                                                    
   u_spi.r_ss_n_sync_LUT3_I1_O_FDCE_D_Q                          Net          56            (fanout=10)       1470                     -                                                                                                                                                    
   RBB_7/A1                                                      RBB_6L        7  [TILE 0 0, RBB 25 20]          -     r            4595                                                                                                                                                    
   RBB_7/BMUX                                                    RBB_6L        7  [TILE 0 0, RBB 25 20]       1356     r            5951     {inst47: spi_mosi_FDCE_D_Q_FDCE_Q_D_LUT4_O_I3_CARRY4_O (CARRY4)}                                                                               
   spi_mosi_FDCE_D_Q_FDCE_Q_D_LUT4_O_I3_CARRY4_O_CO_2[3]         Net          76             (fanout=2)        901                     -                                                                                                                                                    
   RBB_10/A1                                                     RBB_6L       10  [TILE 0 0, RBB 19 20]          -     r            6852                                                                                                                                                    
   RBB_10/A                                                      RBB_6L       10  [TILE 0 0, RBB 19 20]        763     r            7615     {inst48: spi_mosi_FDCE_D_Q_FDCE_Q_D_LUT4_O_I3_CARRY4_O_CO_2_LUT4_I2 (LUT,site=alut)}                                                           
   spi_mosi_FDCE_D_Q_FDCE_Q_D_LUT4_O_I3_CARRY4_O_CO_2_LUT4_I2_O  Net          54             (fanout=2)       1269                     -                                                                                                                                                    
   RBB_8/A6                                                      RBB_6L        8  [TILE 0 0, RBB 10 26]          -     r            8884     {<CE>inst34: spi_miso_FDCE_Q_D_LUT6_O_I0_FDCE_Q_D_LUT6_O_I0_FDCE_Q_D_LUT6_O_I0_FDCE_Q_D_LUT6_O_I0_FDCE_Q_D_LUT6_O_I0_FDCE_Q_1 (FDCE,site=bff)} 
   -------------------------------------------------------------------------------------------------------------------------------------------------------------------------------------------------------------------------------------------------------------------------------------------
   RBB_8/CLK                                                     RBB_6L        8  [TILE 0 0, RBB 10 26]        817     r            9701                                                                                                                                                    
   clk                                                           Clock net     2           (fanout=388)      -2295                     -                                                                                                                                                    
   clk                                                           CLOCK-PORT    -                      -    capture     r            7406                                                                                                                                                    
   -------------------------------------------------------------------------------------------------------------------------------------------------------------------------------------------------------------------------------------------------------------------------------------------


Path 312:
   Slack (not met):                         -5556ps
     Path type:                               SETUP
     Group:                              <UDEF_clk>
     Launching clock:                           clk (rising edge)
     Capturing clock:                           clk (rising edge)

     Requested period:                       2000ps
   + Delay of the capturing clock:           2295ps
   - Clock uncertainty:                       150ps
   = Required time:                          4145ps
   - Propagation time:                       7376ps (50.7% logic, 49.3% route, logic stage 3)
   - Delay of the launching clock:           2325ps
   = Slack:                                 -5556ps

   Instance/Pin or Net Name                                      Type         ID     Location or Fanout   Delay(ps)  Edge  Arrival Time(ps)    Instance detail                                                                     
   ----------------------------------------------------------------------------------------------------------------------------------------------------------------------------------------------------------------------------------
   clk                                                           CLOCK-PORT    -                      -     launch     r               0                                                                                           
   clk                                                           Clock net     2           (fanout=388)       2325                     -                                                                                           
   RBB_11/CLK                                                    RBB_6L       11  [TILE 0 0, RBB 22 18]          -     r            2325                                                                                           
   ----------------------------------------------------------------------------------------------------------------------------------------------------------------------------------------------------------------------------------
   RBB_11/DQ                                                     RBB_6L       11  [TILE 0 0, RBB 22 18]        800     r            3125     {inst62: u_spi.r_ss_n_sync_LUT3_I1_O_FDCE_D (FDC,site=dff)}                           
   u_spi.r_ss_n_sync_LUT3_I1_O_FDCE_D_Q                          Net          56            (fanout=10)       1470                     -                                                                                           
   RBB_7/A1                                                      RBB_6L        7  [TILE 0 0, RBB 25 20]          -     r            4595                                                                                           
   RBB_7/BMUX                                                    RBB_6L        7  [TILE 0 0, RBB 25 20]       1356     r            5951     {inst47: spi_mosi_FDCE_D_Q_FDCE_Q_D_LUT4_O_I3_CARRY4_O (CARRY4)}                      
   spi_mosi_FDCE_D_Q_FDCE_Q_D_LUT4_O_I3_CARRY4_O_CO_2[3]         Net          76             (fanout=2)        901                     -                                                                                           
   RBB_10/A1                                                     RBB_6L       10  [TILE 0 0, RBB 19 20]          -     r            6852                                                                                           
   RBB_10/A                                                      RBB_6L       10  [TILE 0 0, RBB 19 20]        763     r            7615     {inst48: spi_mosi_FDCE_D_Q_FDCE_Q_D_LUT4_O_I3_CARRY4_O_CO_2_LUT4_I2 (LUT,site=alut)}  
   spi_mosi_FDCE_D_Q_FDCE_Q_D_LUT4_O_I3_CARRY4_O_CO_2_LUT4_I2_O  Net          54             (fanout=2)       1269                     -                                                                                           
   RBB_8/A6                                                      RBB_6L        8  [TILE 0 0, RBB 10 26]          -     r            8884     {<CE>inst25: spi_miso_FDCE_Q_D_LUT6_O_I0_FDCE_Q_D_LUT6_O_I0_FDCE_Q_1 (FDCE,site=cff)} 
   ----------------------------------------------------------------------------------------------------------------------------------------------------------------------------------------------------------------------------------
   RBB_8/CLK                                                     RBB_6L        8  [TILE 0 0, RBB 10 26]        817     r            9701                                                                                           
   clk                                                           Clock net     2           (fanout=388)      -2295                     -                                                                                           
   clk                                                           CLOCK-PORT    -                      -    capture     r            7406                                                                                           
   ----------------------------------------------------------------------------------------------------------------------------------------------------------------------------------------------------------------------------------


Path 313:
   Slack (not met):                         -5556ps
     Path type:                               SETUP
     Group:                              <UDEF_clk>
     Launching clock:                           clk (rising edge)
     Capturing clock:                           clk (rising edge)

     Requested period:                       2000ps
   + Delay of the capturing clock:           2295ps
   - Clock uncertainty:                       150ps
   = Required time:                          4145ps
   - Propagation time:                       7376ps (50.7% logic, 49.3% route, logic stage 3)
   - Delay of the launching clock:           2325ps
   = Slack:                                 -5556ps

   Instance/Pin or Net Name                                      Type         ID     Location or Fanout   Delay(ps)  Edge  Arrival Time(ps)    Instance detail                                                                                                            
   -------------------------------------------------------------------------------------------------------------------------------------------------------------------------------------------------------------------------------------------------------------------------
   clk                                                           CLOCK-PORT    -                      -     launch     r               0                                                                                                                                  
   clk                                                           Clock net     2           (fanout=388)       2325                     -                                                                                                                                  
   RBB_11/CLK                                                    RBB_6L       11  [TILE 0 0, RBB 22 18]          -     r            2325                                                                                                                                  
   -------------------------------------------------------------------------------------------------------------------------------------------------------------------------------------------------------------------------------------------------------------------------
   RBB_11/DQ                                                     RBB_6L       11  [TILE 0 0, RBB 22 18]        800     r            3125     {inst62: u_spi.r_ss_n_sync_LUT3_I1_O_FDCE_D (FDC,site=dff)}                                                                  
   u_spi.r_ss_n_sync_LUT3_I1_O_FDCE_D_Q                          Net          56            (fanout=10)       1470                     -                                                                                                                                  
   RBB_7/A1                                                      RBB_6L        7  [TILE 0 0, RBB 25 20]          -     r            4595                                                                                                                                  
   RBB_7/BMUX                                                    RBB_6L        7  [TILE 0 0, RBB 25 20]       1356     r            5951     {inst47: spi_mosi_FDCE_D_Q_FDCE_Q_D_LUT4_O_I3_CARRY4_O (CARRY4)}                                                             
   spi_mosi_FDCE_D_Q_FDCE_Q_D_LUT4_O_I3_CARRY4_O_CO_2[3]         Net          76             (fanout=2)        901                     -                                                                                                                                  
   RBB_10/A1                                                     RBB_6L       10  [TILE 0 0, RBB 19 20]          -     r            6852                                                                                                                                  
   RBB_10/A                                                      RBB_6L       10  [TILE 0 0, RBB 19 20]        763     r            7615     {inst48: spi_mosi_FDCE_D_Q_FDCE_Q_D_LUT4_O_I3_CARRY4_O_CO_2_LUT4_I2 (LUT,site=alut)}                                         
   spi_mosi_FDCE_D_Q_FDCE_Q_D_LUT4_O_I3_CARRY4_O_CO_2_LUT4_I2_O  Net          54             (fanout=2)       1269                     -                                                                                                                                  
   RBB_8/A6                                                      RBB_6L        8  [TILE 0 0, RBB 10 26]          -     r            8884     {<CE>inst31: spi_miso_FDCE_Q_D_LUT6_O_I0_FDCE_Q_D_LUT6_O_I0_FDCE_Q_D_LUT6_O_I0_FDCE_Q_D_LUT6_O_I0_FDCE_Q_1 (FDCE,site=cffo)} 
   -------------------------------------------------------------------------------------------------------------------------------------------------------------------------------------------------------------------------------------------------------------------------
   RBB_8/CLK                                                     RBB_6L        8  [TILE 0 0, RBB 10 26]        817     r            9701                                                                                                                                  
   clk                                                           Clock net     2           (fanout=388)      -2295                     -                                                                                                                                  
   clk                                                           CLOCK-PORT    -                      -    capture     r            7406                                                                                                                                  
   -------------------------------------------------------------------------------------------------------------------------------------------------------------------------------------------------------------------------------------------------------------------------


Path 314:
   Slack (not met):                         -5556ps
     Path type:                               SETUP
     Group:                              <UDEF_clk>
     Launching clock:                           clk (rising edge)
     Capturing clock:                           clk (rising edge)

     Requested period:                       2000ps
   + Delay of the capturing clock:           2295ps
   - Clock uncertainty:                       150ps
   = Required time:                          4145ps
   - Propagation time:                       7376ps (50.7% logic, 49.3% route, logic stage 3)
   - Delay of the launching clock:           2325ps
   = Slack:                                 -5556ps

   Instance/Pin or Net Name                                      Type         ID     Location or Fanout   Delay(ps)  Edge  Arrival Time(ps)    Instance detail                                                                    
   ---------------------------------------------------------------------------------------------------------------------------------------------------------------------------------------------------------------------------------
   clk                                                           CLOCK-PORT    -                      -     launch     r               0                                                                                          
   clk                                                           Clock net     2           (fanout=388)       2325                     -                                                                                          
   RBB_11/CLK                                                    RBB_6L       11  [TILE 0 0, RBB 22 18]          -     r            2325                                                                                          
   ---------------------------------------------------------------------------------------------------------------------------------------------------------------------------------------------------------------------------------
   RBB_11/DQ                                                     RBB_6L       11  [TILE 0 0, RBB 22 18]        800     r            3125     {inst62: u_spi.r_ss_n_sync_LUT3_I1_O_FDCE_D (FDC,site=dff)}                          
   u_spi.r_ss_n_sync_LUT3_I1_O_FDCE_D_Q                          Net          56            (fanout=10)       1470                     -                                                                                          
   RBB_7/A1                                                      RBB_6L        7  [TILE 0 0, RBB 25 20]          -     r            4595                                                                                          
   RBB_7/BMUX                                                    RBB_6L        7  [TILE 0 0, RBB 25 20]       1356     r            5951     {inst47: spi_mosi_FDCE_D_Q_FDCE_Q_D_LUT4_O_I3_CARRY4_O (CARRY4)}                     
   spi_mosi_FDCE_D_Q_FDCE_Q_D_LUT4_O_I3_CARRY4_O_CO_2[3]         Net          76             (fanout=2)        901                     -                                                                                          
   RBB_10/A1                                                     RBB_6L       10  [TILE 0 0, RBB 19 20]          -     r            6852                                                                                          
   RBB_10/A                                                      RBB_6L       10  [TILE 0 0, RBB 19 20]        763     r            7615     {inst48: spi_mosi_FDCE_D_Q_FDCE_Q_D_LUT4_O_I3_CARRY4_O_CO_2_LUT4_I2 (LUT,site=alut)} 
   spi_mosi_FDCE_D_Q_FDCE_Q_D_LUT4_O_I3_CARRY4_O_CO_2_LUT4_I2_O  Net          54             (fanout=2)       1269                     -                                                                                          
   RBB_8/A6                                                      RBB_6L        8  [TILE 0 0, RBB 10 26]          -     r            8884     {<CE>inst22: spi_miso_FDCE_Q_D_LUT6_O_I0_FDCE_Q_1 (FDCE,site=dff)}                   
   ---------------------------------------------------------------------------------------------------------------------------------------------------------------------------------------------------------------------------------
   RBB_8/CLK                                                     RBB_6L        8  [TILE 0 0, RBB 10 26]        817     r            9701                                                                                          
   clk                                                           Clock net     2           (fanout=388)      -2295                     -                                                                                          
   clk                                                           CLOCK-PORT    -                      -    capture     r            7406                                                                                          
   ---------------------------------------------------------------------------------------------------------------------------------------------------------------------------------------------------------------------------------


Path 315:
   Slack (not met):                         -5415ps
     Path type:                               SETUP
     Group:                              <UDEF_clk>
     Launching clock:                           clk (rising edge)
     Capturing clock:                           clk (rising edge)

     Requested period:                       2000ps
   + Delay of the capturing clock:           2347ps
   - Clock uncertainty:                       150ps
   = Required time:                          4197ps
   - Propagation time:                       7288ps (54.2% logic, 45.8% route, logic stage 3)
   - Delay of the launching clock:           2324ps
   = Slack:                                 -5415ps

   Instance/Pin or Net Name   Type         ID     Location or Fanout   Delay(ps)  Edge  Arrival Time(ps)    Instance detail                               
   ---------------------------------------------------------------------------------------------------------------------------------------------------------
   clk                        CLOCK-PORT    -                      -     launch     r               0                                                     
   clk                        Clock net     2           (fanout=388)       2324                     -                                                     
   RBB_6/CLK                  RBB_6L        6   [TILE 0 0, RBB 1 24]          -     r            2324                                                     
   ---------------------------------------------------------------------------------------------------------------------------------------------------------
   RBB_6/CQ                   RBB_6L        6   [TILE 0 0, RBB 1 24]        800     r            3124     {inst15: por_FDRE_Q_1 (FDE,site=cff)}           
   por[2]                     Net          26             (fanout=1)       1050                     -                                                     
   RBB_6/C1                   RBB_6L        6   [TILE 0 0, RBB 1 24]          -     r            4174                                                     
   RBB_6/DMUX                 RBB_6L        6   [TILE 0 0, RBB 1 24]       1831     r            6005     {inst12: por_CARRY4_S (CARRY4)}                 
   por_CARRY4_S_CO            Net          73             (fanout=1)       1058                     -                                                     
   RBB_8/D2                   RBB_6L        8  [TILE 0 0, RBB 10 26]          -     r            7063                                                     
   RBB_8/D                    RBB_6L        8  [TILE 0 0, RBB 10 26]        703     r            7766     {inst13: por_CARRY4_S_CO_INV_I (LUT,site=dlut)} 
   por_CARRY4_S_CO_INV_I_O    Net          31            (fanout=14)       1233                     -                                                     
   RBB_9/B6                   RBB_6L        9  [TILE 0 0, RBB 19 22]          -     r            8999     {<SR>inst44: spi_mosi_FDCE_D (FDCE,site=cff)}   
   ---------------------------------------------------------------------------------------------------------------------------------------------------------
   RBB_9/CLK                  RBB_6L        9  [TILE 0 0, RBB 19 22]        613     r            9612                                                     
   clk                        Clock net     2           (fanout=388)      -2347                     -                                                     
   clk                        CLOCK-PORT    -                      -    capture     r            7265                                                     
   ---------------------------------------------------------------------------------------------------------------------------------------------------------


Path 316:
   Slack (not met):                         -5415ps
     Path type:                               SETUP
     Group:                              <UDEF_clk>
     Launching clock:                           clk (rising edge)
     Capturing clock:                           clk (rising edge)

     Requested period:                       2000ps
   + Delay of the capturing clock:           2347ps
   - Clock uncertainty:                       150ps
   = Required time:                          4197ps
   - Propagation time:                       7288ps (54.2% logic, 45.8% route, logic stage 3)
   - Delay of the launching clock:           2324ps
   = Slack:                                 -5415ps

   Instance/Pin or Net Name   Type         ID     Location or Fanout   Delay(ps)  Edge  Arrival Time(ps)    Instance detail                                                                                                                                                                    
   ----------------------------------------------------------------------------------------------------------------------------------------------------------------------------------------------------------------------------------------------------------------------------------------------
   clk                        CLOCK-PORT    -                      -     launch     r               0                                                                                                                                                                                          
   clk                        Clock net     2           (fanout=388)       2324                     -                                                                                                                                                                                          
   RBB_6/CLK                  RBB_6L        6   [TILE 0 0, RBB 1 24]          -     r            2324                                                                                                                                                                                          
   ----------------------------------------------------------------------------------------------------------------------------------------------------------------------------------------------------------------------------------------------------------------------------------------------
   RBB_6/CQ                   RBB_6L        6   [TILE 0 0, RBB 1 24]        800     r            3124     {inst15: por_FDRE_Q_1 (FDE,site=cff)}                                                                                                                                                
   por[2]                     Net          26             (fanout=1)       1050                     -                                                                                                                                                                                          
   RBB_6/C1                   RBB_6L        6   [TILE 0 0, RBB 1 24]          -     r            4174                                                                                                                                                                                          
   RBB_6/DMUX                 RBB_6L        6   [TILE 0 0, RBB 1 24]       1831     r            6005     {inst12: por_CARRY4_S (CARRY4)}                                                                                                                                                      
   por_CARRY4_S_CO            Net          73             (fanout=1)       1058                     -                                                                                                                                                                                          
   RBB_8/D2                   RBB_6L        8  [TILE 0 0, RBB 10 26]          -     r            7063                                                                                                                                                                                          
   RBB_8/D                    RBB_6L        8  [TILE 0 0, RBB 10 26]        703     r            7766     {inst13: por_CARRY4_S_CO_INV_I (LUT,site=dlut)}                                                                                                                                      
   por_CARRY4_S_CO_INV_I_O    Net          31            (fanout=14)       1233                     -                                                                                                                                                                                          
   RBB_9/B6                   RBB_6L        9  [TILE 0 0, RBB 19 22]          -     r            8999     {<SR>inst40: spi_miso_FDCE_Q_D_LUT6_O_I0_FDCE_Q_D_LUT6_O_I0_FDCE_Q_D_LUT6_O_I0_FDCE_Q_D_LUT6_O_I0_FDCE_Q_D_LUT6_O_I0_FDCE_Q_D_LUT6_O_I0_FDCE_Q_D_LUT6_O_I0_FDCE_Q_1 (FDCE,site=dff)} 
   ----------------------------------------------------------------------------------------------------------------------------------------------------------------------------------------------------------------------------------------------------------------------------------------------
   RBB_9/CLK                  RBB_6L        9  [TILE 0 0, RBB 19 22]        613     r            9612                                                                                                                                                                                          
   clk                        Clock net     2           (fanout=388)      -2347                     -                                                                                                                                                                                          
   clk                        CLOCK-PORT    -                      -    capture     r            7265                                                                                                                                                                                          
   ----------------------------------------------------------------------------------------------------------------------------------------------------------------------------------------------------------------------------------------------------------------------------------------------


Path 317:
   Slack (not met):                         -5192ps
     Path type:                               SETUP
     Group:                              <UDEF_clk>
     Launching clock:                           clk (rising edge)
     Capturing clock:                           clk (rising edge)

     Requested period:                       2000ps
   + Delay of the capturing clock:           2295ps
   - Clock uncertainty:                       150ps
   = Required time:                          4145ps
   - Propagation time:                       7013ps (61.6% logic, 38.4% route, logic stage 3)
   - Delay of the launching clock:           2324ps
   = Slack:                                 -5192ps

   Instance/Pin or Net Name   Type         ID     Location or Fanout   Delay(ps)  Edge  Arrival Time(ps)    Instance detail                                                                                                                                                 
   ---------------------------------------------------------------------------------------------------------------------------------------------------------------------------------------------------------------------------------------------------------------------------
   clk                        CLOCK-PORT    -                      -     launch     r               0                                                                                                                                                                       
   clk                        Clock net     2           (fanout=388)       2324                     -                                                                                                                                                                       
   RBB_6/CLK                  RBB_6L        6   [TILE 0 0, RBB 1 24]          -     r            2324                                                                                                                                                                       
   ---------------------------------------------------------------------------------------------------------------------------------------------------------------------------------------------------------------------------------------------------------------------------
   RBB_6/CQ                   RBB_6L        6   [TILE 0 0, RBB 1 24]        800     r            3124     {inst15: por_FDRE_Q_1 (FDE,site=cff)}                                                                                                                             
   por[2]                     Net          26             (fanout=1)       1050                     -                                                                                                                                                                       
   RBB_6/C1                   RBB_6L        6   [TILE 0 0, RBB 1 24]          -     r            4174                                                                                                                                                                       
   RBB_6/DMUX                 RBB_6L        6   [TILE 0 0, RBB 1 24]       1831     r            6005     {inst12: por_CARRY4_S (CARRY4)}                                                                                                                                   
   por_CARRY4_S_CO            Net          73             (fanout=1)       1058                     -                                                                                                                                                                       
   RBB_8/D2                   RBB_6L        8  [TILE 0 0, RBB 10 26]          -     r            7063                                                                                                                                                                       
   RBB_8/D                    RBB_6L        8  [TILE 0 0, RBB 10 26]        703     r            7766     {inst13: por_CARRY4_S_CO_INV_I (LUT,site=dlut)}                                                                                                                   
   por_CARRY4_S_CO_INV_I_O    Net          31            (fanout=14)        584                     -                                                                                                                                                                       
   RBB_8/B6                   RBB_6L        8  [TILE 0 0, RBB 10 26]          -     r            8350     {<SR>inst37: spi_miso_FDCE_Q_D_LUT6_O_I0_FDCE_Q_D_LUT6_O_I0_FDCE_Q_D_LUT6_O_I0_FDCE_Q_D_LUT6_O_I0_FDCE_Q_D_LUT6_O_I0_FDCE_Q_D_LUT6_O_I0_FDCE_Q_1 (FDCE,site=aff)} 
   ---------------------------------------------------------------------------------------------------------------------------------------------------------------------------------------------------------------------------------------------------------------------------
   RBB_8/CLK                  RBB_6L        8  [TILE 0 0, RBB 10 26]        987     r            9337                                                                                                                                                                       
   clk                        Clock net     2           (fanout=388)      -2295                     -                                                                                                                                                                       
   clk                        CLOCK-PORT    -                      -    capture     r            7042                                                                                                                                                                       
   ---------------------------------------------------------------------------------------------------------------------------------------------------------------------------------------------------------------------------------------------------------------------------


Path 318:
   Slack (not met):                         -5192ps
     Path type:                               SETUP
     Group:                              <UDEF_clk>
     Launching clock:                           clk (rising edge)
     Capturing clock:                           clk (rising edge)

     Requested period:                       2000ps
   + Delay of the capturing clock:           2295ps
   - Clock uncertainty:                       150ps
   = Required time:                          4145ps
   - Propagation time:                       7013ps (61.6% logic, 38.4% route, logic stage 3)
   - Delay of the launching clock:           2324ps
   = Slack:                                 -5192ps

   Instance/Pin or Net Name   Type         ID     Location or Fanout   Delay(ps)  Edge  Arrival Time(ps)    Instance detail                                                  
   ----------------------------------------------------------------------------------------------------------------------------------------------------------------------------
   clk                        CLOCK-PORT    -                      -     launch     r               0                                                                        
   clk                        Clock net     2           (fanout=388)       2324                     -                                                                        
   RBB_6/CLK                  RBB_6L        6   [TILE 0 0, RBB 1 24]          -     r            2324                                                                        
   ----------------------------------------------------------------------------------------------------------------------------------------------------------------------------
   RBB_6/CQ                   RBB_6L        6   [TILE 0 0, RBB 1 24]        800     r            3124     {inst15: por_FDRE_Q_1 (FDE,site=cff)}                              
   por[2]                     Net          26             (fanout=1)       1050                     -                                                                        
   RBB_6/C1                   RBB_6L        6   [TILE 0 0, RBB 1 24]          -     r            4174                                                                        
   RBB_6/DMUX                 RBB_6L        6   [TILE 0 0, RBB 1 24]       1831     r            6005     {inst12: por_CARRY4_S (CARRY4)}                                    
   por_CARRY4_S_CO            Net          73             (fanout=1)       1058                     -                                                                        
   RBB_8/D2                   RBB_6L        8  [TILE 0 0, RBB 10 26]          -     r            7063                                                                        
   RBB_8/D                    RBB_6L        8  [TILE 0 0, RBB 10 26]        703     r            7766     {inst13: por_CARRY4_S_CO_INV_I (LUT,site=dlut)}                    
   por_CARRY4_S_CO_INV_I_O    Net          31            (fanout=14)        584                     -                                                                        
   RBB_8/B6                   RBB_6L        8  [TILE 0 0, RBB 10 26]          -     r            8350     {<SR>inst22: spi_miso_FDCE_Q_D_LUT6_O_I0_FDCE_Q_1 (FDCE,site=dff)} 
   ----------------------------------------------------------------------------------------------------------------------------------------------------------------------------
   RBB_8/CLK                  RBB_6L        8  [TILE 0 0, RBB 10 26]        987     r            9337                                                                        
   clk                        Clock net     2           (fanout=388)      -2295                     -                                                                        
   clk                        CLOCK-PORT    -                      -    capture     r            7042                                                                        
   ----------------------------------------------------------------------------------------------------------------------------------------------------------------------------


Path 319:
   Slack (not met):                         -5192ps
     Path type:                               SETUP
     Group:                              <UDEF_clk>
     Launching clock:                           clk (rising edge)
     Capturing clock:                           clk (rising edge)

     Requested period:                       2000ps
   + Delay of the capturing clock:           2295ps
   - Clock uncertainty:                       150ps
   = Required time:                          4145ps
   - Propagation time:                       7013ps (61.6% logic, 38.4% route, logic stage 3)
   - Delay of the launching clock:           2324ps
   = Slack:                                 -5192ps

   Instance/Pin or Net Name   Type         ID     Location or Fanout   Delay(ps)  Edge  Arrival Time(ps)    Instance detail                                                                     
   -----------------------------------------------------------------------------------------------------------------------------------------------------------------------------------------------
   clk                        CLOCK-PORT    -                      -     launch     r               0                                                                                           
   clk                        Clock net     2           (fanout=388)       2324                     -                                                                                           
   RBB_6/CLK                  RBB_6L        6   [TILE 0 0, RBB 1 24]          -     r            2324                                                                                           
   -----------------------------------------------------------------------------------------------------------------------------------------------------------------------------------------------
   RBB_6/CQ                   RBB_6L        6   [TILE 0 0, RBB 1 24]        800     r            3124     {inst15: por_FDRE_Q_1 (FDE,site=cff)}                                                 
   por[2]                     Net          26             (fanout=1)       1050                     -                                                                                           
   RBB_6/C1                   RBB_6L        6   [TILE 0 0, RBB 1 24]          -     r            4174                                                                                           
   RBB_6/DMUX                 RBB_6L        6   [TILE 0 0, RBB 1 24]       1831     r            6005     {inst12: por_CARRY4_S (CARRY4)}                                                       
   por_CARRY4_S_CO            Net          73             (fanout=1)       1058                     -                                                                                           
   RBB_8/D2                   RBB_6L        8  [TILE 0 0, RBB 10 26]          -     r            7063                                                                                           
   RBB_8/D                    RBB_6L        8  [TILE 0 0, RBB 10 26]        703     r            7766     {inst13: por_CARRY4_S_CO_INV_I (LUT,site=dlut)}                                       
   por_CARRY4_S_CO_INV_I_O    Net          31            (fanout=14)        584                     -                                                                                           
   RBB_8/B6                   RBB_6L        8  [TILE 0 0, RBB 10 26]          -     r            8350     {<SR>inst25: spi_miso_FDCE_Q_D_LUT6_O_I0_FDCE_Q_D_LUT6_O_I0_FDCE_Q_1 (FDCE,site=cff)} 
   -----------------------------------------------------------------------------------------------------------------------------------------------------------------------------------------------
   RBB_8/CLK                  RBB_6L        8  [TILE 0 0, RBB 10 26]        987     r            9337                                                                                           
   clk                        Clock net     2           (fanout=388)      -2295                     -                                                                                           
   clk                        CLOCK-PORT    -                      -    capture     r            7042                                                                                           
   -----------------------------------------------------------------------------------------------------------------------------------------------------------------------------------------------


Path 320:
   Slack (not met):                         -5192ps
     Path type:                               SETUP
     Group:                              <UDEF_clk>
     Launching clock:                           clk (rising edge)
     Capturing clock:                           clk (rising edge)

     Requested period:                       2000ps
   + Delay of the capturing clock:           2295ps
   - Clock uncertainty:                       150ps
   = Required time:                          4145ps
   - Propagation time:                       7013ps (61.6% logic, 38.4% route, logic stage 3)
   - Delay of the launching clock:           2324ps
   = Slack:                                 -5192ps

   Instance/Pin or Net Name   Type         ID     Location or Fanout   Delay(ps)  Edge  Arrival Time(ps)    Instance detail                                                                                                                              
   --------------------------------------------------------------------------------------------------------------------------------------------------------------------------------------------------------------------------------------------------------
   clk                        CLOCK-PORT    -                      -     launch     r               0                                                                                                                                                    
   clk                        Clock net     2           (fanout=388)       2324                     -                                                                                                                                                    
   RBB_6/CLK                  RBB_6L        6   [TILE 0 0, RBB 1 24]          -     r            2324                                                                                                                                                    
   --------------------------------------------------------------------------------------------------------------------------------------------------------------------------------------------------------------------------------------------------------
   RBB_6/CQ                   RBB_6L        6   [TILE 0 0, RBB 1 24]        800     r            3124     {inst15: por_FDRE_Q_1 (FDE,site=cff)}                                                                                                          
   por[2]                     Net          26             (fanout=1)       1050                     -                                                                                                                                                    
   RBB_6/C1                   RBB_6L        6   [TILE 0 0, RBB 1 24]          -     r            4174                                                                                                                                                    
   RBB_6/DMUX                 RBB_6L        6   [TILE 0 0, RBB 1 24]       1831     r            6005     {inst12: por_CARRY4_S (CARRY4)}                                                                                                                
   por_CARRY4_S_CO            Net          73             (fanout=1)       1058                     -                                                                                                                                                    
   RBB_8/D2                   RBB_6L        8  [TILE 0 0, RBB 10 26]          -     r            7063                                                                                                                                                    
   RBB_8/D                    RBB_6L        8  [TILE 0 0, RBB 10 26]        703     r            7766     {inst13: por_CARRY4_S_CO_INV_I (LUT,site=dlut)}                                                                                                
   por_CARRY4_S_CO_INV_I_O    Net          31            (fanout=14)        584                     -                                                                                                                                                    
   RBB_8/B6                   RBB_6L        8  [TILE 0 0, RBB 10 26]          -     r            8350     {<SR>inst34: spi_miso_FDCE_Q_D_LUT6_O_I0_FDCE_Q_D_LUT6_O_I0_FDCE_Q_D_LUT6_O_I0_FDCE_Q_D_LUT6_O_I0_FDCE_Q_D_LUT6_O_I0_FDCE_Q_1 (FDCE,site=bff)} 
   --------------------------------------------------------------------------------------------------------------------------------------------------------------------------------------------------------------------------------------------------------
   RBB_8/CLK                  RBB_6L        8  [TILE 0 0, RBB 10 26]        987     r            9337                                                                                                                                                    
   clk                        Clock net     2           (fanout=388)      -2295                     -                                                                                                                                                    
   clk                        CLOCK-PORT    -                      -    capture     r            7042                                                                                                                                                    
   --------------------------------------------------------------------------------------------------------------------------------------------------------------------------------------------------------------------------------------------------------


Path 321:
   Slack (not met):                         -5134ps
     Path type:                               SETUP
     Group:                              <UDEF_clk>
     Launching clock:                           clk (rising edge)
     Capturing clock:                           clk (rising edge)

     Requested period:                       2000ps
   + Delay of the capturing clock:           2347ps
   - Clock uncertainty:                       150ps
   = Required time:                          4197ps
   - Propagation time:                       7006ps (56.8% logic, 43.2% route, logic stage 3)
   - Delay of the launching clock:           2325ps
   = Slack:                                 -5134ps

   Instance/Pin or Net Name                                      Type         ID     Location or Fanout   Delay(ps)  Edge  Arrival Time(ps)    Instance detail                                                                    
   ---------------------------------------------------------------------------------------------------------------------------------------------------------------------------------------------------------------------------------
   clk                                                           CLOCK-PORT    -                      -     launch     r               0                                                                                          
   clk                                                           Clock net     2           (fanout=388)       2325                     -                                                                                          
   RBB_11/CLK                                                    RBB_6L       11  [TILE 0 0, RBB 22 18]          -     r            2325                                                                                          
   ---------------------------------------------------------------------------------------------------------------------------------------------------------------------------------------------------------------------------------
   RBB_11/DQ                                                     RBB_6L       11  [TILE 0 0, RBB 22 18]        800     r            3125     {inst62: u_spi.r_ss_n_sync_LUT3_I1_O_FDCE_D (FDC,site=dff)}                          
   u_spi.r_ss_n_sync_LUT3_I1_O_FDCE_D_Q                          Net          56            (fanout=10)       1470                     -                                                                                          
   RBB_7/A1                                                      RBB_6L        7  [TILE 0 0, RBB 25 20]          -     r            4595                                                                                          
   RBB_7/BMUX                                                    RBB_6L        7  [TILE 0 0, RBB 25 20]       1356     r            5951     {inst47: spi_mosi_FDCE_D_Q_FDCE_Q_D_LUT4_O_I3_CARRY4_O (CARRY4)}                     
   spi_mosi_FDCE_D_Q_FDCE_Q_D_LUT4_O_I3_CARRY4_O_CO_2[3]         Net          76             (fanout=2)        901                     -                                                                                          
   RBB_10/A1                                                     RBB_6L       10  [TILE 0 0, RBB 19 20]          -     r            6852                                                                                          
   RBB_10/A                                                      RBB_6L       10  [TILE 0 0, RBB 19 20]        763     r            7615     {inst48: spi_mosi_FDCE_D_Q_FDCE_Q_D_LUT4_O_I3_CARRY4_O_CO_2_LUT4_I2 (LUT,site=alut)} 
   spi_mosi_FDCE_D_Q_FDCE_Q_D_LUT4_O_I3_CARRY4_O_CO_2_LUT4_I2_O  Net          54             (fanout=2)        655                     -                                                                                          
   RBB_9/A6                                                      RBB_6L        9  [TILE 0 0, RBB 19 22]          -     r            8270     {<CE>inst44: spi_mosi_FDCE_D (FDCE,site=cff)}                                        
   ---------------------------------------------------------------------------------------------------------------------------------------------------------------------------------------------------------------------------------
   RBB_9/CLK                                                     RBB_6L        9  [TILE 0 0, RBB 19 22]       1061     r            9331                                                                                          
   clk                                                           Clock net     2           (fanout=388)      -2347                     -                                                                                          
   clk                                                           CLOCK-PORT    -                      -    capture     r            6984                                                                                          
   ---------------------------------------------------------------------------------------------------------------------------------------------------------------------------------------------------------------------------------


Path 322:
   Slack (not met):                         -5134ps
     Path type:                               SETUP
     Group:                              <UDEF_clk>
     Launching clock:                           clk (rising edge)
     Capturing clock:                           clk (rising edge)

     Requested period:                       2000ps
   + Delay of the capturing clock:           2347ps
   - Clock uncertainty:                       150ps
   = Required time:                          4197ps
   - Propagation time:                       7006ps (56.8% logic, 43.2% route, logic stage 3)
   - Delay of the launching clock:           2325ps
   = Slack:                                 -5134ps

   Instance/Pin or Net Name                                      Type         ID     Location or Fanout   Delay(ps)  Edge  Arrival Time(ps)    Instance detail                                                                                                                                                                    
   ---------------------------------------------------------------------------------------------------------------------------------------------------------------------------------------------------------------------------------------------------------------------------------------------------------------------------------
   clk                                                           CLOCK-PORT    -                      -     launch     r               0                                                                                                                                                                                          
   clk                                                           Clock net     2           (fanout=388)       2325                     -                                                                                                                                                                                          
   RBB_11/CLK                                                    RBB_6L       11  [TILE 0 0, RBB 22 18]          -     r            2325                                                                                                                                                                                          
   ---------------------------------------------------------------------------------------------------------------------------------------------------------------------------------------------------------------------------------------------------------------------------------------------------------------------------------
   RBB_11/DQ                                                     RBB_6L       11  [TILE 0 0, RBB 22 18]        800     r            3125     {inst62: u_spi.r_ss_n_sync_LUT3_I1_O_FDCE_D (FDC,site=dff)}                                                                                                                          
   u_spi.r_ss_n_sync_LUT3_I1_O_FDCE_D_Q                          Net          56            (fanout=10)       1470                     -                                                                                                                                                                                          
   RBB_7/A1                                                      RBB_6L        7  [TILE 0 0, RBB 25 20]          -     r            4595                                                                                                                                                                                          
   RBB_7/BMUX                                                    RBB_6L        7  [TILE 0 0, RBB 25 20]       1356     r            5951     {inst47: spi_mosi_FDCE_D_Q_FDCE_Q_D_LUT4_O_I3_CARRY4_O (CARRY4)}                                                                                                                     
   spi_mosi_FDCE_D_Q_FDCE_Q_D_LUT4_O_I3_CARRY4_O_CO_2[3]         Net          76             (fanout=2)        901                     -                                                                                                                                                                                          
   RBB_10/A1                                                     RBB_6L       10  [TILE 0 0, RBB 19 20]          -     r            6852                                                                                                                                                                                          
   RBB_10/A                                                      RBB_6L       10  [TILE 0 0, RBB 19 20]        763     r            7615     {inst48: spi_mosi_FDCE_D_Q_FDCE_Q_D_LUT4_O_I3_CARRY4_O_CO_2_LUT4_I2 (LUT,site=alut)}                                                                                                 
   spi_mosi_FDCE_D_Q_FDCE_Q_D_LUT4_O_I3_CARRY4_O_CO_2_LUT4_I2_O  Net          54             (fanout=2)        655                     -                                                                                                                                                                                          
   RBB_9/A6                                                      RBB_6L        9  [TILE 0 0, RBB 19 22]          -     r            8270     {<CE>inst40: spi_miso_FDCE_Q_D_LUT6_O_I0_FDCE_Q_D_LUT6_O_I0_FDCE_Q_D_LUT6_O_I0_FDCE_Q_D_LUT6_O_I0_FDCE_Q_D_LUT6_O_I0_FDCE_Q_D_LUT6_O_I0_FDCE_Q_D_LUT6_O_I0_FDCE_Q_1 (FDCE,site=dff)} 
   ---------------------------------------------------------------------------------------------------------------------------------------------------------------------------------------------------------------------------------------------------------------------------------------------------------------------------------
   RBB_9/CLK                                                     RBB_6L        9  [TILE 0 0, RBB 19 22]       1061     r            9331                                                                                                                                                                                          
   clk                                                           Clock net     2           (fanout=388)      -2347                     -                                                                                                                                                                                          
   clk                                                           CLOCK-PORT    -                      -    capture     r            6984                                                                                                                                                                                          
   ---------------------------------------------------------------------------------------------------------------------------------------------------------------------------------------------------------------------------------------------------------------------------------------------------------------------------------


Path 323:
   Slack (not met):                         -5129ps
     Path type:                               SETUP
     Group:                              <UDEF_clk>
     Launching clock:                           clk (rising edge)
     Capturing clock:                           clk (rising edge)

     Requested period:                       2000ps
   + Delay of the capturing clock:           2295ps
   - Clock uncertainty:                       150ps
   = Required time:                          4145ps
   - Propagation time:                       6950ps (61.3% logic, 38.7% route, logic stage 3)
   - Delay of the launching clock:           2324ps
   = Slack:                                 -5129ps

   Instance/Pin or Net Name   Type         ID     Location or Fanout   Delay(ps)  Edge  Arrival Time(ps)    Instance detail                                                                                         
   -------------------------------------------------------------------------------------------------------------------------------------------------------------------------------------------------------------------
   clk                        CLOCK-PORT    -                      -     launch     r               0                                                                                                               
   clk                        Clock net     2           (fanout=388)       2324                     -                                                                                                               
   RBB_6/CLK                  RBB_6L        6   [TILE 0 0, RBB 1 24]          -     r            2324                                                                                                               
   -------------------------------------------------------------------------------------------------------------------------------------------------------------------------------------------------------------------
   RBB_6/CQ                   RBB_6L        6   [TILE 0 0, RBB 1 24]        800     r            3124     {inst15: por_FDRE_Q_1 (FDE,site=cff)}                                                                     
   por[2]                     Net          26             (fanout=1)       1050                     -                                                                                                               
   RBB_6/C1                   RBB_6L        6   [TILE 0 0, RBB 1 24]          -     r            4174                                                                                                               
   RBB_6/DMUX                 RBB_6L        6   [TILE 0 0, RBB 1 24]       1831     r            6005     {inst12: por_CARRY4_S (CARRY4)}                                                                           
   por_CARRY4_S_CO            Net          73             (fanout=1)       1058                     -                                                                                                               
   RBB_8/D2                   RBB_6L        8  [TILE 0 0, RBB 10 26]          -     r            7063                                                                                                               
   RBB_8/D                    RBB_6L        8  [TILE 0 0, RBB 10 26]        703     r            7766     {inst13: por_CARRY4_S_CO_INV_I (LUT,site=dlut)}                                                           
   por_CARRY4_S_CO_INV_I_O    Net          31            (fanout=14)        584                     -                                                                                                               
   RBB_8/B6                   RBB_6L        8  [TILE 0 0, RBB 10 26]          -     r            8350     {<SR>inst28: spi_miso_FDCE_Q_D_LUT6_O_I0_FDCE_Q_D_LUT6_O_I0_FDCE_Q_D_LUT6_O_I0_FDCE_Q_1 (FDCE,site=dffo)} 
   -------------------------------------------------------------------------------------------------------------------------------------------------------------------------------------------------------------------
   RBB_8/CLK                  RBB_6L        8  [TILE 0 0, RBB 10 26]        924     r            9274                                                                                                               
   clk                        Clock net     2           (fanout=388)      -2295                     -                                                                                                               
   clk                        CLOCK-PORT    -                      -    capture     r            6979                                                                                                               
   -------------------------------------------------------------------------------------------------------------------------------------------------------------------------------------------------------------------


Path 324:
   Slack (not met):                         -5129ps
     Path type:                               SETUP
     Group:                              <UDEF_clk>
     Launching clock:                           clk (rising edge)
     Capturing clock:                           clk (rising edge)

     Requested period:                       2000ps
   + Delay of the capturing clock:           2295ps
   - Clock uncertainty:                       150ps
   = Required time:                          4145ps
   - Propagation time:                       6950ps (61.3% logic, 38.7% route, logic stage 3)
   - Delay of the launching clock:           2324ps
   = Slack:                                 -5129ps

   Instance/Pin or Net Name   Type         ID     Location or Fanout   Delay(ps)  Edge  Arrival Time(ps)    Instance detail                                                                                                            
   --------------------------------------------------------------------------------------------------------------------------------------------------------------------------------------------------------------------------------------
   clk                        CLOCK-PORT    -                      -     launch     r               0                                                                                                                                  
   clk                        Clock net     2           (fanout=388)       2324                     -                                                                                                                                  
   RBB_6/CLK                  RBB_6L        6   [TILE 0 0, RBB 1 24]          -     r            2324                                                                                                                                  
   --------------------------------------------------------------------------------------------------------------------------------------------------------------------------------------------------------------------------------------
   RBB_6/CQ                   RBB_6L        6   [TILE 0 0, RBB 1 24]        800     r            3124     {inst15: por_FDRE_Q_1 (FDE,site=cff)}                                                                                        
   por[2]                     Net          26             (fanout=1)       1050                     -                                                                                                                                  
   RBB_6/C1                   RBB_6L        6   [TILE 0 0, RBB 1 24]          -     r            4174                                                                                                                                  
   RBB_6/DMUX                 RBB_6L        6   [TILE 0 0, RBB 1 24]       1831     r            6005     {inst12: por_CARRY4_S (CARRY4)}                                                                                              
   por_CARRY4_S_CO            Net          73             (fanout=1)       1058                     -                                                                                                                                  
   RBB_8/D2                   RBB_6L        8  [TILE 0 0, RBB 10 26]          -     r            7063                                                                                                                                  
   RBB_8/D                    RBB_6L        8  [TILE 0 0, RBB 10 26]        703     r            7766     {inst13: por_CARRY4_S_CO_INV_I (LUT,site=dlut)}                                                                              
   por_CARRY4_S_CO_INV_I_O    Net          31            (fanout=14)        584                     -                                                                                                                                  
   RBB_8/B6                   RBB_6L        8  [TILE 0 0, RBB 10 26]          -     r            8350     {<SR>inst31: spi_miso_FDCE_Q_D_LUT6_O_I0_FDCE_Q_D_LUT6_O_I0_FDCE_Q_D_LUT6_O_I0_FDCE_Q_D_LUT6_O_I0_FDCE_Q_1 (FDCE,site=cffo)} 
   --------------------------------------------------------------------------------------------------------------------------------------------------------------------------------------------------------------------------------------
   RBB_8/CLK                  RBB_6L        8  [TILE 0 0, RBB 10 26]        924     r            9274                                                                                                                                  
   clk                        Clock net     2           (fanout=388)      -2295                     -                                                                                                                                  
   clk                        CLOCK-PORT    -                      -    capture     r            6979                                                                                                                                  
   --------------------------------------------------------------------------------------------------------------------------------------------------------------------------------------------------------------------------------------


Path 325:
   Slack (not met):                         -5062ps
     Path type:                               SETUP
     Group:                              <UDEF_clk>
     Launching clock:                           clk (rising edge)
     Capturing clock:                           clk (rising edge)

     Requested period:                       2000ps
   + Delay of the capturing clock:           2295ps
   - Clock uncertainty:                       150ps
   = Required time:                          4145ps
   - Propagation time:                       6882ps (47.1% logic, 52.9% route, logic stage 3)
   - Delay of the launching clock:           2325ps
   = Slack:                                 -5062ps

   Instance/Pin or Net Name                                      Type         ID     Location or Fanout   Delay(ps)  Edge  Arrival Time(ps)    Instance detail                                                                                         
   ------------------------------------------------------------------------------------------------------------------------------------------------------------------------------------------------------------------------------------------------------
   clk                                                           CLOCK-PORT    -                      -     launch     r               0                                                                                                               
   clk                                                           Clock net     2           (fanout=388)       2325                     -                                                                                                               
   RBB_11/CLK                                                    RBB_6L       11  [TILE 0 0, RBB 22 18]          -     r            2325                                                                                                               
   ------------------------------------------------------------------------------------------------------------------------------------------------------------------------------------------------------------------------------------------------------
   RBB_11/DQ                                                     RBB_6L       11  [TILE 0 0, RBB 22 18]        800     r            3125     {inst62: u_spi.r_ss_n_sync_LUT3_I1_O_FDCE_D (FDC,site=dff)}                                               
   u_spi.r_ss_n_sync_LUT3_I1_O_FDCE_D_Q                          Net          56            (fanout=10)       1470                     -                                                                                                               
   RBB_7/A1                                                      RBB_6L        7  [TILE 0 0, RBB 25 20]          -     r            4595                                                                                                               
   RBB_7/BMUX                                                    RBB_6L        7  [TILE 0 0, RBB 25 20]       1356     r            5951     {inst47: spi_mosi_FDCE_D_Q_FDCE_Q_D_LUT4_O_I3_CARRY4_O (CARRY4)}                                          
   spi_mosi_FDCE_D_Q_FDCE_Q_D_LUT4_O_I3_CARRY4_O_CO_2[3]         Net          76             (fanout=2)        901                     -                                                                                                               
   RBB_10/A1                                                     RBB_6L       10  [TILE 0 0, RBB 19 20]          -     r            6852                                                                                                               
   RBB_10/A                                                      RBB_6L       10  [TILE 0 0, RBB 19 20]        763     r            7615     {inst48: spi_mosi_FDCE_D_Q_FDCE_Q_D_LUT4_O_I3_CARRY4_O_CO_2_LUT4_I2 (LUT,site=alut)}                      
   spi_mosi_FDCE_D_Q_FDCE_Q_D_LUT4_O_I3_CARRY4_O_CO_2_LUT4_I2_O  Net          54             (fanout=2)       1269                     -                                                                                                               
   RBB_8/A6                                                      RBB_6L        8  [TILE 0 0, RBB 10 26]          -     r            8884     {<CE>inst28: spi_miso_FDCE_Q_D_LUT6_O_I0_FDCE_Q_D_LUT6_O_I0_FDCE_Q_D_LUT6_O_I0_FDCE_Q_1 (FDCE,site=dffo)} 
   ------------------------------------------------------------------------------------------------------------------------------------------------------------------------------------------------------------------------------------------------------
   RBB_8/CLK                                                     RBB_6L        8  [TILE 0 0, RBB 10 26]        323     r            9207                                                                                                               
   clk                                                           Clock net     2           (fanout=388)      -2295                     -                                                                                                               
   clk                                                           CLOCK-PORT    -                      -    capture     r            6912                                                                                                               
   ------------------------------------------------------------------------------------------------------------------------------------------------------------------------------------------------------------------------------------------------------


Path 326:
   Slack (not met):                         -5016ps
     Path type:                               SETUP
     Group:                              <UDEF_clk>
     Launching clock:                           clk (rising edge)
     Capturing clock:                           clk (rising edge)

     Requested period:                       2000ps
   + Delay of the capturing clock:           2355ps
   - Clock uncertainty:                       150ps
   = Required time:                          4205ps
   - Propagation time:                       6897ps (60.6% logic, 39.4% route, logic stage 3)
   - Delay of the launching clock:           2324ps
   = Slack:                                 -5016ps

   Instance/Pin or Net Name   Type         ID     Location or Fanout   Delay(ps)  Edge  Arrival Time(ps)    Instance detail                                     
   ---------------------------------------------------------------------------------------------------------------------------------------------------------------
   clk                        CLOCK-PORT    -                      -     launch     r               0                                                           
   clk                        Clock net     2           (fanout=388)       2324                     -                                                           
   RBB_6/CLK                  RBB_6L        6   [TILE 0 0, RBB 1 24]          -     r            2324                                                           
   ---------------------------------------------------------------------------------------------------------------------------------------------------------------
   RBB_6/CQ                   RBB_6L        6   [TILE 0 0, RBB 1 24]        800     r            3124     {inst15: por_FDRE_Q_1 (FDE,site=cff)}                 
   por[2]                     Net          26             (fanout=1)       1050                     -                                                           
   RBB_6/C1                   RBB_6L        6   [TILE 0 0, RBB 1 24]          -     r            4174                                                           
   RBB_6/DMUX                 RBB_6L        6   [TILE 0 0, RBB 1 24]       1831     r            6005     {inst12: por_CARRY4_S (CARRY4)}                       
   por_CARRY4_S_CO            Net          73             (fanout=1)       1058                     -                                                           
   RBB_8/D2                   RBB_6L        8  [TILE 0 0, RBB 10 26]          -     r            7063                                                           
   RBB_8/D                    RBB_6L        8  [TILE 0 0, RBB 10 26]        703     r            7766     {inst13: por_CARRY4_S_CO_INV_I (LUT,site=dlut)}       
   por_CARRY4_S_CO_INV_I_O    Net          31            (fanout=14)        611                     -                                                           
   RBB_16/B6                  RBB_6L       16  [TILE 0 0, RBB 10 24]          -     r            8377     {<SR>inst69: u_spi.rx_shift_FDCE_Q_6 (FDCE,site=dff)} 
   ---------------------------------------------------------------------------------------------------------------------------------------------------------------
   RBB_16/CLK                 RBB_6L       16  [TILE 0 0, RBB 10 24]        844     r            9221                                                           
   clk                        Clock net     2           (fanout=388)      -2355                     -                                                           
   clk                        CLOCK-PORT    -                      -    capture     r            6866                                                           
   ---------------------------------------------------------------------------------------------------------------------------------------------------------------


Path 327:
   Slack (not met):                         -5016ps
     Path type:                               SETUP
     Group:                              <UDEF_clk>
     Launching clock:                           clk (rising edge)
     Capturing clock:                           clk (rising edge)

     Requested period:                       2000ps
   + Delay of the capturing clock:           2328ps
   - Clock uncertainty:                       150ps
   = Required time:                          4178ps
   - Propagation time:                       6847ps (44.9% logic, 55.1% route, logic stage 3)
   - Delay of the launching clock:           2347ps
   = Slack:                                 -5016ps

   Instance/Pin or Net Name                                                 Type         ID     Location or Fanout   Delay(ps)  Edge  Arrival Time(ps)    Instance detail                                                                            
   ----------------------------------------------------------------------------------------------------------------------------------------------------------------------------------------------------------------------------------------------------
   clk                                                                      CLOCK-PORT    -                      -     launch     r               0                                                                                                  
   clk                                                                      Clock net     2           (fanout=388)       2347                     -                                                                                                  
   RBB_10/CLK                                                               RBB_6L       10  [TILE 0 0, RBB 19 20]          -     r            2347                                                                                                  
   ----------------------------------------------------------------------------------------------------------------------------------------------------------------------------------------------------------------------------------------------------
   RBB_10/CQ                                                                RBB_6L       10  [TILE 0 0, RBB 19 20]        800     r            3147     {inst50: spi_mosi_FDCE_D_Q_FDCE_Q_D_LUT4_O_I3_CARRY4_O_CO_2_LUT5_I4_O_FDCE_D (FDC,site=cff)} 
   spi_mosi_FDCE_D_Q_FDCE_Q_D_LUT4_O_I3_CARRY4_O_O_1_LUT4_I3_O_FDCE_D_Q[1]  Net          52             (fanout=4)       1694                     -                                                                                                  
   RBB_14/A4                                                                RBB_6L       14  [TILE 0 0, RBB 25 16]          -     r            4841                                                                                                  
   RBB_14/AMUX                                                              RBB_6L       14  [TILE 0 0, RBB 25 16]        825     r            5666     {inst54: spi_mosi_FDCE_D_Q_LUT2_O (LUT,site=aluto)}                                          
   spi_mosi_FDCE_D_Q[3]                                                     Net          34             (fanout=8)       1184                     -                                                                                                  
   RBB_17/D5                                                                RBB_6L       17  [TILE 0 0, RBB 25 10]          -     r            6850                                                                                                  
   RBB_17/D                                                                 RBB_6L       17  [TILE 0 0, RBB 25 10]        632     r            7482     {inst20: spi_miso_FDCE_Q_D_LUT6_O (LUT,site=dlut,dluto)}                                     
   spi_miso_FDCE_Q_D                                                        Net          60             (fanout=1)        892                     -                                                                                                  
   RBB_1/O[0]                                                               IOB           1   [TILE 0 0, RBB 31 8]          -     r            8374     {inst19: spi_miso_FDCE_Q (FDCE)} {(output_port) inst76: g_76_spi_miso_obuf (IO)}             
   ----------------------------------------------------------------------------------------------------------------------------------------------------------------------------------------------------------------------------------------------------
   RBB_1/CLK                                                                IOB           1   [TILE 0 0, RBB 31 8]        820     r            9194                                                                                                  
   clk                                                                      Clock net     2           (fanout=388)      -2328                     -                                                                                                  
   clk                                                                      CLOCK-PORT    -                      -    capture     r            6866                                                                                                  
   ----------------------------------------------------------------------------------------------------------------------------------------------------------------------------------------------------------------------------------------------------


Path 62:
   Slack (not met):                         -4520ps
     Path type:                               SETUP
     Group:                              <UDEF_clk>
     Launching clock:                           clk (rising edge)
     Capturing clock:                           clk (rising edge)

     Requested period:                       2000ps
   + Delay of the capturing clock:           2302ps
   - Clock uncertainty:                       150ps
   = Required time:                          4152ps
   - Propagation time:                       6325ps (47.8% logic, 52.2% route, logic stage 2)
   - Delay of the launching clock:           2347ps
   = Slack:                                 -4520ps

   Instance/Pin or Net Name       Type         ID     Location or Fanout   Delay(ps)  Edge  Arrival Time(ps)    Instance detail                                                
   ------------------------------------------------------------------------------------------------------------------------------------------------------------------------------
   clk                            CLOCK-PORT    -                      -     launch     r               0                                                                      
   clk                            Clock net     2           (fanout=388)       2347                     -                                                                      
   RBB_10/CLK                     RBB_6L       10  [TILE 0 0, RBB 19 20]          -     r            2347                                                                      
   ------------------------------------------------------------------------------------------------------------------------------------------------------------------------------
   RBB_10/AMUX                    RBB_6L       10  [TILE 0 0, RBB 19 20]       1463     r            3810     {inst71: u_spi.w_sck_edge_LUT2_O_I0_FDCE_Q (FDC,site=affo)}      
   u_spi.w_sck_edge_LUT2_O_I0[0]  Net          62             (fanout=2)       1176                     -                                                                      
   RBB_14/A1                      RBB_6L       14  [TILE 0 0, RBB 25 16]          -     r            4986                                                                      
   RBB_14/A                       RBB_6L       14  [TILE 0 0, RBB 25 16]        759     r            5745     {inst55: spi_mosi_FDCE_D_Q_LUT2_O_1 (LUT,site=alut)}             
   spi_mosi_FDCE_D_Q[4]           Net          35             (fanout=5)       2123                     -                                                                      
   RBB_13/B6                      RBB_6L       13   [TILE 0 0, RBB 7 26]          -     r            7868     {<CE>inst21: spi_miso_FDCE_Q_D_LUT6_O_I0_FDCE_Q (FDCE,site=dff)} 
   ------------------------------------------------------------------------------------------------------------------------------------------------------------------------------
   RBB_13/CLK                     RBB_6L       13   [TILE 0 0, RBB 7 26]        804     r            8672                                                                      
   clk                            Clock net     2           (fanout=388)      -2302                     -                                                                      
   clk                            CLOCK-PORT    -                      -    capture     r            6370                                                                      
   ------------------------------------------------------------------------------------------------------------------------------------------------------------------------------


Path 60:
   Slack (not met):                         -4520ps
     Path type:                               SETUP
     Group:                              <UDEF_clk>
     Launching clock:                           clk (rising edge)
     Capturing clock:                           clk (rising edge)

     Requested period:                       2000ps
   + Delay of the capturing clock:           2302ps
   - Clock uncertainty:                       150ps
   = Required time:                          4152ps
   - Propagation time:                       6325ps (47.8% logic, 52.2% route, logic stage 2)
   - Delay of the launching clock:           2347ps
   = Slack:                                 -4520ps

   Instance/Pin or Net Name       Type         ID     Location or Fanout   Delay(ps)  Edge  Arrival Time(ps)    Instance detail                                                                                                                                                                  
   ------------------------------------------------------------------------------------------------------------------------------------------------------------------------------------------------------------------------------------------------------------------------------------------------
   clk                            CLOCK-PORT    -                      -     launch     r               0                                                                                                                                                                                        
   clk                            Clock net     2           (fanout=388)       2347                     -                                                                                                                                                                                        
   RBB_10/CLK                     RBB_6L       10  [TILE 0 0, RBB 19 20]          -     r            2347                                                                                                                                                                                        
   ------------------------------------------------------------------------------------------------------------------------------------------------------------------------------------------------------------------------------------------------------------------------------------------------
   RBB_10/AMUX                    RBB_6L       10  [TILE 0 0, RBB 19 20]       1463     r            3810     {inst71: u_spi.w_sck_edge_LUT2_O_I0_FDCE_Q (FDC,site=affo)}                                                                                                                        
   u_spi.w_sck_edge_LUT2_O_I0[0]  Net          62             (fanout=2)       1176                     -                                                                                                                                                                                        
   RBB_14/A1                      RBB_6L       14  [TILE 0 0, RBB 25 16]          -     r            4986                                                                                                                                                                                        
   RBB_14/A                       RBB_6L       14  [TILE 0 0, RBB 25 16]        759     r            5745     {inst55: spi_mosi_FDCE_D_Q_LUT2_O_1 (LUT,site=alut)}                                                                                                                               
   spi_mosi_FDCE_D_Q[4]           Net          35             (fanout=5)       2123                     -                                                                                                                                                                                        
   RBB_13/B6                      RBB_6L       13   [TILE 0 0, RBB 7 26]          -     r            7868     {<CE>inst39: spi_miso_FDCE_Q_D_LUT6_O_I0_FDCE_Q_D_LUT6_O_I0_FDCE_Q_D_LUT6_O_I0_FDCE_Q_D_LUT6_O_I0_FDCE_Q_D_LUT6_O_I0_FDCE_Q_D_LUT6_O_I0_FDCE_Q_D_LUT6_O_I0_FDCE_Q (FDCE,site=aff)} 
   ------------------------------------------------------------------------------------------------------------------------------------------------------------------------------------------------------------------------------------------------------------------------------------------------
   RBB_13/CLK                     RBB_6L       13   [TILE 0 0, RBB 7 26]        804     r            8672                                                                                                                                                                                        
   clk                            Clock net     2           (fanout=388)      -2302                     -                                                                                                                                                                                        
   clk                            CLOCK-PORT    -                      -    capture     r            6370                                                                                                                                                                                        
   ------------------------------------------------------------------------------------------------------------------------------------------------------------------------------------------------------------------------------------------------------------------------------------------------


Path 59:
   Slack (not met):                         -4520ps
     Path type:                               SETUP
     Group:                              <UDEF_clk>
     Launching clock:                           clk (rising edge)
     Capturing clock:                           clk (rising edge)

     Requested period:                       2000ps
   + Delay of the capturing clock:           2302ps
   - Clock uncertainty:                       150ps
   = Required time:                          4152ps
   - Propagation time:                       6325ps (47.8% logic, 52.2% route, logic stage 2)
   - Delay of the launching clock:           2347ps
   = Slack:                                 -4520ps

   Instance/Pin or Net Name       Type         ID     Location or Fanout   Delay(ps)  Edge  Arrival Time(ps)    Instance detail                                                                                      
   --------------------------------------------------------------------------------------------------------------------------------------------------------------------------------------------------------------------
   clk                            CLOCK-PORT    -                      -     launch     r               0                                                                                                            
   clk                            Clock net     2           (fanout=388)       2347                     -                                                                                                            
   RBB_10/CLK                     RBB_6L       10  [TILE 0 0, RBB 19 20]          -     r            2347                                                                                                            
   --------------------------------------------------------------------------------------------------------------------------------------------------------------------------------------------------------------------
   RBB_10/AMUX                    RBB_6L       10  [TILE 0 0, RBB 19 20]       1463     r            3810     {inst71: u_spi.w_sck_edge_LUT2_O_I0_FDCE_Q (FDC,site=affo)}                                            
   u_spi.w_sck_edge_LUT2_O_I0[0]  Net          62             (fanout=2)       1176                     -                                                                                                            
   RBB_14/A1                      RBB_6L       14  [TILE 0 0, RBB 25 16]          -     r            4986                                                                                                            
   RBB_14/A                       RBB_6L       14  [TILE 0 0, RBB 25 16]        759     r            5745     {inst55: spi_mosi_FDCE_D_Q_LUT2_O_1 (LUT,site=alut)}                                                   
   spi_mosi_FDCE_D_Q[4]           Net          35             (fanout=5)       2123                     -                                                                                                            
   RBB_13/B6                      RBB_6L       13   [TILE 0 0, RBB 7 26]          -     r            7868     {<CE>inst27: spi_miso_FDCE_Q_D_LUT6_O_I0_FDCE_Q_D_LUT6_O_I0_FDCE_Q_D_LUT6_O_I0_FDCE_Q (FDCE,site=bff)} 
   --------------------------------------------------------------------------------------------------------------------------------------------------------------------------------------------------------------------
   RBB_13/CLK                     RBB_6L       13   [TILE 0 0, RBB 7 26]        804     r            8672                                                                                                            
   clk                            Clock net     2           (fanout=388)      -2302                     -                                                                                                            
   clk                            CLOCK-PORT    -                      -    capture     r            6370                                                                                                            
   --------------------------------------------------------------------------------------------------------------------------------------------------------------------------------------------------------------------


Path 61:
   Slack (not met):                         -4520ps
     Path type:                               SETUP
     Group:                              <UDEF_clk>
     Launching clock:                           clk (rising edge)
     Capturing clock:                           clk (rising edge)

     Requested period:                       2000ps
   + Delay of the capturing clock:           2302ps
   - Clock uncertainty:                       150ps
   = Required time:                          4152ps
   - Propagation time:                       6325ps (47.8% logic, 52.2% route, logic stage 2)
   - Delay of the launching clock:           2347ps
   = Slack:                                 -4520ps

   Instance/Pin or Net Name       Type         ID     Location or Fanout   Delay(ps)  Edge  Arrival Time(ps)    Instance detail                                                                   
   -------------------------------------------------------------------------------------------------------------------------------------------------------------------------------------------------
   clk                            CLOCK-PORT    -                      -     launch     r               0                                                                                         
   clk                            Clock net     2           (fanout=388)       2347                     -                                                                                         
   RBB_10/CLK                     RBB_6L       10  [TILE 0 0, RBB 19 20]          -     r            2347                                                                                         
   -------------------------------------------------------------------------------------------------------------------------------------------------------------------------------------------------
   RBB_10/AMUX                    RBB_6L       10  [TILE 0 0, RBB 19 20]       1463     r            3810     {inst71: u_spi.w_sck_edge_LUT2_O_I0_FDCE_Q (FDC,site=affo)}                         
   u_spi.w_sck_edge_LUT2_O_I0[0]  Net          62             (fanout=2)       1176                     -                                                                                         
   RBB_14/A1                      RBB_6L       14  [TILE 0 0, RBB 25 16]          -     r            4986                                                                                         
   RBB_14/A                       RBB_6L       14  [TILE 0 0, RBB 25 16]        759     r            5745     {inst55: spi_mosi_FDCE_D_Q_LUT2_O_1 (LUT,site=alut)}                                
   spi_mosi_FDCE_D_Q[4]           Net          35             (fanout=5)       2123                     -                                                                                         
   RBB_13/B6                      RBB_6L       13   [TILE 0 0, RBB 7 26]          -     r            7868     {<CE>inst24: spi_miso_FDCE_Q_D_LUT6_O_I0_FDCE_Q_D_LUT6_O_I0_FDCE_Q (FDCE,site=cff)} 
   -------------------------------------------------------------------------------------------------------------------------------------------------------------------------------------------------
   RBB_13/CLK                     RBB_6L       13   [TILE 0 0, RBB 7 26]        804     r            8672                                                                                         
   clk                            Clock net     2           (fanout=388)      -2302                     -                                                                                         
   clk                            CLOCK-PORT    -                      -    capture     r            6370                                                                                         
   -------------------------------------------------------------------------------------------------------------------------------------------------------------------------------------------------


Path 49:
   Slack (not met):                         -4395ps
     Path type:                               SETUP
     Group:                              <UDEF_clk>
     Launching clock:                           clk (rising edge)
     Capturing clock:                           clk (rising edge)

     Requested period:                       2000ps
   + Delay of the capturing clock:           2302ps
   - Clock uncertainty:                       150ps
   = Required time:                          4152ps
   - Propagation time:                       6200ps (51.0% logic, 49.0% route, logic stage 2)
   - Delay of the launching clock:           2347ps
   = Slack:                                 -4395ps

   Instance/Pin or Net Name       Type         ID     Location or Fanout   Delay(ps)  Edge  Arrival Time(ps)    Instance detail                                                                                                                                                                  
   ------------------------------------------------------------------------------------------------------------------------------------------------------------------------------------------------------------------------------------------------------------------------------------------------
   clk                            CLOCK-PORT    -                      -     launch     r               0                                                                                                                                                                                        
   clk                            Clock net     2           (fanout=388)       2347                     -                                                                                                                                                                                        
   RBB_10/CLK                     RBB_6L       10  [TILE 0 0, RBB 19 20]          -     r            2347                                                                                                                                                                                        
   ------------------------------------------------------------------------------------------------------------------------------------------------------------------------------------------------------------------------------------------------------------------------------------------------
   RBB_10/AMUX                    RBB_6L       10  [TILE 0 0, RBB 19 20]       1463     r            3810     {inst71: u_spi.w_sck_edge_LUT2_O_I0_FDCE_Q (FDC,site=affo)}                                                                                                                        
   u_spi.w_sck_edge_LUT2_O_I0[0]  Net          62             (fanout=2)       1176                     -                                                                                                                                                                                        
   RBB_14/A1                      RBB_6L       14  [TILE 0 0, RBB 25 16]          -     r            4986                                                                                                                                                                                        
   RBB_14/A                       RBB_6L       14  [TILE 0 0, RBB 25 16]        759     r            5745     {inst55: spi_mosi_FDCE_D_Q_LUT2_O_1 (LUT,site=alut)}                                                                                                                               
   spi_mosi_FDCE_D_Q[4]           Net          35             (fanout=5)       1862                     -                                                                                                                                                                                        
   RBB_13/A2                      RBB_6L       13   [TILE 0 0, RBB 7 26]          -     r            7607     {<CE>inst39: spi_miso_FDCE_Q_D_LUT6_O_I0_FDCE_Q_D_LUT6_O_I0_FDCE_Q_D_LUT6_O_I0_FDCE_Q_D_LUT6_O_I0_FDCE_Q_D_LUT6_O_I0_FDCE_Q_D_LUT6_O_I0_FDCE_Q_D_LUT6_O_I0_FDCE_Q (FDCE,site=aff)} 
   ------------------------------------------------------------------------------------------------------------------------------------------------------------------------------------------------------------------------------------------------------------------------------------------------
   RBB_13/CLK                     RBB_6L       13   [TILE 0 0, RBB 7 26]        940     r            8547                                                                                                                                                                                        
   clk                            Clock net     2           (fanout=388)      -2302                     -                                                                                                                                                                                        
   clk                            CLOCK-PORT    -                      -    capture     r            6245                                                                                                                                                                                        
   ------------------------------------------------------------------------------------------------------------------------------------------------------------------------------------------------------------------------------------------------------------------------------------------------


Path 328:
   Slack (not met):                         -4281ps
     Path type:                               SETUP
     Group:                              <UDEF_clk>
     Launching clock:                           clk (rising edge)
     Capturing clock:                           clk (rising edge)

     Requested period:                       2000ps
   + Delay of the capturing clock:           2311ps
   - Clock uncertainty:                       150ps
   = Required time:                          4161ps
   - Propagation time:                       6095ps (52.1% logic, 47.9% route, logic stage 2)
   - Delay of the launching clock:           2347ps
   = Slack:                                 -4281ps

   Instance/Pin or Net Name   Type         ID     Location or Fanout   Delay(ps)  Edge  Arrival Time(ps)    Instance detail                                      
   ----------------------------------------------------------------------------------------------------------------------------------------------------------------
   clk                        CLOCK-PORT    -                      -     launch     r               0                                                            
   clk                        Clock net     2           (fanout=388)       2347                     -                                                            
   RBB_10/CLK                 RBB_6L       10  [TILE 0 0, RBB 19 20]          -     r            2347                                                            
   ----------------------------------------------------------------------------------------------------------------------------------------------------------------
   RBB_10/CMUX                RBB_6L       10  [TILE 0 0, RBB 19 20]       1380     r            3727     {inst57: u_spi.r_sck_sync_FDCE_Q (FDC,site=cffo)}      
   u_spi.r_sck_sync[1]        Net           9             (fanout=3)       1148                     -                                                            
   RBB_11/D5                  RBB_6L       11  [TILE 0 0, RBB 22 18]          -     r            4875                                                            
   RBB_11/DMUX                RBB_6L       11  [TILE 0 0, RBB 22 18]        814     r            5689     {inst70: u_spi.w_sck_edge_LUT2_O (LUT,site=dluto)}     
   u_spi.w_sck_edge           Net          10             (fanout=7)       1773                     -                                                            
   RBB_15/A6                  RBB_6L       15   [TILE 0 0, RBB 4 22]          -     r            7462     {<CE>inst66: u_spi.rx_shift_FDCE_Q_3 (FDCE,site=cffo)} 
   ----------------------------------------------------------------------------------------------------------------------------------------------------------------
   RBB_15/CLK                 RBB_6L       15   [TILE 0 0, RBB 4 22]        980     r            8442                                                            
   clk                        Clock net     2           (fanout=388)      -2311                     -                                                            
   clk                        CLOCK-PORT    -                      -    capture     r            6131                                                            
   ----------------------------------------------------------------------------------------------------------------------------------------------------------------


Path 329:
   Slack (not met):                         -4281ps
     Path type:                               SETUP
     Group:                              <UDEF_clk>
     Launching clock:                           clk (rising edge)
     Capturing clock:                           clk (rising edge)

     Requested period:                       2000ps
   + Delay of the capturing clock:           2311ps
   - Clock uncertainty:                       150ps
   = Required time:                          4161ps
   - Propagation time:                       6095ps (52.1% logic, 47.9% route, logic stage 2)
   - Delay of the launching clock:           2347ps
   = Slack:                                 -4281ps

   Instance/Pin or Net Name   Type         ID     Location or Fanout   Delay(ps)  Edge  Arrival Time(ps)    Instance detail                                     
   ---------------------------------------------------------------------------------------------------------------------------------------------------------------
   clk                        CLOCK-PORT    -                      -     launch     r               0                                                           
   clk                        Clock net     2           (fanout=388)       2347                     -                                                           
   RBB_10/CLK                 RBB_6L       10  [TILE 0 0, RBB 19 20]          -     r            2347                                                           
   ---------------------------------------------------------------------------------------------------------------------------------------------------------------
   RBB_10/CMUX                RBB_6L       10  [TILE 0 0, RBB 19 20]       1380     r            3727     {inst57: u_spi.r_sck_sync_FDCE_Q (FDC,site=cffo)}     
   u_spi.r_sck_sync[1]        Net           9             (fanout=3)       1148                     -                                                           
   RBB_11/D5                  RBB_6L       11  [TILE 0 0, RBB 22 18]          -     r            4875                                                           
   RBB_11/DMUX                RBB_6L       11  [TILE 0 0, RBB 22 18]        814     r            5689     {inst70: u_spi.w_sck_edge_LUT2_O (LUT,site=dluto)}    
   u_spi.w_sck_edge           Net          10             (fanout=7)       1773                     -                                                           
   RBB_15/A6                  RBB_6L       15   [TILE 0 0, RBB 4 22]          -     r            7462     {<CE>inst68: u_spi.rx_shift_FDCE_Q_5 (FDCE,site=aff)} 
   ---------------------------------------------------------------------------------------------------------------------------------------------------------------
   RBB_15/CLK                 RBB_6L       15   [TILE 0 0, RBB 4 22]        980     r            8442                                                           
   clk                        Clock net     2           (fanout=388)      -2311                     -                                                           
   clk                        CLOCK-PORT    -                      -    capture     r            6131                                                           
   ---------------------------------------------------------------------------------------------------------------------------------------------------------------


Path 330:
   Slack (not met):                         -4281ps
     Path type:                               SETUP
     Group:                              <UDEF_clk>
     Launching clock:                           clk (rising edge)
     Capturing clock:                           clk (rising edge)

     Requested period:                       2000ps
   + Delay of the capturing clock:           2311ps
   - Clock uncertainty:                       150ps
   = Required time:                          4161ps
   - Propagation time:                       6095ps (52.1% logic, 47.9% route, logic stage 2)
   - Delay of the launching clock:           2347ps
   = Slack:                                 -4281ps

   Instance/Pin or Net Name   Type         ID     Location or Fanout   Delay(ps)  Edge  Arrival Time(ps)    Instance detail                                   
   -------------------------------------------------------------------------------------------------------------------------------------------------------------
   clk                        CLOCK-PORT    -                      -     launch     r               0                                                         
   clk                        Clock net     2           (fanout=388)       2347                     -                                                         
   RBB_10/CLK                 RBB_6L       10  [TILE 0 0, RBB 19 20]          -     r            2347                                                         
   -------------------------------------------------------------------------------------------------------------------------------------------------------------
   RBB_10/CMUX                RBB_6L       10  [TILE 0 0, RBB 19 20]       1380     r            3727     {inst57: u_spi.r_sck_sync_FDCE_Q (FDC,site=cffo)}   
   u_spi.r_sck_sync[1]        Net           9             (fanout=3)       1148                     -                                                         
   RBB_11/D5                  RBB_6L       11  [TILE 0 0, RBB 22 18]          -     r            4875                                                         
   RBB_11/DMUX                RBB_6L       11  [TILE 0 0, RBB 22 18]        814     r            5689     {inst70: u_spi.w_sck_edge_LUT2_O (LUT,site=dluto)}  
   u_spi.w_sck_edge           Net          10             (fanout=7)       1773                     -                                                         
   RBB_15/A6                  RBB_6L       15   [TILE 0 0, RBB 4 22]          -     r            7462     {<CE>inst63: u_spi.rx_shift_FDCE_Q (FDCE,site=dff)} 
   -------------------------------------------------------------------------------------------------------------------------------------------------------------
   RBB_15/CLK                 RBB_6L       15   [TILE 0 0, RBB 4 22]        980     r            8442                                                         
   clk                        Clock net     2           (fanout=388)      -2311                     -                                                         
   clk                        CLOCK-PORT    -                      -    capture     r            6131                                                         
   -------------------------------------------------------------------------------------------------------------------------------------------------------------


Path 331:
   Slack (not met):                         -4281ps
     Path type:                               SETUP
     Group:                              <UDEF_clk>
     Launching clock:                           clk (rising edge)
     Capturing clock:                           clk (rising edge)

     Requested period:                       2000ps
   + Delay of the capturing clock:           2311ps
   - Clock uncertainty:                       150ps
   = Required time:                          4161ps
   - Propagation time:                       6095ps (52.1% logic, 47.9% route, logic stage 2)
   - Delay of the launching clock:           2347ps
   = Slack:                                 -4281ps

   Instance/Pin or Net Name   Type         ID     Location or Fanout   Delay(ps)  Edge  Arrival Time(ps)    Instance detail                                     
   ---------------------------------------------------------------------------------------------------------------------------------------------------------------
   clk                        CLOCK-PORT    -                      -     launch     r               0                                                           
   clk                        Clock net     2           (fanout=388)       2347                     -                                                           
   RBB_10/CLK                 RBB_6L       10  [TILE 0 0, RBB 19 20]          -     r            2347                                                           
   ---------------------------------------------------------------------------------------------------------------------------------------------------------------
   RBB_10/CMUX                RBB_6L       10  [TILE 0 0, RBB 19 20]       1380     r            3727     {inst57: u_spi.r_sck_sync_FDCE_Q (FDC,site=cffo)}     
   u_spi.r_sck_sync[1]        Net           9             (fanout=3)       1148                     -                                                           
   RBB_11/D5                  RBB_6L       11  [TILE 0 0, RBB 22 18]          -     r            4875                                                           
   RBB_11/DMUX                RBB_6L       11  [TILE 0 0, RBB 22 18]        814     r            5689     {inst70: u_spi.w_sck_edge_LUT2_O (LUT,site=dluto)}    
   u_spi.w_sck_edge           Net          10             (fanout=7)       1773                     -                                                           
   RBB_15/A6                  RBB_6L       15   [TILE 0 0, RBB 4 22]          -     r            7462     {<CE>inst64: u_spi.rx_shift_FDCE_Q_1 (FDCE,site=cff)} 
   ---------------------------------------------------------------------------------------------------------------------------------------------------------------
   RBB_15/CLK                 RBB_6L       15   [TILE 0 0, RBB 4 22]        980     r            8442                                                           
   clk                        Clock net     2           (fanout=388)      -2311                     -                                                           
   clk                        CLOCK-PORT    -                      -    capture     r            6131                                                           
   ---------------------------------------------------------------------------------------------------------------------------------------------------------------


Path 332:
   Slack (not met):                         -4281ps
     Path type:                               SETUP
     Group:                              <UDEF_clk>
     Launching clock:                           clk (rising edge)
     Capturing clock:                           clk (rising edge)

     Requested period:                       2000ps
   + Delay of the capturing clock:           2311ps
   - Clock uncertainty:                       150ps
   = Required time:                          4161ps
   - Propagation time:                       6095ps (52.1% logic, 47.9% route, logic stage 2)
   - Delay of the launching clock:           2347ps
   = Slack:                                 -4281ps

   Instance/Pin or Net Name   Type         ID     Location or Fanout   Delay(ps)  Edge  Arrival Time(ps)    Instance detail                                     
   ---------------------------------------------------------------------------------------------------------------------------------------------------------------
   clk                        CLOCK-PORT    -                      -     launch     r               0                                                           
   clk                        Clock net     2           (fanout=388)       2347                     -                                                           
   RBB_10/CLK                 RBB_6L       10  [TILE 0 0, RBB 19 20]          -     r            2347                                                           
   ---------------------------------------------------------------------------------------------------------------------------------------------------------------
   RBB_10/CMUX                RBB_6L       10  [TILE 0 0, RBB 19 20]       1380     r            3727     {inst57: u_spi.r_sck_sync_FDCE_Q (FDC,site=cffo)}     
   u_spi.r_sck_sync[1]        Net           9             (fanout=3)       1148                     -                                                           
   RBB_11/D5                  RBB_6L       11  [TILE 0 0, RBB 22 18]          -     r            4875                                                           
   RBB_11/DMUX                RBB_6L       11  [TILE 0 0, RBB 22 18]        814     r            5689     {inst70: u_spi.w_sck_edge_LUT2_O (LUT,site=dluto)}    
   u_spi.w_sck_edge           Net          10             (fanout=7)       1773                     -                                                           
   RBB_15/A6                  RBB_6L       15   [TILE 0 0, RBB 4 22]          -     r            7462     {<CE>inst67: u_spi.rx_shift_FDCE_Q_4 (FDCE,site=bff)} 
   ---------------------------------------------------------------------------------------------------------------------------------------------------------------
   RBB_15/CLK                 RBB_6L       15   [TILE 0 0, RBB 4 22]        980     r            8442                                                           
   clk                        Clock net     2           (fanout=388)      -2311                     -                                                           
   clk                        CLOCK-PORT    -                      -    capture     r            6131                                                           
   ---------------------------------------------------------------------------------------------------------------------------------------------------------------


Path 333:
   Slack (not met):                         -4264ps
     Path type:                               SETUP
     Group:                              <UDEF_clk>
     Launching clock:                           clk (rising edge)
     Capturing clock:                           clk (rising edge)

     Requested period:                       2000ps
   + Delay of the capturing clock:           2302ps
   - Clock uncertainty:                       150ps
   = Required time:                          4152ps
   - Propagation time:                       6069ps (41.6% logic, 58.4% route, logic stage 2)
   - Delay of the launching clock:           2347ps
   = Slack:                                 -4264ps

   Instance/Pin or Net Name                                                 Type         ID     Location or Fanout   Delay(ps)  Edge  Arrival Time(ps)    Instance detail                                                                                                                        
   ------------------------------------------------------------------------------------------------------------------------------------------------------------------------------------------------------------------------------------------------------------------------------------------------
   clk                                                                      CLOCK-PORT    -                      -     launch     r               0                                                                                                                                              
   clk                                                                      Clock net     2           (fanout=388)       2347                     -                                                                                                                                              
   RBB_10/CLK                                                               RBB_6L       10  [TILE 0 0, RBB 19 20]          -     r            2347                                                                                                                                              
   ------------------------------------------------------------------------------------------------------------------------------------------------------------------------------------------------------------------------------------------------------------------------------------------------
   RBB_10/CQ                                                                RBB_6L       10  [TILE 0 0, RBB 19 20]        800     r            3147     {inst50: spi_mosi_FDCE_D_Q_FDCE_Q_D_LUT4_O_I3_CARRY4_O_CO_2_LUT5_I4_O_FDCE_D (FDC,site=cff)}                                             
   spi_mosi_FDCE_D_Q_FDCE_Q_D_LUT4_O_I3_CARRY4_O_O_1_LUT4_I3_O_FDCE_D_Q[1]  Net          52             (fanout=4)       1694                     -                                                                                                                                              
   RBB_14/A4                                                                RBB_6L       14  [TILE 0 0, RBB 25 16]          -     r            4841                                                                                                                                              
   RBB_14/AMUX                                                              RBB_6L       14  [TILE 0 0, RBB 25 16]        825     r            5666     {inst54: spi_mosi_FDCE_D_Q_LUT2_O (LUT,site=aluto)}                                                                                      
   spi_mosi_FDCE_D_Q[3]                                                     Net          34             (fanout=8)       1851                     -                                                                                                                                              
   RBB_13/D3                                                                RBB_6L       13   [TILE 0 0, RBB 7 26]          -     r            7517     {inst23: spi_miso_FDCE_Q_D_LUT6_O_I0_FDCE_Q_D_LUT6_O (LUT,site=dlut,dluto)} {inst21: spi_miso_FDCE_Q_D_LUT6_O_I0_FDCE_Q (FDCE,site=dff)} 
   ------------------------------------------------------------------------------------------------------------------------------------------------------------------------------------------------------------------------------------------------------------------------------------------------
   RBB_13/CLK                                                               RBB_6L       13   [TILE 0 0, RBB 7 26]        899     r            8416                                                                                                                                              
   clk                                                                      Clock net     2           (fanout=388)      -2302                     -                                                                                                                                              
   clk                                                                      CLOCK-PORT    -                      -    capture     r            6114                                                                                                                                              
   ------------------------------------------------------------------------------------------------------------------------------------------------------------------------------------------------------------------------------------------------------------------------------------------------


Path 334:
   Slack (not met):                         -4213ps
     Path type:                               SETUP
     Group:                              <UDEF_clk>
     Launching clock:                           clk (rising edge)
     Capturing clock:                           clk (rising edge)

     Requested period:                       2000ps
   + Delay of the capturing clock:           2302ps
   - Clock uncertainty:                       150ps
   = Required time:                          4152ps
   - Propagation time:                       6018ps (41.0% logic, 59.0% route, logic stage 2)
   - Delay of the launching clock:           2347ps
   = Slack:                                 -4213ps

   Instance/Pin or Net Name                                                 Type         ID     Location or Fanout   Delay(ps)  Edge  Arrival Time(ps)    Instance detail                                                                                                                                                                                                                                                                                                                                                      
   ------------------------------------------------------------------------------------------------------------------------------------------------------------------------------------------------------------------------------------------------------------------------------------------------------------------------------------------------------------------------------------------------------------------------------------------------------------------------------------------------------------------------------
   clk                                                                      CLOCK-PORT    -                      -     launch     r               0                                                                                                                                                                                                                                                                                                                                                                            
   clk                                                                      Clock net     2           (fanout=388)       2347                     -                                                                                                                                                                                                                                                                                                                                                                            
   RBB_10/CLK                                                               RBB_6L       10  [TILE 0 0, RBB 19 20]          -     r            2347                                                                                                                                                                                                                                                                                                                                                                            
   ------------------------------------------------------------------------------------------------------------------------------------------------------------------------------------------------------------------------------------------------------------------------------------------------------------------------------------------------------------------------------------------------------------------------------------------------------------------------------------------------------------------------------
   RBB_10/CQ                                                                RBB_6L       10  [TILE 0 0, RBB 19 20]        800     r            3147     {inst50: spi_mosi_FDCE_D_Q_FDCE_Q_D_LUT4_O_I3_CARRY4_O_CO_2_LUT5_I4_O_FDCE_D (FDC,site=cff)}                                                                                                                                                                                                                                                                           
   spi_mosi_FDCE_D_Q_FDCE_Q_D_LUT4_O_I3_CARRY4_O_O_1_LUT4_I3_O_FDCE_D_Q[1]  Net          52             (fanout=4)       1694                     -                                                                                                                                                                                                                                                                                                                                                                            
   RBB_14/A4                                                                RBB_6L       14  [TILE 0 0, RBB 25 16]          -     r            4841                                                                                                                                                                                                                                                                                                                                                                            
   RBB_14/AMUX                                                              RBB_6L       14  [TILE 0 0, RBB 25 16]        825     r            5666     {inst54: spi_mosi_FDCE_D_Q_LUT2_O (LUT,site=aluto)}                                                                                                                                                                                                                                                                                                                    
   spi_mosi_FDCE_D_Q[3]                                                     Net          34             (fanout=8)       1856                     -                                                                                                                                                                                                                                                                                                                                                                            
   RBB_13/A3                                                                RBB_6L       13   [TILE 0 0, RBB 7 26]          -     r            7522     {inst41: spi_miso_FDCE_Q_D_LUT6_O_I0_FDCE_Q_D_LUT6_O_I0_FDCE_Q_D_LUT6_O_I0_FDCE_Q_D_LUT6_O_I0_FDCE_Q_D_LUT6_O_I0_FDCE_Q_D_LUT6_O_I0_FDCE_Q_D_LUT6_O_I0_FDCE_Q_D_LUT5_O (LUT,site=alut)} {inst39: spi_miso_FDCE_Q_D_LUT6_O_I0_FDCE_Q_D_LUT6_O_I0_FDCE_Q_D_LUT6_O_I0_FDCE_Q_D_LUT6_O_I0_FDCE_Q_D_LUT6_O_I0_FDCE_Q_D_LUT6_O_I0_FDCE_Q_D_LUT6_O_I0_FDCE_Q (FDCE,site=aff)} 
   ------------------------------------------------------------------------------------------------------------------------------------------------------------------------------------------------------------------------------------------------------------------------------------------------------------------------------------------------------------------------------------------------------------------------------------------------------------------------------------------------------------------------------
   RBB_13/CLK                                                               RBB_6L       13   [TILE 0 0, RBB 7 26]        843     r            8365                                                                                                                                                                                                                                                                                                                                                                            
   clk                                                                      Clock net     2           (fanout=388)      -2302                     -                                                                                                                                                                                                                                                                                                                                                                            
   clk                                                                      CLOCK-PORT    -                      -    capture     r            6063                                                                                                                                                                                                                                                                                                                                                                            
   ------------------------------------------------------------------------------------------------------------------------------------------------------------------------------------------------------------------------------------------------------------------------------------------------------------------------------------------------------------------------------------------------------------------------------------------------------------------------------------------------------------------------------


Path 335:
   Slack (not met):                         -4191ps
     Path type:                               SETUP
     Group:                              <UDEF_clk>
     Launching clock:                           clk (rising edge)
     Capturing clock:                           clk (rising edge)

     Requested period:                       2000ps
   + Delay of the capturing clock:           2302ps
   - Clock uncertainty:                       150ps
   = Required time:                          4152ps
   - Propagation time:                       5996ps (41.0% logic, 59.0% route, logic stage 2)
   - Delay of the launching clock:           2347ps
   = Slack:                                 -4191ps

   Instance/Pin or Net Name                                                 Type         ID     Location or Fanout   Delay(ps)  Edge  Arrival Time(ps)    Instance detail                                                                                                                                                              
   --------------------------------------------------------------------------------------------------------------------------------------------------------------------------------------------------------------------------------------------------------------------------------------------------------------------------------------
   clk                                                                      CLOCK-PORT    -                      -     launch     r               0                                                                                                                                                                                    
   clk                                                                      Clock net     2           (fanout=388)       2347                     -                                                                                                                                                                                    
   RBB_10/CLK                                                               RBB_6L       10  [TILE 0 0, RBB 19 20]          -     r            2347                                                                                                                                                                                    
   --------------------------------------------------------------------------------------------------------------------------------------------------------------------------------------------------------------------------------------------------------------------------------------------------------------------------------------
   RBB_10/CQ                                                                RBB_6L       10  [TILE 0 0, RBB 19 20]        800     r            3147     {inst50: spi_mosi_FDCE_D_Q_FDCE_Q_D_LUT4_O_I3_CARRY4_O_CO_2_LUT5_I4_O_FDCE_D (FDC,site=cff)}                                                                                   
   spi_mosi_FDCE_D_Q_FDCE_Q_D_LUT4_O_I3_CARRY4_O_O_1_LUT4_I3_O_FDCE_D_Q[1]  Net          52             (fanout=4)       1694                     -                                                                                                                                                                                    
   RBB_14/A4                                                                RBB_6L       14  [TILE 0 0, RBB 25 16]          -     r            4841                                                                                                                                                                                    
   RBB_14/AMUX                                                              RBB_6L       14  [TILE 0 0, RBB 25 16]        825     r            5666     {inst54: spi_mosi_FDCE_D_Q_LUT2_O (LUT,site=aluto)}                                                                                                                            
   spi_mosi_FDCE_D_Q[3]                                                     Net          34             (fanout=8)       1845                     -                                                                                                                                                                                    
   RBB_13/C3                                                                RBB_6L       13   [TILE 0 0, RBB 7 26]          -     r            7511     {inst26: spi_miso_FDCE_Q_D_LUT6_O_I0_FDCE_Q_D_LUT6_O_I0_FDCE_Q_D_LUT6_O (LUT,site=clut,cluto)} {inst24: spi_miso_FDCE_Q_D_LUT6_O_I0_FDCE_Q_D_LUT6_O_I0_FDCE_Q (FDCE,site=cff)} 
   --------------------------------------------------------------------------------------------------------------------------------------------------------------------------------------------------------------------------------------------------------------------------------------------------------------------------------------
   RBB_13/CLK                                                               RBB_6L       13   [TILE 0 0, RBB 7 26]        832     r            8343                                                                                                                                                                                    
   clk                                                                      Clock net     2           (fanout=388)      -2302                     -                                                                                                                                                                                    
   clk                                                                      CLOCK-PORT    -                      -    capture     r            6041                                                                                                                                                                                    
   --------------------------------------------------------------------------------------------------------------------------------------------------------------------------------------------------------------------------------------------------------------------------------------------------------------------------------------


Path 336:
   Slack (not met):                         -4166ps
     Path type:                               SETUP
     Group:                              <UDEF_clk>
     Launching clock:                           clk (rising edge)
     Capturing clock:                           clk (rising edge)

     Requested period:                       2000ps
   + Delay of the capturing clock:           2302ps
   - Clock uncertainty:                       150ps
   = Required time:                          4152ps
   - Propagation time:                       5971ps (41.1% logic, 58.9% route, logic stage 2)
   - Delay of the launching clock:           2347ps
   = Slack:                                 -4166ps

   Instance/Pin or Net Name                                                 Type         ID     Location or Fanout   Delay(ps)  Edge  Arrival Time(ps)    Instance detail                                                                                                                                                                                                    
   ----------------------------------------------------------------------------------------------------------------------------------------------------------------------------------------------------------------------------------------------------------------------------------------------------------------------------------------------------------------------------
   clk                                                                      CLOCK-PORT    -                      -     launch     r               0                                                                                                                                                                                                                          
   clk                                                                      Clock net     2           (fanout=388)       2347                     -                                                                                                                                                                                                                          
   RBB_10/CLK                                                               RBB_6L       10  [TILE 0 0, RBB 19 20]          -     r            2347                                                                                                                                                                                                                          
   ----------------------------------------------------------------------------------------------------------------------------------------------------------------------------------------------------------------------------------------------------------------------------------------------------------------------------------------------------------------------------
   RBB_10/CQ                                                                RBB_6L       10  [TILE 0 0, RBB 19 20]        800     r            3147     {inst50: spi_mosi_FDCE_D_Q_FDCE_Q_D_LUT4_O_I3_CARRY4_O_CO_2_LUT5_I4_O_FDCE_D (FDC,site=cff)}                                                                                                                         
   spi_mosi_FDCE_D_Q_FDCE_Q_D_LUT4_O_I3_CARRY4_O_O_1_LUT4_I3_O_FDCE_D_Q[1]  Net          52             (fanout=4)       1694                     -                                                                                                                                                                                                                          
   RBB_14/A4                                                                RBB_6L       14  [TILE 0 0, RBB 25 16]          -     r            4841                                                                                                                                                                                                                          
   RBB_14/AMUX                                                              RBB_6L       14  [TILE 0 0, RBB 25 16]        825     r            5666     {inst54: spi_mosi_FDCE_D_Q_LUT2_O (LUT,site=aluto)}                                                                                                                                                                  
   spi_mosi_FDCE_D_Q[3]                                                     Net          34             (fanout=8)       1820                     -                                                                                                                                                                                                                          
   RBB_13/B3                                                                RBB_6L       13   [TILE 0 0, RBB 7 26]          -     r            7486     {inst29: spi_miso_FDCE_Q_D_LUT6_O_I0_FDCE_Q_D_LUT6_O_I0_FDCE_Q_D_LUT6_O_I0_FDCE_Q_D_LUT6_O (LUT,site=blut,bluto)} {inst27: spi_miso_FDCE_Q_D_LUT6_O_I0_FDCE_Q_D_LUT6_O_I0_FDCE_Q_D_LUT6_O_I0_FDCE_Q (FDCE,site=bff)} 
   ----------------------------------------------------------------------------------------------------------------------------------------------------------------------------------------------------------------------------------------------------------------------------------------------------------------------------------------------------------------------------
   RBB_13/CLK                                                               RBB_6L       13   [TILE 0 0, RBB 7 26]        832     r            8318                                                                                                                                                                                                                          
   clk                                                                      Clock net     2           (fanout=388)      -2302                     -                                                                                                                                                                                                                          
   clk                                                                      CLOCK-PORT    -                      -    capture     r            6016                                                                                                                                                                                                                          
   ----------------------------------------------------------------------------------------------------------------------------------------------------------------------------------------------------------------------------------------------------------------------------------------------------------------------------------------------------------------------------


Path 337:
   Slack (not met):                         -4047ps
     Path type:                               SETUP
     Group:                              <UDEF_clk>
     Launching clock:                           clk (rising edge)
     Capturing clock:                           clk (rising edge)

     Requested period:                       2000ps
   + Delay of the capturing clock:           2355ps
   - Clock uncertainty:                       150ps
   = Required time:                          4205ps
   - Propagation time:                       5905ps (52.0% logic, 48.0% route, logic stage 2)
   - Delay of the launching clock:           2347ps
   = Slack:                                 -4047ps

   Instance/Pin or Net Name   Type         ID     Location or Fanout   Delay(ps)  Edge  Arrival Time(ps)    Instance detail                                     
   ---------------------------------------------------------------------------------------------------------------------------------------------------------------
   clk                        CLOCK-PORT    -                      -     launch     r               0                                                           
   clk                        Clock net     2           (fanout=388)       2347                     -                                                           
   RBB_10/CLK                 RBB_6L       10  [TILE 0 0, RBB 19 20]          -     r            2347                                                           
   ---------------------------------------------------------------------------------------------------------------------------------------------------------------
   RBB_10/CMUX                RBB_6L       10  [TILE 0 0, RBB 19 20]       1380     r            3727     {inst57: u_spi.r_sck_sync_FDCE_Q (FDC,site=cffo)}     
   u_spi.r_sck_sync[1]        Net           9             (fanout=3)       1148                     -                                                           
   RBB_11/D5                  RBB_6L       11  [TILE 0 0, RBB 22 18]          -     r            4875                                                           
   RBB_11/DMUX                RBB_6L       11  [TILE 0 0, RBB 22 18]        814     r            5689     {inst70: u_spi.w_sck_edge_LUT2_O (LUT,site=dluto)}    
   u_spi.w_sck_edge           Net          10             (fanout=7)       1685                     -                                                           
   RBB_16/A6                  RBB_6L       16  [TILE 0 0, RBB 10 24]          -     r            7374     {<CE>inst69: u_spi.rx_shift_FDCE_Q_6 (FDCE,site=dff)} 
   ---------------------------------------------------------------------------------------------------------------------------------------------------------------
   RBB_16/CLK                 RBB_6L       16  [TILE 0 0, RBB 10 24]        878     r            8252                                                           
   clk                        Clock net     2           (fanout=388)      -2355                     -                                                           
   clk                        CLOCK-PORT    -                      -    capture     r            5897                                                           
   ---------------------------------------------------------------------------------------------------------------------------------------------------------------


Path 338:
   Slack (not met):                         -3944ps
     Path type:                               SETUP
     Group:                              <UDEF_clk>
     Launching clock:                           clk (rising edge)
     Capturing clock:                           clk (rising edge)

     Requested period:                       2000ps
   + Delay of the capturing clock:           2311ps
   - Clock uncertainty:                       150ps
   = Required time:                          4161ps
   - Propagation time:                       5758ps (49.3% logic, 50.7% route, logic stage 2)
   - Delay of the launching clock:           2347ps
   = Slack:                                 -3944ps

   Instance/Pin or Net Name   Type         ID     Location or Fanout   Delay(ps)  Edge  Arrival Time(ps)    Instance detail                                      
   ----------------------------------------------------------------------------------------------------------------------------------------------------------------
   clk                        CLOCK-PORT    -                      -     launch     r               0                                                            
   clk                        Clock net     2           (fanout=388)       2347                     -                                                            
   RBB_10/CLK                 RBB_6L       10  [TILE 0 0, RBB 19 20]          -     r            2347                                                            
   ----------------------------------------------------------------------------------------------------------------------------------------------------------------
   RBB_10/CMUX                RBB_6L       10  [TILE 0 0, RBB 19 20]       1380     r            3727     {inst57: u_spi.r_sck_sync_FDCE_Q (FDC,site=cffo)}      
   u_spi.r_sck_sync[1]        Net           9             (fanout=3)       1148                     -                                                            
   RBB_11/D5                  RBB_6L       11  [TILE 0 0, RBB 22 18]          -     r            4875                                                            
   RBB_11/DMUX                RBB_6L       11  [TILE 0 0, RBB 22 18]        814     r            5689     {inst70: u_spi.w_sck_edge_LUT2_O (LUT,site=dluto)}     
   u_spi.w_sck_edge           Net          10             (fanout=7)       1773                     -                                                            
   RBB_15/A6                  RBB_6L       15   [TILE 0 0, RBB 4 22]          -     r            7462     {<CE>inst65: u_spi.rx_shift_FDCE_Q_2 (FDCE,site=dffo)} 
   ----------------------------------------------------------------------------------------------------------------------------------------------------------------
   RBB_15/CLK                 RBB_6L       15   [TILE 0 0, RBB 4 22]        643     r            8105                                                            
   clk                        Clock net     2           (fanout=388)      -2311                     -                                                            
   clk                        CLOCK-PORT    -                      -    capture     r            5794                                                            
   ----------------------------------------------------------------------------------------------------------------------------------------------------------------


Path 56:
   Slack (not met):                         -3842ps
     Path type:                               SETUP
     Group:                              <UDEF_clk>
     Launching clock:                           clk (rising edge)
     Capturing clock:                           clk (rising edge)

     Requested period:                       2000ps
   + Delay of the capturing clock:           2328ps
   - Clock uncertainty:                       150ps
   = Required time:                          4178ps
   - Propagation time:                       5673ps (54.3% logic, 45.7% route, logic stage 2)
   - Delay of the launching clock:           2347ps
   = Slack:                                 -3842ps

   Instance/Pin or Net Name       Type         ID     Location or Fanout   Delay(ps)  Edge  Arrival Time(ps)    Instance detail                                                                
   ----------------------------------------------------------------------------------------------------------------------------------------------------------------------------------------------
   clk                            CLOCK-PORT    -                      -     launch     r               0                                                                                      
   clk                            Clock net     2           (fanout=388)       2347                     -                                                                                      
   RBB_10/CLK                     RBB_6L       10  [TILE 0 0, RBB 19 20]          -     r            2347                                                                                      
   ----------------------------------------------------------------------------------------------------------------------------------------------------------------------------------------------
   RBB_10/AMUX                    RBB_6L       10  [TILE 0 0, RBB 19 20]       1463     r            3810     {inst71: u_spi.w_sck_edge_LUT2_O_I0_FDCE_Q (FDC,site=affo)}                      
   u_spi.w_sck_edge_LUT2_O_I0[0]  Net          62             (fanout=2)       1176                     -                                                                                      
   RBB_14/A1                      RBB_6L       14  [TILE 0 0, RBB 25 16]          -     r            4986                                                                                      
   RBB_14/A                       RBB_6L       14  [TILE 0 0, RBB 25 16]        759     r            5745     {inst55: spi_mosi_FDCE_D_Q_LUT2_O_1 (LUT,site=alut)}                             
   spi_mosi_FDCE_D_Q[4]           Net          35             (fanout=5)       1419                     -                                                                                      
   RBB_1/CE                       IOB           1   [TILE 0 0, RBB 31 8]          -     r            7164     {inst19: spi_miso_FDCE_Q (FDCE)} {(output_port) inst76: g_76_spi_miso_obuf (IO)} 
   ----------------------------------------------------------------------------------------------------------------------------------------------------------------------------------------------
   RBB_1/CLK                      IOB           1   [TILE 0 0, RBB 31 8]        856     r            8020                                                                                      
   clk                            Clock net     2           (fanout=388)      -2328                     -                                                                                      
   clk                            CLOCK-PORT    -                      -    capture     r            5692                                                                                      
   ----------------------------------------------------------------------------------------------------------------------------------------------------------------------------------------------


Path 64:
   Slack (not met):                         -3772ps
     Path type:                               SETUP
     Group:                              <UDEF_clk>
     Launching clock:                           clk (rising edge)
     Capturing clock:                           clk (rising edge)

     Requested period:                       2000ps
   + Delay of the capturing clock:           2347ps
   - Clock uncertainty:                       150ps
   = Required time:                          4197ps
   - Propagation time:                       5644ps (53.5% logic, 46.5% route, logic stage 2)
   - Delay of the launching clock:           2325ps
   = Slack:                                 -3772ps

   Instance/Pin or Net Name                              Type         ID     Location or Fanout   Delay(ps)  Edge  Arrival Time(ps)    Instance detail                                                                                                                                                               
   --------------------------------------------------------------------------------------------------------------------------------------------------------------------------------------------------------------------------------------------------------------------------------------------------------------------
   clk                                                   CLOCK-PORT    -                      -     launch     r               0                                                                                                                                                                                     
   clk                                                   Clock net     2           (fanout=388)       2325                     -                                                                                                                                                                                     
   RBB_11/CLK                                            RBB_6L       11  [TILE 0 0, RBB 22 18]          -     r            2325                                                                                                                                                                                     
   --------------------------------------------------------------------------------------------------------------------------------------------------------------------------------------------------------------------------------------------------------------------------------------------------------------------
   RBB_11/DQ                                             RBB_6L       11  [TILE 0 0, RBB 22 18]        800     r            3125     {inst62: u_spi.r_ss_n_sync_LUT3_I1_O_FDCE_D (FDC,site=dff)}                                                                                                                     
   u_spi.r_ss_n_sync_LUT3_I1_O_FDCE_D_Q                  Net          56            (fanout=10)       1470                     -                                                                                                                                                                                     
   RBB_7/A1                                              RBB_6L        7  [TILE 0 0, RBB 25 20]          -     r            4595                                                                                                                                                                                     
   RBB_7/CQ                                              RBB_6L        7  [TILE 0 0, RBB 25 20]       1390     r            5985     {inst47: spi_mosi_FDCE_D_Q_FDCE_Q_D_LUT4_O_I3_CARRY4_O (CARRY4)}                                                                                                                
   spi_mosi_FDCE_D_Q_FDCE_Q_D_LUT4_O_I3_CARRY4_O_O_1[1]  Net          77             (fanout=1)       1152                     -                                                                                                                                                                                     
   RBB_10/B1                                             RBB_6L       10  [TILE 0 0, RBB 19 20]          -     r            7137     {inst51: spi_mosi_FDCE_D_Q_FDCE_Q_D_LUT4_O_I3_CARRY4_O_O_1_LUT4_I3 (LUT,site=blut)} {inst52: spi_mosi_FDCE_D_Q_FDCE_Q_D_LUT4_O_I3_CARRY4_O_O_1_LUT4_I3_O_FDCE_D (FDC,site=bff)} 
   --------------------------------------------------------------------------------------------------------------------------------------------------------------------------------------------------------------------------------------------------------------------------------------------------------------------
   RBB_10/CLK                                            RBB_6L       10  [TILE 0 0, RBB 19 20]        832     r            7969                                                                                                                                                                                     
   clk                                                   Clock net     2           (fanout=388)      -2347                     -                                                                                                                                                                                     
   clk                                                   CLOCK-PORT    -                      -    capture     r            5622                                                                                                                                                                                     
   --------------------------------------------------------------------------------------------------------------------------------------------------------------------------------------------------------------------------------------------------------------------------------------------------------------------


Path 57:
   Slack (not met):                         -3750ps
     Path type:                               SETUP
     Group:                              <UDEF_clk>
     Launching clock:                           clk (rising edge)
     Capturing clock:                           clk (rising edge)

     Requested period:                       2000ps
   + Delay of the capturing clock:           2347ps
   - Clock uncertainty:                       150ps
   = Required time:                          4197ps
   - Propagation time:                       5622ps (54.8% logic, 45.2% route, logic stage 2)
   - Delay of the launching clock:           2325ps
   = Slack:                                 -3750ps

   Instance/Pin or Net Name                 Type         ID     Location or Fanout   Delay(ps)  Edge  Arrival Time(ps)    Instance detail                                                                                             
   -------------------------------------------------------------------------------------------------------------------------------------------------------------------------------------------------------------------------------------
   clk                                      CLOCK-PORT    -                      -     launch     r               0                                                                                                                   
   clk                                      Clock net     2           (fanout=388)       2325                     -                                                                                                                   
   RBB_11/CLK                               RBB_6L       11  [TILE 0 0, RBB 22 18]          -     r            2325                                                                                                                   
   -------------------------------------------------------------------------------------------------------------------------------------------------------------------------------------------------------------------------------------
   RBB_11/DQ                                RBB_6L       11  [TILE 0 0, RBB 22 18]        800     r            3125     {inst62: u_spi.r_ss_n_sync_LUT3_I1_O_FDCE_D (FDC,site=dff)}                                                   
   u_spi.r_ss_n_sync_LUT3_I1_O_FDCE_D_Q     Net          56            (fanout=10)       1470                     -                                                                                                                   
   RBB_7/A1                                 RBB_6L        7  [TILE 0 0, RBB 25 20]          -     r            4595                                                                                                                   
   RBB_7/BQ                                 RBB_6L        7  [TILE 0 0, RBB 25 20]       1384     r            5979     {inst47: spi_mosi_FDCE_D_Q_FDCE_Q_D_LUT4_O_I3_CARRY4_O (CARRY4)}                                              
   spi_mosi_FDCE_D_Q_FDCE_Q_D_LUT4_O_I3[1]  Net          67             (fanout=1)       1069                     -                                                                                                                   
   RBB_10/D2                                RBB_6L       10  [TILE 0 0, RBB 19 20]          -     r            7048     {inst46: spi_mosi_FDCE_D_Q_FDCE_Q_D_LUT4_O (LUT,site=dlut)} {inst45: spi_mosi_FDCE_D_Q_FDCE_Q (FDC,site=dff)} 
   -------------------------------------------------------------------------------------------------------------------------------------------------------------------------------------------------------------------------------------
   RBB_10/CLK                               RBB_6L       10  [TILE 0 0, RBB 19 20]        899     r            7947                                                                                                                   
   clk                                      Clock net     2           (fanout=388)      -2347                     -                                                                                                                   
   clk                                      CLOCK-PORT    -                      -    capture     r            5600                                                                                                                   
   -------------------------------------------------------------------------------------------------------------------------------------------------------------------------------------------------------------------------------------


Path 58:
   Slack (not met):                         -3599ps
     Path type:                               SETUP
     Group:                              <UDEF_clk>
     Launching clock:                           clk (rising edge)
     Capturing clock:                           clk (rising edge)

     Requested period:                       2000ps
   + Delay of the capturing clock:           2347ps
   - Clock uncertainty:                       150ps
   = Required time:                          4197ps
   - Propagation time:                       5471ps (56.7% logic, 43.3% route, logic stage 2)
   - Delay of the launching clock:           2325ps
   = Slack:                                 -3599ps

   Instance/Pin or Net Name                               Type         ID     Location or Fanout   Delay(ps)  Edge  Arrival Time(ps)    Instance detail                                                                                                                          
   --------------------------------------------------------------------------------------------------------------------------------------------------------------------------------------------------------------------------------------------------------------------------------
   clk                                                    CLOCK-PORT    -                      -     launch     r               0                                                                                                                                                
   clk                                                    Clock net     2           (fanout=388)       2325                     -                                                                                                                                                
   RBB_11/CLK                                             RBB_6L       11  [TILE 0 0, RBB 22 18]          -     r            2325                                                                                                                                                
   --------------------------------------------------------------------------------------------------------------------------------------------------------------------------------------------------------------------------------------------------------------------------------
   RBB_11/DQ                                              RBB_6L       11  [TILE 0 0, RBB 22 18]        800     r            3125     {inst62: u_spi.r_ss_n_sync_LUT3_I1_O_FDCE_D (FDC,site=dff)}                                                                                
   u_spi.r_ss_n_sync_LUT3_I1_O_FDCE_D_Q                   Net          56            (fanout=10)       1470                     -                                                                                                                                                
   RBB_7/A1                                               RBB_6L        7  [TILE 0 0, RBB 25 20]          -     r            4595                                                                                                                                                
   RBB_7/BMUX                                             RBB_6L        7  [TILE 0 0, RBB 25 20]       1356     r            5951     {inst47: spi_mosi_FDCE_D_Q_FDCE_Q_D_LUT4_O_I3_CARRY4_O (CARRY4)}                                                                           
   spi_mosi_FDCE_D_Q_FDCE_Q_D_LUT4_O_I3_CARRY4_O_CO_2[3]  Net          76             (fanout=2)        901                     -                                                                                                                                                
   RBB_10/A1                                              RBB_6L       10  [TILE 0 0, RBB 19 20]          -     r            6852     {inst48: spi_mosi_FDCE_D_Q_FDCE_Q_D_LUT4_O_I3_CARRY4_O_CO_2_LUT4_I2 (LUT,site=alut)} {inst56: u_spi.o_rx_data_valid_FDCE_Q (FDC,site=aff)} 
   --------------------------------------------------------------------------------------------------------------------------------------------------------------------------------------------------------------------------------------------------------------------------------
   RBB_10/CLK                                             RBB_6L       10  [TILE 0 0, RBB 19 20]        944     r            7796                                                                                                                                                
   clk                                                    Clock net     2           (fanout=388)      -2347                     -                                                                                                                                                
   clk                                                    CLOCK-PORT    -                      -    capture     r            5449                                                                                                                                                
   --------------------------------------------------------------------------------------------------------------------------------------------------------------------------------------------------------------------------------------------------------------------------------


Path 339:
   Slack (not met):                         -3526ps
     Path type:                               SETUP
     Group:                              <UDEF_clk>
     Launching clock:                           clk (rising edge)
     Capturing clock:                           clk (rising edge)

     Requested period:                       2000ps
   + Delay of the capturing clock:           2347ps
   - Clock uncertainty:                       150ps
   = Required time:                          4197ps
   - Propagation time:                       5376ps (58.1% logic, 41.9% route, logic stage 2)
   - Delay of the launching clock:           2347ps
   = Slack:                                 -3526ps

   Instance/Pin or Net Name   Type         ID     Location or Fanout   Delay(ps)  Edge  Arrival Time(ps)    Instance detail                                                                                             
   -----------------------------------------------------------------------------------------------------------------------------------------------------------------------------------------------------------------------
   clk                        CLOCK-PORT    -                      -     launch     r               0                                                                                                                   
   clk                        Clock net     2           (fanout=388)       2347                     -                                                                                                                   
   RBB_10/CLK                 RBB_6L       10  [TILE 0 0, RBB 19 20]          -     r            2347                                                                                                                   
   -----------------------------------------------------------------------------------------------------------------------------------------------------------------------------------------------------------------------
   RBB_10/CMUX                RBB_6L       10  [TILE 0 0, RBB 19 20]       1380     r            3727     {inst57: u_spi.r_sck_sync_FDCE_Q (FDC,site=cffo)}                                                             
   u_spi.r_sck_sync[1]        Net           9             (fanout=3)       1148                     -                                                                                                                   
   RBB_11/D5                  RBB_6L       11  [TILE 0 0, RBB 22 18]          -     r            4875                                                                                                                   
   RBB_11/DMUX                RBB_6L       11  [TILE 0 0, RBB 22 18]        814     r            5689     {inst70: u_spi.w_sck_edge_LUT2_O (LUT,site=dluto)}                                                            
   u_spi.w_sck_edge           Net          10             (fanout=7)       1105                     -                                                                                                                   
   RBB_10/D5                  RBB_6L       10  [TILE 0 0, RBB 19 20]          -     r            6794     {inst46: spi_mosi_FDCE_D_Q_FDCE_Q_D_LUT4_O (LUT,site=dlut)} {inst45: spi_mosi_FDCE_D_Q_FDCE_Q (FDC,site=dff)} 
   -----------------------------------------------------------------------------------------------------------------------------------------------------------------------------------------------------------------------
   RBB_10/CLK                 RBB_6L       10  [TILE 0 0, RBB 19 20]        929     r            7723                                                                                                                   
   clk                        Clock net     2           (fanout=388)      -2347                     -                                                                                                                   
   clk                        CLOCK-PORT    -                      -    capture     r            5376                                                                                                                   
   -----------------------------------------------------------------------------------------------------------------------------------------------------------------------------------------------------------------------


Path 340:
   Slack (not met):                         -3500ps
     Path type:                               SETUP
     Group:                              <UDEF_clk>
     Launching clock:                           clk (rising edge)
     Capturing clock:                           clk (rising edge)

     Requested period:                       2000ps
   + Delay of the capturing clock:           2347ps
   - Clock uncertainty:                       150ps
   = Required time:                          4197ps
   - Propagation time:                       5350ps (57.9% logic, 42.1% route, logic stage 2)
   - Delay of the launching clock:           2347ps
   = Slack:                                 -3500ps

   Instance/Pin or Net Name   Type         ID     Location or Fanout   Delay(ps)  Edge  Arrival Time(ps)    Instance detail                                                                                                                                                                 
   -------------------------------------------------------------------------------------------------------------------------------------------------------------------------------------------------------------------------------------------------------------------------------------------
   clk                        CLOCK-PORT    -                      -     launch     r               0                                                                                                                                                                                       
   clk                        Clock net     2           (fanout=388)       2347                     -                                                                                                                                                                                       
   RBB_10/CLK                 RBB_6L       10  [TILE 0 0, RBB 19 20]          -     r            2347                                                                                                                                                                                       
   -------------------------------------------------------------------------------------------------------------------------------------------------------------------------------------------------------------------------------------------------------------------------------------------
   RBB_10/CMUX                RBB_6L       10  [TILE 0 0, RBB 19 20]       1380     r            3727     {inst57: u_spi.r_sck_sync_FDCE_Q (FDC,site=cffo)}                                                                                                                                 
   u_spi.r_sck_sync[1]        Net           9             (fanout=3)       1148                     -                                                                                                                                                                                       
   RBB_11/D5                  RBB_6L       11  [TILE 0 0, RBB 22 18]          -     r            4875                                                                                                                                                                                       
   RBB_11/DMUX                RBB_6L       11  [TILE 0 0, RBB 22 18]        814     r            5689     {inst70: u_spi.w_sck_edge_LUT2_O (LUT,site=dluto)}                                                                                                                                
   u_spi.w_sck_edge           Net          10             (fanout=7)       1105                     -                                                                                                                                                                                       
   RBB_10/C5                  RBB_6L       10  [TILE 0 0, RBB 19 20]          -     r            6794     {inst49: spi_mosi_FDCE_D_Q_FDCE_Q_D_LUT4_O_I3_CARRY4_O_CO_2_LUT5_I4 (LUT,site=clut)} {inst50: spi_mosi_FDCE_D_Q_FDCE_Q_D_LUT4_O_I3_CARRY4_O_CO_2_LUT5_I4_O_FDCE_D (FDC,site=cff)} 
   -------------------------------------------------------------------------------------------------------------------------------------------------------------------------------------------------------------------------------------------------------------------------------------------
   RBB_10/CLK                 RBB_6L       10  [TILE 0 0, RBB 19 20]        903     r            7697                                                                                                                                                                                       
   clk                        Clock net     2           (fanout=388)      -2347                     -                                                                                                                                                                                       
   clk                        CLOCK-PORT    -                      -    capture     r            5350                                                                                                                                                                                       
   -------------------------------------------------------------------------------------------------------------------------------------------------------------------------------------------------------------------------------------------------------------------------------------------


Path 341:
   Slack (not met):                         -3458ps
     Path type:                               SETUP
     Group:                              <UDEF_clk>
     Launching clock:                           clk (rising edge)
     Capturing clock:                           clk (rising edge)

     Requested period:                       2000ps
   + Delay of the capturing clock:           2347ps
   - Clock uncertainty:                       150ps
   = Required time:                          4197ps
   - Propagation time:                       5308ps (57.6% logic, 42.4% route, logic stage 2)
   - Delay of the launching clock:           2347ps
   = Slack:                                 -3458ps

   Instance/Pin or Net Name   Type         ID     Location or Fanout   Delay(ps)  Edge  Arrival Time(ps)    Instance detail                                                                                                                          
   ----------------------------------------------------------------------------------------------------------------------------------------------------------------------------------------------------------------------------------------------------
   clk                        CLOCK-PORT    -                      -     launch     r               0                                                                                                                                                
   clk                        Clock net     2           (fanout=388)       2347                     -                                                                                                                                                
   RBB_10/CLK                 RBB_6L       10  [TILE 0 0, RBB 19 20]          -     r            2347                                                                                                                                                
   ----------------------------------------------------------------------------------------------------------------------------------------------------------------------------------------------------------------------------------------------------
   RBB_10/CMUX                RBB_6L       10  [TILE 0 0, RBB 19 20]       1380     r            3727     {inst57: u_spi.r_sck_sync_FDCE_Q (FDC,site=cffo)}                                                                                          
   u_spi.r_sck_sync[1]        Net           9             (fanout=3)       1148                     -                                                                                                                                                
   RBB_11/D5                  RBB_6L       11  [TILE 0 0, RBB 22 18]          -     r            4875                                                                                                                                                
   RBB_11/DMUX                RBB_6L       11  [TILE 0 0, RBB 22 18]        814     r            5689     {inst70: u_spi.w_sck_edge_LUT2_O (LUT,site=dluto)}                                                                                         
   u_spi.w_sck_edge           Net          10             (fanout=7)       1105                     -                                                                                                                                                
   RBB_10/A5                  RBB_6L       10  [TILE 0 0, RBB 19 20]          -     r            6794     {inst48: spi_mosi_FDCE_D_Q_FDCE_Q_D_LUT4_O_I3_CARRY4_O_CO_2_LUT4_I2 (LUT,site=alut)} {inst56: u_spi.o_rx_data_valid_FDCE_Q (FDC,site=aff)} 
   ----------------------------------------------------------------------------------------------------------------------------------------------------------------------------------------------------------------------------------------------------
   RBB_10/CLK                 RBB_6L       10  [TILE 0 0, RBB 19 20]        861     r            7655                                                                                                                                                
   clk                        Clock net     2           (fanout=388)      -2347                     -                                                                                                                                                
   clk                        CLOCK-PORT    -                      -    capture     r            5308                                                                                                                                                
   ----------------------------------------------------------------------------------------------------------------------------------------------------------------------------------------------------------------------------------------------------


Path 342:
   Slack (not met):                         -3452ps
     Path type:                               SETUP
     Group:                              <UDEF_clk>
     Launching clock:                           clk (rising edge)
     Capturing clock:                           clk (rising edge)

     Requested period:                       2000ps
   + Delay of the capturing clock:           2347ps
   - Clock uncertainty:                       150ps
   = Required time:                          4197ps
   - Propagation time:                       5302ps (57.5% logic, 42.5% route, logic stage 2)
   - Delay of the launching clock:           2347ps
   = Slack:                                 -3452ps

   Instance/Pin or Net Name   Type         ID     Location or Fanout   Delay(ps)  Edge  Arrival Time(ps)    Instance detail                                                                                                                                                               
   -----------------------------------------------------------------------------------------------------------------------------------------------------------------------------------------------------------------------------------------------------------------------------------------
   clk                        CLOCK-PORT    -                      -     launch     r               0                                                                                                                                                                                     
   clk                        Clock net     2           (fanout=388)       2347                     -                                                                                                                                                                                     
   RBB_10/CLK                 RBB_6L       10  [TILE 0 0, RBB 19 20]          -     r            2347                                                                                                                                                                                     
   -----------------------------------------------------------------------------------------------------------------------------------------------------------------------------------------------------------------------------------------------------------------------------------------
   RBB_10/CMUX                RBB_6L       10  [TILE 0 0, RBB 19 20]       1380     r            3727     {inst57: u_spi.r_sck_sync_FDCE_Q (FDC,site=cffo)}                                                                                                                               
   u_spi.r_sck_sync[1]        Net           9             (fanout=3)       1148                     -                                                                                                                                                                                     
   RBB_11/D5                  RBB_6L       11  [TILE 0 0, RBB 22 18]          -     r            4875                                                                                                                                                                                     
   RBB_11/DMUX                RBB_6L       11  [TILE 0 0, RBB 22 18]        814     r            5689     {inst70: u_spi.w_sck_edge_LUT2_O (LUT,site=dluto)}                                                                                                                              
   u_spi.w_sck_edge           Net          10             (fanout=7)       1105                     -                                                                                                                                                                                     
   RBB_10/B5                  RBB_6L       10  [TILE 0 0, RBB 19 20]          -     r            6794     {inst51: spi_mosi_FDCE_D_Q_FDCE_Q_D_LUT4_O_I3_CARRY4_O_O_1_LUT4_I3 (LUT,site=blut)} {inst52: spi_mosi_FDCE_D_Q_FDCE_Q_D_LUT4_O_I3_CARRY4_O_O_1_LUT4_I3_O_FDCE_D (FDC,site=bff)} 
   -----------------------------------------------------------------------------------------------------------------------------------------------------------------------------------------------------------------------------------------------------------------------------------------
   RBB_10/CLK                 RBB_6L       10  [TILE 0 0, RBB 19 20]        855     r            7649                                                                                                                                                                                     
   clk                        Clock net     2           (fanout=388)      -2347                     -                                                                                                                                                                                     
   clk                        CLOCK-PORT    -                      -    capture     r            5302                                                                                                                                                                                     
   -----------------------------------------------------------------------------------------------------------------------------------------------------------------------------------------------------------------------------------------------------------------------------------------


Path 63:
   Slack (not met):                         -3396ps
     Path type:                               SETUP
     Group:                              <UDEF_clk>
     Launching clock:                           clk (rising edge)
     Capturing clock:                           clk (rising edge)

     Requested period:                       2000ps
   + Delay of the capturing clock:           2347ps
   - Clock uncertainty:                       150ps
   = Required time:                          4197ps
   - Propagation time:                       5268ps (55.2% logic, 44.8% route, logic stage 2)
   - Delay of the launching clock:           2325ps
   = Slack:                                 -3396ps

   Instance/Pin or Net Name                               Type         ID     Location or Fanout   Delay(ps)  Edge  Arrival Time(ps)    Instance detail                                                                                                                                                                 
   -----------------------------------------------------------------------------------------------------------------------------------------------------------------------------------------------------------------------------------------------------------------------------------------------------------------------
   clk                                                    CLOCK-PORT    -                      -     launch     r               0                                                                                                                                                                                       
   clk                                                    Clock net     2           (fanout=388)       2325                     -                                                                                                                                                                                       
   RBB_11/CLK                                             RBB_6L       11  [TILE 0 0, RBB 22 18]          -     r            2325                                                                                                                                                                                       
   -----------------------------------------------------------------------------------------------------------------------------------------------------------------------------------------------------------------------------------------------------------------------------------------------------------------------
   RBB_11/DQ                                              RBB_6L       11  [TILE 0 0, RBB 22 18]        800     r            3125     {inst62: u_spi.r_ss_n_sync_LUT3_I1_O_FDCE_D (FDC,site=dff)}                                                                                                                       
   u_spi.r_ss_n_sync_LUT3_I1_O_FDCE_D_Q                   Net          56            (fanout=10)       1470                     -                                                                                                                                                                                       
   RBB_7/A1                                               RBB_6L        7  [TILE 0 0, RBB 25 20]          -     r            4595                                                                                                                                                                                       
   RBB_7/BMUX                                             RBB_6L        7  [TILE 0 0, RBB 25 20]       1356     r            5951     {inst47: spi_mosi_FDCE_D_Q_FDCE_Q_D_LUT4_O_I3_CARRY4_O (CARRY4)}                                                                                                                  
   spi_mosi_FDCE_D_Q_FDCE_Q_D_LUT4_O_I3_CARRY4_O_CO_2[3]  Net          76             (fanout=2)        888                     -                                                                                                                                                                                       
   RBB_10/C1                                              RBB_6L       10  [TILE 0 0, RBB 19 20]          -     r            6839     {inst49: spi_mosi_FDCE_D_Q_FDCE_Q_D_LUT4_O_I3_CARRY4_O_CO_2_LUT5_I4 (LUT,site=clut)} {inst50: spi_mosi_FDCE_D_Q_FDCE_Q_D_LUT4_O_I3_CARRY4_O_CO_2_LUT5_I4_O_FDCE_D (FDC,site=cff)} 
   -----------------------------------------------------------------------------------------------------------------------------------------------------------------------------------------------------------------------------------------------------------------------------------------------------------------------
   RBB_10/CLK                                             RBB_6L       10  [TILE 0 0, RBB 19 20]        754     r            7593                                                                                                                                                                                       
   clk                                                    Clock net     2           (fanout=388)      -2347                     -                                                                                                                                                                                       
   clk                                                    CLOCK-PORT    -                      -    capture     r            5246                                                                                                                                                                                       
   -----------------------------------------------------------------------------------------------------------------------------------------------------------------------------------------------------------------------------------------------------------------------------------------------------------------------


Path 73:
   Slack (not met):                         -3030ps
     Path type:                               SETUP
     Group:                              <UDEF_clk>
     Launching clock:                           clk (rising edge)
     Capturing clock:                           clk (rising edge)

     Requested period:                       2000ps
   + Delay of the capturing clock:           2273ps
   - Clock uncertainty:                       150ps
   = Required time:                          4123ps
   - Propagation time:                       4806ps (63.0% logic, 37.0% route, logic stage 2)
   - Delay of the launching clock:           2347ps
   = Slack:                                 -3030ps

   Instance/Pin or Net Name       Type         ID     Location or Fanout   Delay(ps)  Edge  Arrival Time(ps)    Instance detail                                                                                                         
   ---------------------------------------------------------------------------------------------------------------------------------------------------------------------------------------------------------------------------------------
   clk                            CLOCK-PORT    -                      -     launch     r               0                                                                                                                               
   clk                            Clock net     2           (fanout=388)       2347                     -                                                                                                                               
   RBB_10/CLK                     RBB_6L       10  [TILE 0 0, RBB 19 20]          -     r            2347                                                                                                                               
   ---------------------------------------------------------------------------------------------------------------------------------------------------------------------------------------------------------------------------------------
   RBB_10/AMUX                    RBB_6L       10  [TILE 0 0, RBB 19 20]       1463     r            3810     {inst71: u_spi.w_sck_edge_LUT2_O_I0_FDCE_Q (FDC,site=affo)}                                                               
   u_spi.w_sck_edge_LUT2_O_I0[0]  Net          62             (fanout=2)       1176                     -                                                                                                                               
   RBB_14/A1                      RBB_6L       14  [TILE 0 0, RBB 25 16]          -     r            4986                                                                                                                               
   RBB_14/A                       RBB_6L       14  [TILE 0 0, RBB 25 16]        759     r            5745     {inst55: spi_mosi_FDCE_D_Q_LUT2_O_1 (LUT,site=alut)}                                                                      
   spi_mosi_FDCE_D_Q[4]           Net          35             (fanout=5)        604                     -                                                                                                                               
   RBB_14/B6                      RBB_6L       14  [TILE 0 0, RBB 25 16]          -     r            6349     {<CE>inst30: spi_miso_FDCE_Q_D_LUT6_O_I0_FDCE_Q_D_LUT6_O_I0_FDCE_Q_D_LUT6_O_I0_FDCE_Q_D_LUT6_O_I0_FDCE_Q (FDCE,site=dff)} 
   ---------------------------------------------------------------------------------------------------------------------------------------------------------------------------------------------------------------------------------------
   RBB_14/CLK                     RBB_6L       14  [TILE 0 0, RBB 25 16]        804     r            7153                                                                                                                               
   clk                            Clock net     2           (fanout=388)      -2273                     -                                                                                                                               
   clk                            CLOCK-PORT    -                      -    capture     r            4880                                                                                                                               
   ---------------------------------------------------------------------------------------------------------------------------------------------------------------------------------------------------------------------------------------


Path 74:
   Slack (not met):                         -3030ps
     Path type:                               SETUP
     Group:                              <UDEF_clk>
     Launching clock:                           clk (rising edge)
     Capturing clock:                           clk (rising edge)

     Requested period:                       2000ps
   + Delay of the capturing clock:           2273ps
   - Clock uncertainty:                       150ps
   = Required time:                          4123ps
   - Propagation time:                       4806ps (63.0% logic, 37.0% route, logic stage 2)
   - Delay of the launching clock:           2347ps
   = Slack:                                 -3030ps

   Instance/Pin or Net Name       Type         ID     Location or Fanout   Delay(ps)  Edge  Arrival Time(ps)    Instance detail                                                                                                                            
   ----------------------------------------------------------------------------------------------------------------------------------------------------------------------------------------------------------------------------------------------------------
   clk                            CLOCK-PORT    -                      -     launch     r               0                                                                                                                                                  
   clk                            Clock net     2           (fanout=388)       2347                     -                                                                                                                                                  
   RBB_10/CLK                     RBB_6L       10  [TILE 0 0, RBB 19 20]          -     r            2347                                                                                                                                                  
   ----------------------------------------------------------------------------------------------------------------------------------------------------------------------------------------------------------------------------------------------------------
   RBB_10/AMUX                    RBB_6L       10  [TILE 0 0, RBB 19 20]       1463     r            3810     {inst71: u_spi.w_sck_edge_LUT2_O_I0_FDCE_Q (FDC,site=affo)}                                                                                  
   u_spi.w_sck_edge_LUT2_O_I0[0]  Net          62             (fanout=2)       1176                     -                                                                                                                                                  
   RBB_14/A1                      RBB_6L       14  [TILE 0 0, RBB 25 16]          -     r            4986                                                                                                                                                  
   RBB_14/A                       RBB_6L       14  [TILE 0 0, RBB 25 16]        759     r            5745     {inst55: spi_mosi_FDCE_D_Q_LUT2_O_1 (LUT,site=alut)}                                                                                         
   spi_mosi_FDCE_D_Q[4]           Net          35             (fanout=5)        604                     -                                                                                                                                                  
   RBB_14/B6                      RBB_6L       14  [TILE 0 0, RBB 25 16]          -     r            6349     {<CE>inst33: spi_miso_FDCE_Q_D_LUT6_O_I0_FDCE_Q_D_LUT6_O_I0_FDCE_Q_D_LUT6_O_I0_FDCE_Q_D_LUT6_O_I0_FDCE_Q_D_LUT6_O_I0_FDCE_Q (FDCE,site=cff)} 
   ----------------------------------------------------------------------------------------------------------------------------------------------------------------------------------------------------------------------------------------------------------
   RBB_14/CLK                     RBB_6L       14  [TILE 0 0, RBB 25 16]        804     r            7153                                                                                                                                                  
   clk                            Clock net     2           (fanout=388)      -2273                     -                                                                                                                                                  
   clk                            CLOCK-PORT    -                      -    capture     r            4880                                                                                                                                                  
   ----------------------------------------------------------------------------------------------------------------------------------------------------------------------------------------------------------------------------------------------------------


Path 72:
   Slack (not met):                         -3030ps
     Path type:                               SETUP
     Group:                              <UDEF_clk>
     Launching clock:                           clk (rising edge)
     Capturing clock:                           clk (rising edge)

     Requested period:                       2000ps
   + Delay of the capturing clock:           2273ps
   - Clock uncertainty:                       150ps
   = Required time:                          4123ps
   - Propagation time:                       4806ps (63.0% logic, 37.0% route, logic stage 2)
   - Delay of the launching clock:           2347ps
   = Slack:                                 -3030ps

   Instance/Pin or Net Name       Type         ID     Location or Fanout   Delay(ps)  Edge  Arrival Time(ps)    Instance detail                                                                                                                                               
   -----------------------------------------------------------------------------------------------------------------------------------------------------------------------------------------------------------------------------------------------------------------------------
   clk                            CLOCK-PORT    -                      -     launch     r               0                                                                                                                                                                     
   clk                            Clock net     2           (fanout=388)       2347                     -                                                                                                                                                                     
   RBB_10/CLK                     RBB_6L       10  [TILE 0 0, RBB 19 20]          -     r            2347                                                                                                                                                                     
   -----------------------------------------------------------------------------------------------------------------------------------------------------------------------------------------------------------------------------------------------------------------------------
   RBB_10/AMUX                    RBB_6L       10  [TILE 0 0, RBB 19 20]       1463     r            3810     {inst71: u_spi.w_sck_edge_LUT2_O_I0_FDCE_Q (FDC,site=affo)}                                                                                                     
   u_spi.w_sck_edge_LUT2_O_I0[0]  Net          62             (fanout=2)       1176                     -                                                                                                                                                                     
   RBB_14/A1                      RBB_6L       14  [TILE 0 0, RBB 25 16]          -     r            4986                                                                                                                                                                     
   RBB_14/A                       RBB_6L       14  [TILE 0 0, RBB 25 16]        759     r            5745     {inst55: spi_mosi_FDCE_D_Q_LUT2_O_1 (LUT,site=alut)}                                                                                                            
   spi_mosi_FDCE_D_Q[4]           Net          35             (fanout=5)        604                     -                                                                                                                                                                     
   RBB_14/B6                      RBB_6L       14  [TILE 0 0, RBB 25 16]          -     r            6349     {<CE>inst36: spi_miso_FDCE_Q_D_LUT6_O_I0_FDCE_Q_D_LUT6_O_I0_FDCE_Q_D_LUT6_O_I0_FDCE_Q_D_LUT6_O_I0_FDCE_Q_D_LUT6_O_I0_FDCE_Q_D_LUT6_O_I0_FDCE_Q (FDCE,site=bff)} 
   -----------------------------------------------------------------------------------------------------------------------------------------------------------------------------------------------------------------------------------------------------------------------------
   RBB_14/CLK                     RBB_6L       14  [TILE 0 0, RBB 25 16]        804     r            7153                                                                                                                                                                     
   clk                            Clock net     2           (fanout=388)      -2273                     -                                                                                                                                                                     
   clk                            CLOCK-PORT    -                      -    capture     r            4880                                                                                                                                                                     
   -----------------------------------------------------------------------------------------------------------------------------------------------------------------------------------------------------------------------------------------------------------------------------


Path 343:
   Slack (not met):                         -3004ps
     Path type:                               SETUP
     Group:                              <UDEF_clk>
     Launching clock:                           clk (rising edge)
     Capturing clock:                           clk (rising edge)

     Requested period:                       2000ps
   + Delay of the capturing clock:           2273ps
   - Clock uncertainty:                       150ps
   = Required time:                          4123ps
   - Propagation time:                       4780ps (52.4% logic, 47.6% route, logic stage 2)
   - Delay of the launching clock:           2347ps
   = Slack:                                 -3004ps

   Instance/Pin or Net Name                                                 Type         ID     Location or Fanout   Delay(ps)  Edge  Arrival Time(ps)    Instance detail                                                                                                                                                                                                                                                                                
   --------------------------------------------------------------------------------------------------------------------------------------------------------------------------------------------------------------------------------------------------------------------------------------------------------------------------------------------------------------------------------------------------------------------------------------------------------
   clk                                                                      CLOCK-PORT    -                      -     launch     r               0                                                                                                                                                                                                                                                                                                      
   clk                                                                      Clock net     2           (fanout=388)       2347                     -                                                                                                                                                                                                                                                                                                      
   RBB_10/CLK                                                               RBB_6L       10  [TILE 0 0, RBB 19 20]          -     r            2347                                                                                                                                                                                                                                                                                                      
   --------------------------------------------------------------------------------------------------------------------------------------------------------------------------------------------------------------------------------------------------------------------------------------------------------------------------------------------------------------------------------------------------------------------------------------------------------
   RBB_10/CQ                                                                RBB_6L       10  [TILE 0 0, RBB 19 20]        800     r            3147     {inst50: spi_mosi_FDCE_D_Q_FDCE_Q_D_LUT4_O_I3_CARRY4_O_CO_2_LUT5_I4_O_FDCE_D (FDC,site=cff)}                                                                                                                                                                                                     
   spi_mosi_FDCE_D_Q_FDCE_Q_D_LUT4_O_I3_CARRY4_O_O_1_LUT4_I3_O_FDCE_D_Q[1]  Net          52             (fanout=4)       1694                     -                                                                                                                                                                                                                                                                                                      
   RBB_14/A4                                                                RBB_6L       14  [TILE 0 0, RBB 25 16]          -     r            4841                                                                                                                                                                                                                                                                                                      
   RBB_14/AMUX                                                              RBB_6L       14  [TILE 0 0, RBB 25 16]        825     r            5666     {inst54: spi_mosi_FDCE_D_Q_LUT2_O (LUT,site=aluto)}                                                                                                                                                                                                                                              
   spi_mosi_FDCE_D_Q[3]                                                     Net          34             (fanout=8)        580                     -                                                                                                                                                                                                                                                                                                      
   RBB_14/C3                                                                RBB_6L       14  [TILE 0 0, RBB 25 16]          -     r            6246     {inst35: spi_miso_FDCE_Q_D_LUT6_O_I0_FDCE_Q_D_LUT6_O_I0_FDCE_Q_D_LUT6_O_I0_FDCE_Q_D_LUT6_O_I0_FDCE_Q_D_LUT6_O_I0_FDCE_Q_D_LUT6_O (LUT,site=clut,cluto)} {inst33: spi_miso_FDCE_Q_D_LUT6_O_I0_FDCE_Q_D_LUT6_O_I0_FDCE_Q_D_LUT6_O_I0_FDCE_Q_D_LUT6_O_I0_FDCE_Q_D_LUT6_O_I0_FDCE_Q (FDCE,site=cff)} 
   --------------------------------------------------------------------------------------------------------------------------------------------------------------------------------------------------------------------------------------------------------------------------------------------------------------------------------------------------------------------------------------------------------------------------------------------------------
   RBB_14/CLK                                                               RBB_6L       14  [TILE 0 0, RBB 25 16]        881     r            7127                                                                                                                                                                                                                                                                                                      
   clk                                                                      Clock net     2           (fanout=388)      -2273                     -                                                                                                                                                                                                                                                                                                      
   clk                                                                      CLOCK-PORT    -                      -    capture     r            4854                                                                                                                                                                                                                                                                                                      
   --------------------------------------------------------------------------------------------------------------------------------------------------------------------------------------------------------------------------------------------------------------------------------------------------------------------------------------------------------------------------------------------------------------------------------------------------------


Path 344:
   Slack (not met):                         -2996ps
     Path type:                               SETUP
     Group:                              <UDEF_clk>
     Launching clock:                           clk (rising edge)
     Capturing clock:                           clk (rising edge)

     Requested period:                       2000ps
   + Delay of the capturing clock:           2273ps
   - Clock uncertainty:                       150ps
   = Required time:                          4123ps
   - Propagation time:                       4772ps (52.2% logic, 47.8% route, logic stage 2)
   - Delay of the launching clock:           2347ps
   = Slack:                                 -2996ps

   Instance/Pin or Net Name                                                 Type         ID     Location or Fanout   Delay(ps)  Edge  Arrival Time(ps)    Instance detail                                                                                                                                                                                                                                          
   ------------------------------------------------------------------------------------------------------------------------------------------------------------------------------------------------------------------------------------------------------------------------------------------------------------------------------------------------------------------------------------------------------------------
   clk                                                                      CLOCK-PORT    -                      -     launch     r               0                                                                                                                                                                                                                                                                
   clk                                                                      Clock net     2           (fanout=388)       2347                     -                                                                                                                                                                                                                                                                
   RBB_10/CLK                                                               RBB_6L       10  [TILE 0 0, RBB 19 20]          -     r            2347                                                                                                                                                                                                                                                                
   ------------------------------------------------------------------------------------------------------------------------------------------------------------------------------------------------------------------------------------------------------------------------------------------------------------------------------------------------------------------------------------------------------------------
   RBB_10/CQ                                                                RBB_6L       10  [TILE 0 0, RBB 19 20]        800     r            3147     {inst50: spi_mosi_FDCE_D_Q_FDCE_Q_D_LUT4_O_I3_CARRY4_O_CO_2_LUT5_I4_O_FDCE_D (FDC,site=cff)}                                                                                                                                                               
   spi_mosi_FDCE_D_Q_FDCE_Q_D_LUT4_O_I3_CARRY4_O_O_1_LUT4_I3_O_FDCE_D_Q[1]  Net          52             (fanout=4)       1694                     -                                                                                                                                                                                                                                                                
   RBB_14/A4                                                                RBB_6L       14  [TILE 0 0, RBB 25 16]          -     r            4841                                                                                                                                                                                                                                                                
   RBB_14/AMUX                                                              RBB_6L       14  [TILE 0 0, RBB 25 16]        825     r            5666     {inst54: spi_mosi_FDCE_D_Q_LUT2_O (LUT,site=aluto)}                                                                                                                                                                                                        
   spi_mosi_FDCE_D_Q[3]                                                     Net          34             (fanout=8)        589                     -                                                                                                                                                                                                                                                                
   RBB_14/D3                                                                RBB_6L       14  [TILE 0 0, RBB 25 16]          -     r            6255     {inst32: spi_miso_FDCE_Q_D_LUT6_O_I0_FDCE_Q_D_LUT6_O_I0_FDCE_Q_D_LUT6_O_I0_FDCE_Q_D_LUT6_O_I0_FDCE_Q_D_LUT6_O (LUT,site=dlut,dluto)} {inst30: spi_miso_FDCE_Q_D_LUT6_O_I0_FDCE_Q_D_LUT6_O_I0_FDCE_Q_D_LUT6_O_I0_FDCE_Q_D_LUT6_O_I0_FDCE_Q (FDCE,site=dff)} 
   ------------------------------------------------------------------------------------------------------------------------------------------------------------------------------------------------------------------------------------------------------------------------------------------------------------------------------------------------------------------------------------------------------------------
   RBB_14/CLK                                                               RBB_6L       14  [TILE 0 0, RBB 25 16]        864     r            7119                                                                                                                                                                                                                                                                
   clk                                                                      Clock net     2           (fanout=388)      -2273                     -                                                                                                                                                                                                                                                                
   clk                                                                      CLOCK-PORT    -                      -    capture     r            4846                                                                                                                                                                                                                                                                
   ------------------------------------------------------------------------------------------------------------------------------------------------------------------------------------------------------------------------------------------------------------------------------------------------------------------------------------------------------------------------------------------------------------------


Path 345:
   Slack (not met):                         -2932ps
     Path type:                               SETUP
     Group:                              <UDEF_clk>
     Launching clock:                           clk (rising edge)
     Capturing clock:                           clk (rising edge)

     Requested period:                       2000ps
   + Delay of the capturing clock:           2325ps
   - Clock uncertainty:                       150ps
   = Required time:                          4175ps
   - Propagation time:                       4760ps (64.2% logic, 35.8% route, logic stage 2)
   - Delay of the launching clock:           2347ps
   = Slack:                                 -2932ps

   Instance/Pin or Net Name   Type         ID     Location or Fanout   Delay(ps)  Edge  Arrival Time(ps)    Instance detail                                                                                               
   -------------------------------------------------------------------------------------------------------------------------------------------------------------------------------------------------------------------------
   clk                        CLOCK-PORT    -                      -     launch     r               0                                                                                                                     
   clk                        Clock net     2           (fanout=388)       2347                     -                                                                                                                     
   RBB_10/CLK                 RBB_6L       10  [TILE 0 0, RBB 19 20]          -     r            2347                                                                                                                     
   -------------------------------------------------------------------------------------------------------------------------------------------------------------------------------------------------------------------------
   RBB_10/CMUX                RBB_6L       10  [TILE 0 0, RBB 19 20]       1380     r            3727     {inst57: u_spi.r_sck_sync_FDCE_Q (FDC,site=cffo)}                                                               
   u_spi.r_sck_sync[1]        Net           9             (fanout=3)       1148                     -                                                                                                                     
   RBB_11/D5                  RBB_6L       11  [TILE 0 0, RBB 22 18]          -     r            4875                                                                                                                     
   RBB_11/DMUX                RBB_6L       11  [TILE 0 0, RBB 22 18]        814     r            5689     {inst70: u_spi.w_sck_edge_LUT2_O (LUT,site=dluto)}                                                              
   u_spi.w_sck_edge           Net          10             (fanout=7)        557                     -                                                                                                                     
   RBB_11/D1                  RBB_6L       11  [TILE 0 0, RBB 22 18]          -     r            6246     {inst61: u_spi.r_ss_n_sync_LUT3_I1 (LUT,site=dlut)} {inst62: u_spi.r_ss_n_sync_LUT3_I1_O_FDCE_D (FDC,site=dff)} 
   -------------------------------------------------------------------------------------------------------------------------------------------------------------------------------------------------------------------------
   RBB_11/CLK                 RBB_6L       11  [TILE 0 0, RBB 22 18]        861     r            7107                                                                                                                     
   clk                        Clock net     2           (fanout=388)      -2325                     -                                                                                                                     
   clk                        CLOCK-PORT    -                      -    capture     r            4782                                                                                                                     
   -------------------------------------------------------------------------------------------------------------------------------------------------------------------------------------------------------------------------


Path 346:
   Slack (not met):                         -2917ps
     Path type:                               SETUP
     Group:                              <UDEF_clk>
     Launching clock:                           clk (rising edge)
     Capturing clock:                           clk (rising edge)

     Requested period:                       2000ps
   + Delay of the capturing clock:           2273ps
   - Clock uncertainty:                       150ps
   = Required time:                          4123ps
   - Propagation time:                       4693ps (51.6% logic, 48.4% route, logic stage 2)
   - Delay of the launching clock:           2347ps
   = Slack:                                 -2917ps

   Instance/Pin or Net Name                                                 Type         ID     Location or Fanout   Delay(ps)  Edge  Arrival Time(ps)    Instance detail                                                                                                                                                                                                                                                                                                                      
   ----------------------------------------------------------------------------------------------------------------------------------------------------------------------------------------------------------------------------------------------------------------------------------------------------------------------------------------------------------------------------------------------------------------------------------------------------------------------------------------------
   clk                                                                      CLOCK-PORT    -                      -     launch     r               0                                                                                                                                                                                                                                                                                                                                            
   clk                                                                      Clock net     2           (fanout=388)       2347                     -                                                                                                                                                                                                                                                                                                                                            
   RBB_10/CLK                                                               RBB_6L       10  [TILE 0 0, RBB 19 20]          -     r            2347                                                                                                                                                                                                                                                                                                                                            
   ----------------------------------------------------------------------------------------------------------------------------------------------------------------------------------------------------------------------------------------------------------------------------------------------------------------------------------------------------------------------------------------------------------------------------------------------------------------------------------------------
   RBB_10/CQ                                                                RBB_6L       10  [TILE 0 0, RBB 19 20]        800     r            3147     {inst50: spi_mosi_FDCE_D_Q_FDCE_Q_D_LUT4_O_I3_CARRY4_O_CO_2_LUT5_I4_O_FDCE_D (FDC,site=cff)}                                                                                                                                                                                                                                           
   spi_mosi_FDCE_D_Q_FDCE_Q_D_LUT4_O_I3_CARRY4_O_O_1_LUT4_I3_O_FDCE_D_Q[1]  Net          52             (fanout=4)       1694                     -                                                                                                                                                                                                                                                                                                                                            
   RBB_14/A4                                                                RBB_6L       14  [TILE 0 0, RBB 25 16]          -     r            4841                                                                                                                                                                                                                                                                                                                                            
   RBB_14/AMUX                                                              RBB_6L       14  [TILE 0 0, RBB 25 16]        825     r            5666     {inst54: spi_mosi_FDCE_D_Q_LUT2_O (LUT,site=aluto)}                                                                                                                                                                                                                                                                                    
   spi_mosi_FDCE_D_Q[3]                                                     Net          34             (fanout=8)        579                     -                                                                                                                                                                                                                                                                                                                                            
   RBB_14/B3                                                                RBB_6L       14  [TILE 0 0, RBB 25 16]          -     r            6245     {inst38: spi_miso_FDCE_Q_D_LUT6_O_I0_FDCE_Q_D_LUT6_O_I0_FDCE_Q_D_LUT6_O_I0_FDCE_Q_D_LUT6_O_I0_FDCE_Q_D_LUT6_O_I0_FDCE_Q_D_LUT6_O_I0_FDCE_Q_D_LUT6_O (LUT,site=blut,bluto)} {inst36: spi_miso_FDCE_Q_D_LUT6_O_I0_FDCE_Q_D_LUT6_O_I0_FDCE_Q_D_LUT6_O_I0_FDCE_Q_D_LUT6_O_I0_FDCE_Q_D_LUT6_O_I0_FDCE_Q_D_LUT6_O_I0_FDCE_Q (FDCE,site=bff)} 
   ----------------------------------------------------------------------------------------------------------------------------------------------------------------------------------------------------------------------------------------------------------------------------------------------------------------------------------------------------------------------------------------------------------------------------------------------------------------------------------------------
   RBB_14/CLK                                                               RBB_6L       14  [TILE 0 0, RBB 25 16]        795     r            7040                                                                                                                                                                                                                                                                                                                                            
   clk                                                                      Clock net     2           (fanout=388)      -2273                     -                                                                                                                                                                                                                                                                                                                                            
   clk                                                                      CLOCK-PORT    -                      -    capture     r            4767                                                                                                                                                                                                                                                                                                                                            
   ----------------------------------------------------------------------------------------------------------------------------------------------------------------------------------------------------------------------------------------------------------------------------------------------------------------------------------------------------------------------------------------------------------------------------------------------------------------------------------------------


Path 87:
   Slack (not met):                         -2478ps
     Path type:                               SETUP
     Group:                              <UDEF_clk>
     Launching clock:                           clk (rising edge)
     Capturing clock:                           clk (rising edge)

     Requested period:                       2000ps
   + Delay of the capturing clock:           2302ps
   - Clock uncertainty:                       150ps
   = Required time:                          4152ps
   - Propagation time:                       4283ps (37.9% logic, 62.1% route, logic stage 1)
   - Delay of the launching clock:           2347ps
   = Slack:                                 -2478ps

   Instance/Pin or Net Name   Type         ID     Location or Fanout   Delay(ps)  Edge  Arrival Time(ps)    Instance detail                                                                                                                                                                                                                                                                                                                                                      
   --------------------------------------------------------------------------------------------------------------------------------------------------------------------------------------------------------------------------------------------------------------------------------------------------------------------------------------------------------------------------------------------------------------------------------------------------------------------------------
   clk                        CLOCK-PORT    -                      -     launch     r               0                                                                                                                                                                                                                                                                                                                                                                            
   clk                        Clock net     2           (fanout=388)       2347                     -                                                                                                                                                                                                                                                                                                                                                                            
   RBB_9/CLK                  RBB_6L        9  [TILE 0 0, RBB 19 22]          -     r            2347                                                                                                                                                                                                                                                                                                                                                                            
   --------------------------------------------------------------------------------------------------------------------------------------------------------------------------------------------------------------------------------------------------------------------------------------------------------------------------------------------------------------------------------------------------------------------------------------------------------------------------------
   RBB_9/CQ                   RBB_6L        9  [TILE 0 0, RBB 19 22]        800     r            3147     {inst44: spi_mosi_FDCE_D (FDCE,site=cff)}                                                                                                                                                                                                                                                                                                                              
   spi_mosi_FDCE_D_Q[0]       Net          32             (fanout=1)       2659                     -                                                                                                                                                                                                                                                                                                                                                                            
   RBB_13/A1                  RBB_6L       13   [TILE 0 0, RBB 7 26]          -     r            5806     {inst41: spi_miso_FDCE_Q_D_LUT6_O_I0_FDCE_Q_D_LUT6_O_I0_FDCE_Q_D_LUT6_O_I0_FDCE_Q_D_LUT6_O_I0_FDCE_Q_D_LUT6_O_I0_FDCE_Q_D_LUT6_O_I0_FDCE_Q_D_LUT6_O_I0_FDCE_Q_D_LUT5_O (LUT,site=alut)} {inst39: spi_miso_FDCE_Q_D_LUT6_O_I0_FDCE_Q_D_LUT6_O_I0_FDCE_Q_D_LUT6_O_I0_FDCE_Q_D_LUT6_O_I0_FDCE_Q_D_LUT6_O_I0_FDCE_Q_D_LUT6_O_I0_FDCE_Q_D_LUT6_O_I0_FDCE_Q (FDCE,site=aff)} 
   --------------------------------------------------------------------------------------------------------------------------------------------------------------------------------------------------------------------------------------------------------------------------------------------------------------------------------------------------------------------------------------------------------------------------------------------------------------------------------
   RBB_13/CLK                 RBB_6L       13   [TILE 0 0, RBB 7 26]        824     r            6630                                                                                                                                                                                                                                                                                                                                                                            
   clk                        Clock net     2           (fanout=388)      -2302                     -                                                                                                                                                                                                                                                                                                                                                                            
   clk                        CLOCK-PORT    -                      -    capture     r            4328                                                                                                                                                                                                                                                                                                                                                                            
   --------------------------------------------------------------------------------------------------------------------------------------------------------------------------------------------------------------------------------------------------------------------------------------------------------------------------------------------------------------------------------------------------------------------------------------------------------------------------------


Path 102:
   Slack (not met):                         -2372ps
     Path type:                               SETUP
     Group:                              <UDEF_clk>
     Launching clock:                           clk (rising edge)
     Capturing clock:                           clk (rising edge)

     Requested period:                       2000ps
   + Delay of the capturing clock:           2324ps
   - Clock uncertainty:                       150ps
   = Required time:                          4174ps
   - Propagation time:                       4199ps (42.1% logic, 57.9% route, logic stage 1)
   - Delay of the launching clock:           2347ps
   = Slack:                                 -2372ps

   Instance/Pin or Net Name   Type         ID     Location or Fanout   Delay(ps)  Edge  Arrival Time(ps)    Instance detail                                                      
   --------------------------------------------------------------------------------------------------------------------------------------------------------------------------------
   clk                        CLOCK-PORT    -                      -     launch     r               0                                                                            
   clk                        Clock net     2           (fanout=388)       2347                     -                                                                            
   RBB_10/CLK                 RBB_6L       10  [TILE 0 0, RBB 19 20]          -     r            2347                                                                            
   --------------------------------------------------------------------------------------------------------------------------------------------------------------------------------
   RBB_10/AQ                  RBB_6L       10  [TILE 0 0, RBB 19 20]        800     r            3147     {inst56: u_spi.o_rx_data_valid_FDCE_Q (FDC,site=aff)}                  
   u_spi.o_rx_data_valid      Net           3             (fanout=1)       2433                     -                                                                            
   RBB_0/CE                   IOB           0   [TILE 0 0, RBB 0 25]          -     r            5580     {inst11: led_FDRE_Q (FDRE)} {(output_port) inst74: g_74_led_obuf (IO)} 
   --------------------------------------------------------------------------------------------------------------------------------------------------------------------------------
   RBB_0/CLK                  IOB           0   [TILE 0 0, RBB 0 25]        966     r            6546                                                                            
   clk                        Clock net     2           (fanout=388)      -2324                     -                                                                            
   clk                        CLOCK-PORT    -                      -    capture     r            4222                                                                            
   --------------------------------------------------------------------------------------------------------------------------------------------------------------------------------


Path 95:
   Slack (not met):                         -2365ps
     Path type:                               SETUP
     Group:                              <UDEF_clk>
     Launching clock:                           clk (rising edge)
     Capturing clock:                           clk (rising edge)

     Requested period:                       2000ps
   + Delay of the capturing clock:           2302ps
   - Clock uncertainty:                       150ps
   = Required time:                          4152ps
   - Propagation time:                       4170ps (40.6% logic, 59.4% route, logic stage 1)
   - Delay of the launching clock:           2347ps
   = Slack:                                 -2365ps

   Instance/Pin or Net Name   Type         ID     Location or Fanout   Delay(ps)  Edge  Arrival Time(ps)    Instance detail                                                                                                                                                              
   ----------------------------------------------------------------------------------------------------------------------------------------------------------------------------------------------------------------------------------------------------------------------------------------
   clk                        CLOCK-PORT    -                      -     launch     r               0                                                                                                                                                                                    
   clk                        Clock net     2           (fanout=388)       2347                     -                                                                                                                                                                                    
   RBB_10/CLK                 RBB_6L       10  [TILE 0 0, RBB 19 20]          -     r            2347                                                                                                                                                                                    
   ----------------------------------------------------------------------------------------------------------------------------------------------------------------------------------------------------------------------------------------------------------------------------------------
   RBB_10/DQ                  RBB_6L       10  [TILE 0 0, RBB 19 20]        800     r            3147     {inst45: spi_mosi_FDCE_D_Q_FDCE_Q (FDC,site=dff)}                                                                                                                              
   spi_mosi_FDCE_D_Q[1]       Net          33            (fanout=10)       2477                     -                                                                                                                                                                                    
   RBB_13/C5                  RBB_6L       13   [TILE 0 0, RBB 7 26]          -     r            5624     {inst26: spi_miso_FDCE_Q_D_LUT6_O_I0_FDCE_Q_D_LUT6_O_I0_FDCE_Q_D_LUT6_O (LUT,site=clut,cluto)} {inst24: spi_miso_FDCE_Q_D_LUT6_O_I0_FDCE_Q_D_LUT6_O_I0_FDCE_Q (FDCE,site=cff)} 
   ----------------------------------------------------------------------------------------------------------------------------------------------------------------------------------------------------------------------------------------------------------------------------------------
   RBB_13/CLK                 RBB_6L       13   [TILE 0 0, RBB 7 26]        893     r            6517                                                                                                                                                                                    
   clk                        Clock net     2           (fanout=388)      -2302                     -                                                                                                                                                                                    
   clk                        CLOCK-PORT    -                      -    capture     r            4215                                                                                                                                                                                    
   ----------------------------------------------------------------------------------------------------------------------------------------------------------------------------------------------------------------------------------------------------------------------------------------


Path 89:
   Slack (not met):                         -2365ps
     Path type:                               SETUP
     Group:                              <UDEF_clk>
     Launching clock:                           clk (rising edge)
     Capturing clock:                           clk (rising edge)

     Requested period:                       2000ps
   + Delay of the capturing clock:           2302ps
   - Clock uncertainty:                       150ps
   = Required time:                          4152ps
   - Propagation time:                       4170ps (40.6% logic, 59.4% route, logic stage 1)
   - Delay of the launching clock:           2347ps
   = Slack:                                 -2365ps

   Instance/Pin or Net Name   Type         ID     Location or Fanout   Delay(ps)  Edge  Arrival Time(ps)    Instance detail                                                                                                                        
   --------------------------------------------------------------------------------------------------------------------------------------------------------------------------------------------------------------------------------------------------
   clk                        CLOCK-PORT    -                      -     launch     r               0                                                                                                                                              
   clk                        Clock net     2           (fanout=388)       2347                     -                                                                                                                                              
   RBB_10/CLK                 RBB_6L       10  [TILE 0 0, RBB 19 20]          -     r            2347                                                                                                                                              
   --------------------------------------------------------------------------------------------------------------------------------------------------------------------------------------------------------------------------------------------------
   RBB_10/DQ                  RBB_6L       10  [TILE 0 0, RBB 19 20]        800     r            3147     {inst45: spi_mosi_FDCE_D_Q_FDCE_Q (FDC,site=dff)}                                                                                        
   spi_mosi_FDCE_D_Q[1]       Net          33            (fanout=10)       2477                     -                                                                                                                                              
   RBB_13/D5                  RBB_6L       13   [TILE 0 0, RBB 7 26]          -     r            5624     {inst23: spi_miso_FDCE_Q_D_LUT6_O_I0_FDCE_Q_D_LUT6_O (LUT,site=dlut,dluto)} {inst21: spi_miso_FDCE_Q_D_LUT6_O_I0_FDCE_Q (FDCE,site=dff)} 
   --------------------------------------------------------------------------------------------------------------------------------------------------------------------------------------------------------------------------------------------------
   RBB_13/CLK                 RBB_6L       13   [TILE 0 0, RBB 7 26]        893     r            6517                                                                                                                                              
   clk                        Clock net     2           (fanout=388)      -2302                     -                                                                                                                                              
   clk                        CLOCK-PORT    -                      -    capture     r            4215                                                                                                                                              
   --------------------------------------------------------------------------------------------------------------------------------------------------------------------------------------------------------------------------------------------------


Path 99:
   Slack (not met):                         -2361ps
     Path type:                               SETUP
     Group:                              <UDEF_clk>
     Launching clock:                           clk (rising edge)
     Capturing clock:                           clk (rising edge)

     Requested period:                       2000ps
   + Delay of the capturing clock:           2302ps
   - Clock uncertainty:                       150ps
   = Required time:                          4152ps
   - Propagation time:                       4166ps (40.5% logic, 59.5% route, logic stage 1)
   - Delay of the launching clock:           2347ps
   = Slack:                                 -2361ps

   Instance/Pin or Net Name   Type         ID     Location or Fanout   Delay(ps)  Edge  Arrival Time(ps)    Instance detail                                                                                                                                                                                                                                                                                                                                                      
   --------------------------------------------------------------------------------------------------------------------------------------------------------------------------------------------------------------------------------------------------------------------------------------------------------------------------------------------------------------------------------------------------------------------------------------------------------------------------------
   clk                        CLOCK-PORT    -                      -     launch     r               0                                                                                                                                                                                                                                                                                                                                                                            
   clk                        Clock net     2           (fanout=388)       2347                     -                                                                                                                                                                                                                                                                                                                                                                            
   RBB_10/CLK                 RBB_6L       10  [TILE 0 0, RBB 19 20]          -     r            2347                                                                                                                                                                                                                                                                                                                                                                            
   --------------------------------------------------------------------------------------------------------------------------------------------------------------------------------------------------------------------------------------------------------------------------------------------------------------------------------------------------------------------------------------------------------------------------------------------------------------------------------
   RBB_10/DQ                  RBB_6L       10  [TILE 0 0, RBB 19 20]        800     r            3147     {inst45: spi_mosi_FDCE_D_Q_FDCE_Q (FDC,site=dff)}                                                                                                                                                                                                                                                                                                                      
   spi_mosi_FDCE_D_Q[1]       Net          33            (fanout=10)       2477                     -                                                                                                                                                                                                                                                                                                                                                                            
   RBB_13/A5                  RBB_6L       13   [TILE 0 0, RBB 7 26]          -     r            5624     {inst41: spi_miso_FDCE_Q_D_LUT6_O_I0_FDCE_Q_D_LUT6_O_I0_FDCE_Q_D_LUT6_O_I0_FDCE_Q_D_LUT6_O_I0_FDCE_Q_D_LUT6_O_I0_FDCE_Q_D_LUT6_O_I0_FDCE_Q_D_LUT6_O_I0_FDCE_Q_D_LUT5_O (LUT,site=alut)} {inst39: spi_miso_FDCE_Q_D_LUT6_O_I0_FDCE_Q_D_LUT6_O_I0_FDCE_Q_D_LUT6_O_I0_FDCE_Q_D_LUT6_O_I0_FDCE_Q_D_LUT6_O_I0_FDCE_Q_D_LUT6_O_I0_FDCE_Q_D_LUT6_O_I0_FDCE_Q (FDCE,site=aff)} 
   --------------------------------------------------------------------------------------------------------------------------------------------------------------------------------------------------------------------------------------------------------------------------------------------------------------------------------------------------------------------------------------------------------------------------------------------------------------------------------
   RBB_13/CLK                 RBB_6L       13   [TILE 0 0, RBB 7 26]        889     r            6513                                                                                                                                                                                                                                                                                                                                                                            
   clk                        Clock net     2           (fanout=388)      -2302                     -                                                                                                                                                                                                                                                                                                                                                                            
   clk                        CLOCK-PORT    -                      -    capture     r            4211                                                                                                                                                                                                                                                                                                                                                                            
   --------------------------------------------------------------------------------------------------------------------------------------------------------------------------------------------------------------------------------------------------------------------------------------------------------------------------------------------------------------------------------------------------------------------------------------------------------------------------------


Path 106:
   Slack (not met):                         -2316ps
     Path type:                               SETUP
     Group:                              <UDEF_clk>
     Launching clock:                           clk (rising edge)
     Capturing clock:                           clk (rising edge)

     Requested period:                       2000ps
   + Delay of the capturing clock:           2273ps
   - Clock uncertainty:                       150ps
   = Required time:                          4123ps
   - Propagation time:                       4137ps (38.6% logic, 61.4% route, logic stage 1)
   - Delay of the launching clock:           2302ps
   = Slack:                                 -2316ps

   Instance/Pin or Net Name                                                                                                                          Type         ID     Location or Fanout   Delay(ps)  Edge  Arrival Time(ps)    Instance detail                                                                                                                                                                                                                                                                                                                      
   -----------------------------------------------------------------------------------------------------------------------------------------------------------------------------------------------------------------------------------------------------------------------------------------------------------------------------------------------------------------------------------------------------------------------------------------------------------------------------------------------------------------------------------------------------------------------
   clk                                                                                                                                               CLOCK-PORT    -                      -     launch     r               0                                                                                                                                                                                                                                                                                                                                            
   clk                                                                                                                                               Clock net     2           (fanout=388)       2302                     -                                                                                                                                                                                                                                                                                                                                            
   RBB_13/CLK                                                                                                                                        RBB_6L       13   [TILE 0 0, RBB 7 26]          -     r            2302                                                                                                                                                                                                                                                                                                                                            
   -----------------------------------------------------------------------------------------------------------------------------------------------------------------------------------------------------------------------------------------------------------------------------------------------------------------------------------------------------------------------------------------------------------------------------------------------------------------------------------------------------------------------------------------------------------------------
   RBB_13/AQ                                                                                                                                         RBB_6L       13   [TILE 0 0, RBB 7 26]        800     r            3102     {inst39: spi_miso_FDCE_Q_D_LUT6_O_I0_FDCE_Q_D_LUT6_O_I0_FDCE_Q_D_LUT6_O_I0_FDCE_Q_D_LUT6_O_I0_FDCE_Q_D_LUT6_O_I0_FDCE_Q_D_LUT6_O_I0_FDCE_Q_D_LUT6_O_I0_FDCE_Q (FDCE,site=aff)}                                                                                                                                                         
   spi_miso_FDCE_Q_D_LUT6_O_I0_FDCE_Q_D_LUT6_O_I0_FDCE_Q_D_LUT6_O_I0_FDCE_Q_D_LUT6_O_I0_FDCE_Q_D_LUT6_O_I0_FDCE_Q_D_LUT6_O_I0_FDCE_Q_D_LUT6_O_I0[0]  Net          64             (fanout=1)       2539                     -                                                                                                                                                                                                                                                                                                                                            
   RBB_14/B1                                                                                                                                         RBB_6L       14  [TILE 0 0, RBB 25 16]          -     r            5641     {inst38: spi_miso_FDCE_Q_D_LUT6_O_I0_FDCE_Q_D_LUT6_O_I0_FDCE_Q_D_LUT6_O_I0_FDCE_Q_D_LUT6_O_I0_FDCE_Q_D_LUT6_O_I0_FDCE_Q_D_LUT6_O_I0_FDCE_Q_D_LUT6_O (LUT,site=blut,bluto)} {inst36: spi_miso_FDCE_Q_D_LUT6_O_I0_FDCE_Q_D_LUT6_O_I0_FDCE_Q_D_LUT6_O_I0_FDCE_Q_D_LUT6_O_I0_FDCE_Q_D_LUT6_O_I0_FDCE_Q_D_LUT6_O_I0_FDCE_Q (FDCE,site=bff)} 
   -----------------------------------------------------------------------------------------------------------------------------------------------------------------------------------------------------------------------------------------------------------------------------------------------------------------------------------------------------------------------------------------------------------------------------------------------------------------------------------------------------------------------------------------------------------------------
   RBB_14/CLK                                                                                                                                        RBB_6L       14  [TILE 0 0, RBB 25 16]        798     r            6439                                                                                                                                                                                                                                                                                                                                            
   clk                                                                                                                                               Clock net     2           (fanout=388)      -2273                     -                                                                                                                                                                                                                                                                                                                                            
   clk                                                                                                                                               CLOCK-PORT    -                      -    capture     r            4166                                                                                                                                                                                                                                                                                                                                            
   -----------------------------------------------------------------------------------------------------------------------------------------------------------------------------------------------------------------------------------------------------------------------------------------------------------------------------------------------------------------------------------------------------------------------------------------------------------------------------------------------------------------------------------------------------------------------


Path 101:
   Slack (not met):                         -2313ps
     Path type:                               SETUP
     Group:                              <UDEF_clk>
     Launching clock:                           clk (rising edge)
     Capturing clock:                           clk (rising edge)

     Requested period:                       2000ps
   + Delay of the capturing clock:           2302ps
   - Clock uncertainty:                       150ps
   = Required time:                          4152ps
   - Propagation time:                       4118ps (39.8% logic, 60.2% route, logic stage 1)
   - Delay of the launching clock:           2347ps
   = Slack:                                 -2313ps

   Instance/Pin or Net Name   Type         ID     Location or Fanout   Delay(ps)  Edge  Arrival Time(ps)    Instance detail                                                                                                                                                                                                    
   ------------------------------------------------------------------------------------------------------------------------------------------------------------------------------------------------------------------------------------------------------------------------------------------------------------------------------
   clk                        CLOCK-PORT    -                      -     launch     r               0                                                                                                                                                                                                                          
   clk                        Clock net     2           (fanout=388)       2347                     -                                                                                                                                                                                                                          
   RBB_10/CLK                 RBB_6L       10  [TILE 0 0, RBB 19 20]          -     r            2347                                                                                                                                                                                                                          
   ------------------------------------------------------------------------------------------------------------------------------------------------------------------------------------------------------------------------------------------------------------------------------------------------------------------------------
   RBB_10/DQ                  RBB_6L       10  [TILE 0 0, RBB 19 20]        800     r            3147     {inst45: spi_mosi_FDCE_D_Q_FDCE_Q (FDC,site=dff)}                                                                                                                                                                    
   spi_mosi_FDCE_D_Q[1]       Net          33            (fanout=10)       2477                     -                                                                                                                                                                                                                          
   RBB_13/B5                  RBB_6L       13   [TILE 0 0, RBB 7 26]          -     r            5624     {inst29: spi_miso_FDCE_Q_D_LUT6_O_I0_FDCE_Q_D_LUT6_O_I0_FDCE_Q_D_LUT6_O_I0_FDCE_Q_D_LUT6_O (LUT,site=blut,bluto)} {inst27: spi_miso_FDCE_Q_D_LUT6_O_I0_FDCE_Q_D_LUT6_O_I0_FDCE_Q_D_LUT6_O_I0_FDCE_Q (FDCE,site=bff)} 
   ------------------------------------------------------------------------------------------------------------------------------------------------------------------------------------------------------------------------------------------------------------------------------------------------------------------------------
   RBB_13/CLK                 RBB_6L       13   [TILE 0 0, RBB 7 26]        841     r            6465                                                                                                                                                                                                                          
   clk                        Clock net     2           (fanout=388)      -2302                     -                                                                                                                                                                                                                          
   clk                        CLOCK-PORT    -                      -    capture     r            4163                                                                                                                                                                                                                          
   ------------------------------------------------------------------------------------------------------------------------------------------------------------------------------------------------------------------------------------------------------------------------------------------------------------------------------


Path 70:
   Slack (not met):                         -2191ps
     Path type:                               SETUP
     Group:                              <UDEF_clk>
     Launching clock:                           clk (rising edge)
     Capturing clock:                           clk (rising edge)

     Requested period:                       2000ps
   + Delay of the capturing clock:           2321ps
   - Clock uncertainty:                       150ps
   = Required time:                          4171ps
   - Propagation time:                       4041ps (54.8% logic, 45.2% route, logic stage 2)
   - Delay of the launching clock:           2321ps
   = Slack:                                 -2191ps

   Instance/Pin or Net Name   Type         ID    Location or Fanout   Delay(ps)  Edge  Arrival Time(ps)    Instance detail                     
   ----------------------------------------------------------------------------------------------------------------------------------------------
   clk                        CLOCK-PORT    -                     -     launch     r               0                                           
   clk                        Clock net     2          (fanout=388)       2321                     -                                           
   RBB_12/CLK                 RBB_6L       12  [TILE 0 0, RBB 1 26]          -     r            2321                                           
   ----------------------------------------------------------------------------------------------------------------------------------------------
   RBB_12/DQ                  RBB_6L       12  [TILE 0 0, RBB 1 26]        800     r            3121     {inst17: por_FDRE_Q_3 (FDE,site=dff)} 
   por[0]                     Net          24            (fanout=1)       1162                     -                                           
   RBB_6/A1                   RBB_6L        6  [TILE 0 0, RBB 1 24]          -     r            4283                                           
   RBB_6/A                    RBB_6L        6  [TILE 0 0, RBB 1 24]        853     r            5136     {inst18: por_INV_I (LUT,site=alut)}   
   por_INV_I_O[0]             Net          40            (fanout=1)        666                     -                                           
   RBB_12/D6                  RBB_6L       12  [TILE 0 0, RBB 1 26]          -     r            5802     {inst17: por_FDRE_Q_3 (FDE,site=dff)} 
   ----------------------------------------------------------------------------------------------------------------------------------------------
   RBB_12/CLK                 RBB_6L       12  [TILE 0 0, RBB 1 26]        560     r            6362                                           
   clk                        Clock net     2          (fanout=388)      -2321                     -                                           
   clk                        CLOCK-PORT    -                     -    capture     r            4041                                           
   ----------------------------------------------------------------------------------------------------------------------------------------------


Path 97:
   Slack (not met):                         -2144ps
     Path type:                               SETUP
     Group:                              <UDEF_clk>
     Launching clock:                           clk (rising edge)
     Capturing clock:                           clk (rising edge)

     Requested period:                       2000ps
   + Delay of the capturing clock:           2302ps
   - Clock uncertainty:                       150ps
   = Required time:                          4152ps
   - Propagation time:                       3971ps (42.3% logic, 57.7% route, logic stage 1)
   - Delay of the launching clock:           2325ps
   = Slack:                                 -2144ps

   Instance/Pin or Net Name              Type         ID     Location or Fanout   Delay(ps)  Edge  Arrival Time(ps)    Instance detail                                                                                                                                                              
   ---------------------------------------------------------------------------------------------------------------------------------------------------------------------------------------------------------------------------------------------------------------------------------------------------
   clk                                   CLOCK-PORT    -                      -     launch     r               0                                                                                                                                                                                    
   clk                                   Clock net     2           (fanout=388)       2325                     -                                                                                                                                                                                    
   RBB_11/CLK                            RBB_6L       11  [TILE 0 0, RBB 22 18]          -     r            2325                                                                                                                                                                                    
   ---------------------------------------------------------------------------------------------------------------------------------------------------------------------------------------------------------------------------------------------------------------------------------------------------
   RBB_11/DQ                             RBB_6L       11  [TILE 0 0, RBB 22 18]        800     r            3125     {inst62: u_spi.r_ss_n_sync_LUT3_I1_O_FDCE_D (FDC,site=dff)}                                                                                                                    
   u_spi.r_ss_n_sync_LUT3_I1_O_FDCE_D_Q  Net          56            (fanout=10)       2290                     -                                                                                                                                                                                    
   RBB_13/C4                             RBB_6L       13   [TILE 0 0, RBB 7 26]          -     r            5415     {inst26: spi_miso_FDCE_Q_D_LUT6_O_I0_FDCE_Q_D_LUT6_O_I0_FDCE_Q_D_LUT6_O (LUT,site=clut,cluto)} {inst24: spi_miso_FDCE_Q_D_LUT6_O_I0_FDCE_Q_D_LUT6_O_I0_FDCE_Q (FDCE,site=cff)} 
   ---------------------------------------------------------------------------------------------------------------------------------------------------------------------------------------------------------------------------------------------------------------------------------------------------
   RBB_13/CLK                            RBB_6L       13   [TILE 0 0, RBB 7 26]        881     r            6296                                                                                                                                                                                    
   clk                                   Clock net     2           (fanout=388)      -2302                     -                                                                                                                                                                                    
   clk                                   CLOCK-PORT    -                      -    capture     r            3994                                                                                                                                                                                    
   ---------------------------------------------------------------------------------------------------------------------------------------------------------------------------------------------------------------------------------------------------------------------------------------------------


Path 90:
   Slack (not met):                         -2143ps
     Path type:                               SETUP
     Group:                              <UDEF_clk>
     Launching clock:                           clk (rising edge)
     Capturing clock:                           clk (rising edge)

     Requested period:                       2000ps
   + Delay of the capturing clock:           2302ps
   - Clock uncertainty:                       150ps
   = Required time:                          4152ps
   - Propagation time:                       3970ps (41.8% logic, 58.2% route, logic stage 1)
   - Delay of the launching clock:           2325ps
   = Slack:                                 -2143ps

   Instance/Pin or Net Name              Type         ID     Location or Fanout   Delay(ps)  Edge  Arrival Time(ps)    Instance detail                                                                                                                        
   -------------------------------------------------------------------------------------------------------------------------------------------------------------------------------------------------------------------------------------------------------------
   clk                                   CLOCK-PORT    -                      -     launch     r               0                                                                                                                                              
   clk                                   Clock net     2           (fanout=388)       2325                     -                                                                                                                                              
   RBB_11/CLK                            RBB_6L       11  [TILE 0 0, RBB 22 18]          -     r            2325                                                                                                                                              
   -------------------------------------------------------------------------------------------------------------------------------------------------------------------------------------------------------------------------------------------------------------
   RBB_11/DQ                             RBB_6L       11  [TILE 0 0, RBB 22 18]        800     r            3125     {inst62: u_spi.r_ss_n_sync_LUT3_I1_O_FDCE_D (FDC,site=dff)}                                                                              
   u_spi.r_ss_n_sync_LUT3_I1_O_FDCE_D_Q  Net          56            (fanout=10)       2311                     -                                                                                                                                              
   RBB_13/D4                             RBB_6L       13   [TILE 0 0, RBB 7 26]          -     r            5436     {inst23: spi_miso_FDCE_Q_D_LUT6_O_I0_FDCE_Q_D_LUT6_O (LUT,site=dlut,dluto)} {inst21: spi_miso_FDCE_Q_D_LUT6_O_I0_FDCE_Q (FDCE,site=dff)} 
   -------------------------------------------------------------------------------------------------------------------------------------------------------------------------------------------------------------------------------------------------------------
   RBB_13/CLK                            RBB_6L       13   [TILE 0 0, RBB 7 26]        859     r            6295                                                                                                                                              
   clk                                   Clock net     2           (fanout=388)      -2302                     -                                                                                                                                              
   clk                                   CLOCK-PORT    -                      -    capture     r            3993                                                                                                                                              
   -------------------------------------------------------------------------------------------------------------------------------------------------------------------------------------------------------------------------------------------------------------


Path 86:
   Slack (not met):                         -2121ps
     Path type:                               SETUP
     Group:                              <UDEF_clk>
     Launching clock:                           clk (rising edge)
     Capturing clock:                           clk (rising edge)

     Requested period:                       2000ps
   + Delay of the capturing clock:           2302ps
   - Clock uncertainty:                       150ps
   = Required time:                          4152ps
   - Propagation time:                       3948ps (41.6% logic, 58.4% route, logic stage 1)
   - Delay of the launching clock:           2325ps
   = Slack:                                 -2121ps

   Instance/Pin or Net Name              Type         ID     Location or Fanout   Delay(ps)  Edge  Arrival Time(ps)    Instance detail                                                                                                                                                                                                                                                                                                                                                      
   -------------------------------------------------------------------------------------------------------------------------------------------------------------------------------------------------------------------------------------------------------------------------------------------------------------------------------------------------------------------------------------------------------------------------------------------------------------------------------------------
   clk                                   CLOCK-PORT    -                      -     launch     r               0                                                                                                                                                                                                                                                                                                                                                                            
   clk                                   Clock net     2           (fanout=388)       2325                     -                                                                                                                                                                                                                                                                                                                                                                            
   RBB_11/CLK                            RBB_6L       11  [TILE 0 0, RBB 22 18]          -     r            2325                                                                                                                                                                                                                                                                                                                                                                            
   -------------------------------------------------------------------------------------------------------------------------------------------------------------------------------------------------------------------------------------------------------------------------------------------------------------------------------------------------------------------------------------------------------------------------------------------------------------------------------------------
   RBB_11/DQ                             RBB_6L       11  [TILE 0 0, RBB 22 18]        800     r            3125     {inst62: u_spi.r_ss_n_sync_LUT3_I1_O_FDCE_D (FDC,site=dff)}                                                                                                                                                                                                                                                                                                            
   u_spi.r_ss_n_sync_LUT3_I1_O_FDCE_D_Q  Net          56            (fanout=10)       2305                     -                                                                                                                                                                                                                                                                                                                                                                            
   RBB_13/A4                             RBB_6L       13   [TILE 0 0, RBB 7 26]          -     r            5430     {inst41: spi_miso_FDCE_Q_D_LUT6_O_I0_FDCE_Q_D_LUT6_O_I0_FDCE_Q_D_LUT6_O_I0_FDCE_Q_D_LUT6_O_I0_FDCE_Q_D_LUT6_O_I0_FDCE_Q_D_LUT6_O_I0_FDCE_Q_D_LUT6_O_I0_FDCE_Q_D_LUT5_O (LUT,site=alut)} {inst39: spi_miso_FDCE_Q_D_LUT6_O_I0_FDCE_Q_D_LUT6_O_I0_FDCE_Q_D_LUT6_O_I0_FDCE_Q_D_LUT6_O_I0_FDCE_Q_D_LUT6_O_I0_FDCE_Q_D_LUT6_O_I0_FDCE_Q_D_LUT6_O_I0_FDCE_Q (FDCE,site=aff)} 
   -------------------------------------------------------------------------------------------------------------------------------------------------------------------------------------------------------------------------------------------------------------------------------------------------------------------------------------------------------------------------------------------------------------------------------------------------------------------------------------------
   RBB_13/CLK                            RBB_6L       13   [TILE 0 0, RBB 7 26]        843     r            6273                                                                                                                                                                                                                                                                                                                                                                            
   clk                                   Clock net     2           (fanout=388)      -2302                     -                                                                                                                                                                                                                                                                                                                                                                            
   clk                                   CLOCK-PORT    -                      -    capture     r            3971                                                                                                                                                                                                                                                                                                                                                                            
   -------------------------------------------------------------------------------------------------------------------------------------------------------------------------------------------------------------------------------------------------------------------------------------------------------------------------------------------------------------------------------------------------------------------------------------------------------------------------------------------


Path 107:
   Slack (not met):                         -2116ps
     Path type:                               SETUP
     Group:                              <UDEF_clk>
     Launching clock:                           clk (rising edge)
     Capturing clock:                           clk (rising edge)

     Requested period:                       2000ps
   + Delay of the capturing clock:           2302ps
   - Clock uncertainty:                       150ps
   = Required time:                          4152ps
   - Propagation time:                       3995ps (40.9% logic, 59.1% route, logic stage 1)
   - Delay of the launching clock:           2273ps
   = Slack:                                 -2116ps

   Instance/Pin or Net Name                                                                 Type         ID     Location or Fanout   Delay(ps)  Edge  Arrival Time(ps)    Instance detail                                                                                                                                                                                                    
   --------------------------------------------------------------------------------------------------------------------------------------------------------------------------------------------------------------------------------------------------------------------------------------------------------------------------------------------------------------------------------------------
   clk                                                                                      CLOCK-PORT    -                      -     launch     r               0                                                                                                                                                                                                                          
   clk                                                                                      Clock net     2           (fanout=388)       2273                     -                                                                                                                                                                                                                          
   RBB_14/CLK                                                                               RBB_6L       14  [TILE 0 0, RBB 25 16]          -     r            2273                                                                                                                                                                                                                          
   --------------------------------------------------------------------------------------------------------------------------------------------------------------------------------------------------------------------------------------------------------------------------------------------------------------------------------------------------------------------------------------------
   RBB_14/DQ                                                                                RBB_6L       14  [TILE 0 0, RBB 25 16]        800     r            3073     {inst30: spi_miso_FDCE_Q_D_LUT6_O_I0_FDCE_Q_D_LUT6_O_I0_FDCE_Q_D_LUT6_O_I0_FDCE_Q_D_LUT6_O_I0_FDCE_Q (FDCE,site=dff)}                                                                                                
   spi_miso_FDCE_Q_D_LUT6_O_I0_FDCE_Q_D_LUT6_O_I0_FDCE_Q_D_LUT6_O_I0_FDCE_Q_D_LUT6_O_I0[0]  Net          38             (fanout=1)       2363                     -                                                                                                                                                                                                                          
   RBB_13/B1                                                                                RBB_6L       13   [TILE 0 0, RBB 7 26]          -     r            5436     {inst29: spi_miso_FDCE_Q_D_LUT6_O_I0_FDCE_Q_D_LUT6_O_I0_FDCE_Q_D_LUT6_O_I0_FDCE_Q_D_LUT6_O (LUT,site=blut,bluto)} {inst27: spi_miso_FDCE_Q_D_LUT6_O_I0_FDCE_Q_D_LUT6_O_I0_FDCE_Q_D_LUT6_O_I0_FDCE_Q (FDCE,site=bff)} 
   --------------------------------------------------------------------------------------------------------------------------------------------------------------------------------------------------------------------------------------------------------------------------------------------------------------------------------------------------------------------------------------------
   RBB_13/CLK                                                                               RBB_6L       13   [TILE 0 0, RBB 7 26]        832     r            6268                                                                                                                                                                                                                          
   clk                                                                                      Clock net     2           (fanout=388)      -2302                     -                                                                                                                                                                                                                          
   clk                                                                                      CLOCK-PORT    -                      -    capture     r            3966                                                                                                                                                                                                                          
   --------------------------------------------------------------------------------------------------------------------------------------------------------------------------------------------------------------------------------------------------------------------------------------------------------------------------------------------------------------------------------------------


Path 93:
   Slack (not met):                         -2103ps
     Path type:                               SETUP
     Group:                              <UDEF_clk>
     Launching clock:                           clk (rising edge)
     Capturing clock:                           clk (rising edge)

     Requested period:                       2000ps
   + Delay of the capturing clock:           2273ps
   - Clock uncertainty:                       150ps
   = Required time:                          4123ps
   - Propagation time:                       3931ps (43.2% logic, 56.8% route, logic stage 1)
   - Delay of the launching clock:           2295ps
   = Slack:                                 -2103ps

   Instance/Pin or Net Name                                                                                    Type         ID     Location or Fanout   Delay(ps)  Edge  Arrival Time(ps)    Instance detail                                                                                                                                                                                                                                          
   -----------------------------------------------------------------------------------------------------------------------------------------------------------------------------------------------------------------------------------------------------------------------------------------------------------------------------------------------------------------------------------------------------------------------------------------------------
   clk                                                                                                         CLOCK-PORT    -                      -     launch     r               0                                                                                                                                                                                                                                                                
   clk                                                                                                         Clock net     2           (fanout=388)       2295                     -                                                                                                                                                                                                                                                                
   RBB_8/CLK                                                                                                   RBB_6L        8  [TILE 0 0, RBB 10 26]          -     r            2295                                                                                                                                                                                                                                                                
   -----------------------------------------------------------------------------------------------------------------------------------------------------------------------------------------------------------------------------------------------------------------------------------------------------------------------------------------------------------------------------------------------------------------------------------------------------
   RBB_8/BQ                                                                                                    RBB_6L        8  [TILE 0 0, RBB 10 26]        800     r            3095     {inst34: spi_miso_FDCE_Q_D_LUT6_O_I0_FDCE_Q_D_LUT6_O_I0_FDCE_Q_D_LUT6_O_I0_FDCE_Q_D_LUT6_O_I0_FDCE_Q_D_LUT6_O_I0_FDCE_Q_1 (FDCE,site=bff)}                                                                                                                 
   spi_miso_FDCE_Q_D_LUT6_O_I0_FDCE_Q_D_LUT6_O_I0_FDCE_Q_D_LUT6_O_I0_FDCE_Q_D_LUT6_O_I0_FDCE_Q_D_LUT6_O_I0[1]  Net          47             (fanout=1)       2232                     -                                                                                                                                                                                                                                                                
   RBB_14/D2                                                                                                   RBB_6L       14  [TILE 0 0, RBB 25 16]          -     r            5327     {inst32: spi_miso_FDCE_Q_D_LUT6_O_I0_FDCE_Q_D_LUT6_O_I0_FDCE_Q_D_LUT6_O_I0_FDCE_Q_D_LUT6_O_I0_FDCE_Q_D_LUT6_O (LUT,site=dlut,dluto)} {inst30: spi_miso_FDCE_Q_D_LUT6_O_I0_FDCE_Q_D_LUT6_O_I0_FDCE_Q_D_LUT6_O_I0_FDCE_Q_D_LUT6_O_I0_FDCE_Q (FDCE,site=dff)} 
   -----------------------------------------------------------------------------------------------------------------------------------------------------------------------------------------------------------------------------------------------------------------------------------------------------------------------------------------------------------------------------------------------------------------------------------------------------
   RBB_14/CLK                                                                                                  RBB_6L       14  [TILE 0 0, RBB 25 16]        899     r            6226                                                                                                                                                                                                                                                                
   clk                                                                                                         Clock net     2           (fanout=388)      -2273                     -                                                                                                                                                                                                                                                                
   clk                                                                                                         CLOCK-PORT    -                      -    capture     r            3953                                                                                                                                                                                                                                                                
   -----------------------------------------------------------------------------------------------------------------------------------------------------------------------------------------------------------------------------------------------------------------------------------------------------------------------------------------------------------------------------------------------------------------------------------------------------


Path 103:
   Slack (not met):                         -2062ps
     Path type:                               SETUP
     Group:                              <UDEF_clk>
     Launching clock:                           clk (rising edge)
     Capturing clock:                           clk (rising edge)

     Requested period:                       2000ps
   + Delay of the capturing clock:           2302ps
   - Clock uncertainty:                       150ps
   = Required time:                          4152ps
   - Propagation time:                       3889ps (41.0% logic, 59.0% route, logic stage 1)
   - Delay of the launching clock:           2325ps
   = Slack:                                 -2062ps

   Instance/Pin or Net Name              Type         ID     Location or Fanout   Delay(ps)  Edge  Arrival Time(ps)    Instance detail                                                                                                                                                                                                    
   -----------------------------------------------------------------------------------------------------------------------------------------------------------------------------------------------------------------------------------------------------------------------------------------------------------------------------------------
   clk                                   CLOCK-PORT    -                      -     launch     r               0                                                                                                                                                                                                                          
   clk                                   Clock net     2           (fanout=388)       2325                     -                                                                                                                                                                                                                          
   RBB_11/CLK                            RBB_6L       11  [TILE 0 0, RBB 22 18]          -     r            2325                                                                                                                                                                                                                          
   -----------------------------------------------------------------------------------------------------------------------------------------------------------------------------------------------------------------------------------------------------------------------------------------------------------------------------------------
   RBB_11/DQ                             RBB_6L       11  [TILE 0 0, RBB 22 18]        800     r            3125     {inst62: u_spi.r_ss_n_sync_LUT3_I1_O_FDCE_D (FDC,site=dff)}                                                                                                                                                          
   u_spi.r_ss_n_sync_LUT3_I1_O_FDCE_D_Q  Net          56            (fanout=10)       2294                     -                                                                                                                                                                                                                          
   RBB_13/B4                             RBB_6L       13   [TILE 0 0, RBB 7 26]          -     r            5419     {inst29: spi_miso_FDCE_Q_D_LUT6_O_I0_FDCE_Q_D_LUT6_O_I0_FDCE_Q_D_LUT6_O_I0_FDCE_Q_D_LUT6_O (LUT,site=blut,bluto)} {inst27: spi_miso_FDCE_Q_D_LUT6_O_I0_FDCE_Q_D_LUT6_O_I0_FDCE_Q_D_LUT6_O_I0_FDCE_Q (FDCE,site=bff)} 
   -----------------------------------------------------------------------------------------------------------------------------------------------------------------------------------------------------------------------------------------------------------------------------------------------------------------------------------------
   RBB_13/CLK                            RBB_6L       13   [TILE 0 0, RBB 7 26]        795     r            6214                                                                                                                                                                                                                          
   clk                                   Clock net     2           (fanout=388)      -2302                     -                                                                                                                                                                                                                          
   clk                                   CLOCK-PORT    -                      -    capture     r            3912                                                                                                                                                                                                                          
   -----------------------------------------------------------------------------------------------------------------------------------------------------------------------------------------------------------------------------------------------------------------------------------------------------------------------------------------


Path 98:
   Slack (not met):                         -1982ps
     Path type:                               SETUP
     Group:                              <UDEF_clk>
     Launching clock:                           clk (rising edge)
     Capturing clock:                           clk (rising edge)

     Requested period:                       2000ps
   + Delay of the capturing clock:           2273ps
   - Clock uncertainty:                       150ps
   = Required time:                          4123ps
   - Propagation time:                       3810ps (40.8% logic, 59.2% route, logic stage 1)
   - Delay of the launching clock:           2295ps
   = Slack:                                 -1982ps

   Instance/Pin or Net Name                                                                                                       Type         ID     Location or Fanout   Delay(ps)  Edge  Arrival Time(ps)    Instance detail                                                                                                                                                                                                                                                                                
   --------------------------------------------------------------------------------------------------------------------------------------------------------------------------------------------------------------------------------------------------------------------------------------------------------------------------------------------------------------------------------------------------------------------------------------------------------------------------------------------------------------
   clk                                                                                                                            CLOCK-PORT    -                      -     launch     r               0                                                                                                                                                                                                                                                                                                      
   clk                                                                                                                            Clock net     2           (fanout=388)       2295                     -                                                                                                                                                                                                                                                                                                      
   RBB_8/CLK                                                                                                                      RBB_6L        8  [TILE 0 0, RBB 10 26]          -     r            2295                                                                                                                                                                                                                                                                                                      
   --------------------------------------------------------------------------------------------------------------------------------------------------------------------------------------------------------------------------------------------------------------------------------------------------------------------------------------------------------------------------------------------------------------------------------------------------------------------------------------------------------------
   RBB_8/AQ                                                                                                                       RBB_6L        8  [TILE 0 0, RBB 10 26]        800     r            3095     {inst37: spi_miso_FDCE_Q_D_LUT6_O_I0_FDCE_Q_D_LUT6_O_I0_FDCE_Q_D_LUT6_O_I0_FDCE_Q_D_LUT6_O_I0_FDCE_Q_D_LUT6_O_I0_FDCE_Q_D_LUT6_O_I0_FDCE_Q_1 (FDCE,site=aff)}                                                                                                                                    
   spi_miso_FDCE_Q_D_LUT6_O_I0_FDCE_Q_D_LUT6_O_I0_FDCE_Q_D_LUT6_O_I0_FDCE_Q_D_LUT6_O_I0_FDCE_Q_D_LUT6_O_I0_FDCE_Q_D_LUT6_O_I0[1]  Net          45             (fanout=1)       2256                     -                                                                                                                                                                                                                                                                                                      
   RBB_14/C2                                                                                                                      RBB_6L       14  [TILE 0 0, RBB 25 16]          -     r            5351     {inst35: spi_miso_FDCE_Q_D_LUT6_O_I0_FDCE_Q_D_LUT6_O_I0_FDCE_Q_D_LUT6_O_I0_FDCE_Q_D_LUT6_O_I0_FDCE_Q_D_LUT6_O_I0_FDCE_Q_D_LUT6_O (LUT,site=clut,cluto)} {inst33: spi_miso_FDCE_Q_D_LUT6_O_I0_FDCE_Q_D_LUT6_O_I0_FDCE_Q_D_LUT6_O_I0_FDCE_Q_D_LUT6_O_I0_FDCE_Q_D_LUT6_O_I0_FDCE_Q (FDCE,site=cff)} 
   --------------------------------------------------------------------------------------------------------------------------------------------------------------------------------------------------------------------------------------------------------------------------------------------------------------------------------------------------------------------------------------------------------------------------------------------------------------------------------------------------------------
   RBB_14/CLK                                                                                                                     RBB_6L       14  [TILE 0 0, RBB 25 16]        754     r            6105                                                                                                                                                                                                                                                                                                      
   clk                                                                                                                            Clock net     2           (fanout=388)      -2273                     -                                                                                                                                                                                                                                                                                                      
   clk                                                                                                                            CLOCK-PORT    -                      -    capture     r            3832                                                                                                                                                                                                                                                                                                      
   --------------------------------------------------------------------------------------------------------------------------------------------------------------------------------------------------------------------------------------------------------------------------------------------------------------------------------------------------------------------------------------------------------------------------------------------------------------------------------------------------------------


Path 109:
   Slack (not met):                         -1882ps
     Path type:                               SETUP
     Group:                              <UDEF_clk>
     Launching clock:                           clk (rising edge)
     Capturing clock:                           clk (rising edge)

     Requested period:                       2000ps
   + Delay of the capturing clock:           2311ps
   - Clock uncertainty:                       150ps
   = Required time:                          4161ps
   - Propagation time:                       3688ps (49.5% logic, 50.5% route, logic stage 1)
   - Delay of the launching clock:           2355ps
   = Slack:                                 -1882ps

   Instance/Pin or Net Name   Type         ID     Location or Fanout   Delay(ps)  Edge  Arrival Time(ps)    Instance detail                                                                                            
   ----------------------------------------------------------------------------------------------------------------------------------------------------------------------------------------------------------------------
   clk                        CLOCK-PORT    -                      -     launch     r               0                                                                                                                  
   clk                        Clock net     2           (fanout=388)       2355                     -                                                                                                                  
   RBB_16/CLK                 RBB_6L       16  [TILE 0 0, RBB 10 24]          -     r            2355                                                                                                                  
   ----------------------------------------------------------------------------------------------------------------------------------------------------------------------------------------------------------------------
   RBB_16/DQ                  RBB_6L       16  [TILE 0 0, RBB 10 24]        800     r            3155     {inst69: u_spi.rx_shift_FDCE_Q_6 (FDCE,site=dff)}                                                            
   u_spi.rx_shift[0]          Net          11             (fanout=2)       1861                     -                                                                                                                  
   RBB_15/A1                  RBB_6L       15   [TILE 0 0, RBB 4 22]          -     r            5016     {inst95: u_spi.rx_shift_FDCE_Q_5_buf95_i (LUT,site=aluto)} {inst68: u_spi.rx_shift_FDCE_Q_5 (FDCE,site=aff)} 
   ----------------------------------------------------------------------------------------------------------------------------------------------------------------------------------------------------------------------
   RBB_15/CLK                 RBB_6L       15   [TILE 0 0, RBB 4 22]       1027     r            6043                                                                                                                  
   clk                        Clock net     2           (fanout=388)      -2311                     -                                                                                                                  
   clk                        CLOCK-PORT    -                      -    capture     r            3732                                                                                                                  
   ----------------------------------------------------------------------------------------------------------------------------------------------------------------------------------------------------------------------


Path 78:
   Slack (not met):                         -1880ps
     Path type:                               SETUP
     Group:                              <UDEF_clk>
     Launching clock:                           clk (rising edge)
     Capturing clock:                           clk (rising edge)

     Requested period:                       2000ps
   + Delay of the capturing clock:           2295ps
   - Clock uncertainty:                       150ps
   = Required time:                          4145ps
   - Propagation time:                       3714ps (67.2% logic, 32.8% route, logic stage 1)
   - Delay of the launching clock:           2311ps
   = Slack:                                 -1880ps

   Instance/Pin or Net Name   Type         ID     Location or Fanout   Delay(ps)  Edge  Arrival Time(ps)    Instance detail                                                                                                                                                                                                                                         
   -------------------------------------------------------------------------------------------------------------------------------------------------------------------------------------------------------------------------------------------------------------------------------------------------------------------------------------------------------------------
   clk                        CLOCK-PORT    -                      -     launch     r               0                                                                                                                                                                                                                                                               
   clk                        Clock net     2           (fanout=388)       2311                     -                                                                                                                                                                                                                                                               
   RBB_15/CLK                 RBB_6L       15   [TILE 0 0, RBB 4 22]          -     r            2311                                                                                                                                                                                                                                                               
   -------------------------------------------------------------------------------------------------------------------------------------------------------------------------------------------------------------------------------------------------------------------------------------------------------------------------------------------------------------------
   RBB_15/CMUX                RBB_6L       15   [TILE 0 0, RBB 4 22]       1416     r            3727     {inst66: u_spi.rx_shift_FDCE_Q_3 (FDCE,site=cffo)}                                                                                                                                                                                                        
   u_spi.rx_shift[3]          Net          14             (fanout=2)       1217                     -                                                                                                                                                                                                                                                               
   RBB_8/C1                   RBB_6L        8  [TILE 0 0, RBB 10 26]          -     r            4944     {inst88: spi_miso_FDCE_Q_D_LUT6_O_I0_FDCE_Q_D_LUT6_O_I0_FDCE_Q_D_LUT6_O_I0_FDCE_Q_D_LUT6_O_I0_FDCE_Q_1_buf88_i (LUT,site=cluto)} {inst31: spi_miso_FDCE_Q_D_LUT6_O_I0_FDCE_Q_D_LUT6_O_I0_FDCE_Q_D_LUT6_O_I0_FDCE_Q_D_LUT6_O_I0_FDCE_Q_1 (FDCE,site=cffo)} 
   -------------------------------------------------------------------------------------------------------------------------------------------------------------------------------------------------------------------------------------------------------------------------------------------------------------------------------------------------------------------
   RBB_8/CLK                  RBB_6L        8  [TILE 0 0, RBB 10 26]       1081     r            6025                                                                                                                                                                                                                                                               
   clk                        Clock net     2           (fanout=388)      -2295                     -                                                                                                                                                                                                                                                               
   clk                        CLOCK-PORT    -                      -    capture     r            3730                                                                                                                                                                                                                                                               
   -------------------------------------------------------------------------------------------------------------------------------------------------------------------------------------------------------------------------------------------------------------------------------------------------------------------------------------------------------------------


Path 79:
   Slack (not met):                         -1780ps
     Path type:                               SETUP
     Group:                              <UDEF_clk>
     Launching clock:                           clk (rising edge)
     Capturing clock:                           clk (rising edge)

     Requested period:                       2000ps
   + Delay of the capturing clock:           2295ps
   - Clock uncertainty:                       150ps
   = Required time:                          4145ps
   - Propagation time:                       3614ps (66.4% logic, 33.6% route, logic stage 1)
   - Delay of the launching clock:           2311ps
   = Slack:                                 -1780ps

   Instance/Pin or Net Name   Type         ID     Location or Fanout   Delay(ps)  Edge  Arrival Time(ps)    Instance detail                                                                                                                                                                                                   
   -----------------------------------------------------------------------------------------------------------------------------------------------------------------------------------------------------------------------------------------------------------------------------------------------------------------------------
   clk                        CLOCK-PORT    -                      -     launch     r               0                                                                                                                                                                                                                         
   clk                        Clock net     2           (fanout=388)       2311                     -                                                                                                                                                                                                                         
   RBB_15/CLK                 RBB_6L       15   [TILE 0 0, RBB 4 22]          -     r            2311                                                                                                                                                                                                                         
   -----------------------------------------------------------------------------------------------------------------------------------------------------------------------------------------------------------------------------------------------------------------------------------------------------------------------------
   RBB_15/DMUX                RBB_6L       15   [TILE 0 0, RBB 4 22]       1423     r            3734     {inst65: u_spi.rx_shift_FDCE_Q_2 (FDCE,site=dffo)}                                                                                                                                                                  
   u_spi.rx_shift[4]          Net          15             (fanout=2)       1213                     -                                                                                                                                                                                                                         
   RBB_8/D1                   RBB_6L        8  [TILE 0 0, RBB 10 26]          -     r            4947     {inst87: spi_miso_FDCE_Q_D_LUT6_O_I0_FDCE_Q_D_LUT6_O_I0_FDCE_Q_D_LUT6_O_I0_FDCE_Q_1_buf87_i (LUT,site=dluto)} {inst28: spi_miso_FDCE_Q_D_LUT6_O_I0_FDCE_Q_D_LUT6_O_I0_FDCE_Q_D_LUT6_O_I0_FDCE_Q_1 (FDCE,site=dffo)} 
   -----------------------------------------------------------------------------------------------------------------------------------------------------------------------------------------------------------------------------------------------------------------------------------------------------------------------------
   RBB_8/CLK                  RBB_6L        8  [TILE 0 0, RBB 10 26]        978     r            5925                                                                                                                                                                                                                         
   clk                        Clock net     2           (fanout=388)      -2295                     -                                                                                                                                                                                                                         
   clk                        CLOCK-PORT    -                      -    capture     r            3630                                                                                                                                                                                                                         
   -----------------------------------------------------------------------------------------------------------------------------------------------------------------------------------------------------------------------------------------------------------------------------------------------------------------------------


Path 120:
   Slack (not met):                         -1717ps
     Path type:                               SETUP
     Group:                              <UDEF_clk>
     Launching clock:                           clk (rising edge)
     Capturing clock:                           clk (rising edge)

     Requested period:                       2000ps
   + Delay of the capturing clock:           2324ps
   - Clock uncertainty:                       150ps
   = Required time:                          4174ps
   - Propagation time:                       3567ps (70.6% logic, 29.4% route, logic stage 1)
   - Delay of the launching clock:           2324ps
   = Slack:                                 -1717ps

   Instance/Pin or Net Name   Type         ID    Location or Fanout   Delay(ps)  Edge  Arrival Time(ps)    Instance detail                                                   
   ----------------------------------------------------------------------------------------------------------------------------------------------------------------------------
   clk                        CLOCK-PORT    -                     -     launch     r               0                                                                         
   clk                        Clock net     2          (fanout=388)       2324                     -                                                                         
   RBB_6/CLK                  RBB_6L        6  [TILE 0 0, RBB 1 24]          -     r            2324                                                                         
   ----------------------------------------------------------------------------------------------------------------------------------------------------------------------------
   RBB_6/CQ                   RBB_6L        6  [TILE 0 0, RBB 1 24]        800     r            3124     {inst15: por_FDRE_Q_1 (FDE,site=cff)}                               
   por[2]                     Net          26            (fanout=1)       1050                     -                                                                         
   RBB_6/C1                   RBB_6L        6  [TILE 0 0, RBB 1 24]          -     r            4174     {inst12: por_CARRY4_S (CARRY4)} {inst14: por_FDRE_Q (FDE,site=dff)} 
   ----------------------------------------------------------------------------------------------------------------------------------------------------------------------------
   RBB_6/CLK                  RBB_6L        6  [TILE 0 0, RBB 1 24]       1717     r            5891                                                                         
   clk                        Clock net     2          (fanout=388)      -2324                     -                                                                         
   clk                        CLOCK-PORT    -                     -    capture     r            3567                                                                         
   ----------------------------------------------------------------------------------------------------------------------------------------------------------------------------


Path 105:
   Slack (not met):                         -1660ps
     Path type:                               SETUP
     Group:                              <UDEF_clk>
     Launching clock:                           clk (rising edge)
     Capturing clock:                           clk (rising edge)

     Requested period:                       2000ps
   + Delay of the capturing clock:           2273ps
   - Clock uncertainty:                       150ps
   = Required time:                          4123ps
   - Propagation time:                       3436ps (47.5% logic, 52.5% route, logic stage 1)
   - Delay of the launching clock:           2347ps
   = Slack:                                 -1660ps

   Instance/Pin or Net Name                                                                                                                          Type         ID     Location or Fanout   Delay(ps)  Edge  Arrival Time(ps)    Instance detail                                                                                                                                                                                                                                                                                                                      
   -----------------------------------------------------------------------------------------------------------------------------------------------------------------------------------------------------------------------------------------------------------------------------------------------------------------------------------------------------------------------------------------------------------------------------------------------------------------------------------------------------------------------------------------------------------------------
   clk                                                                                                                                               CLOCK-PORT    -                      -     launch     r               0                                                                                                                                                                                                                                                                                                                                            
   clk                                                                                                                                               Clock net     2           (fanout=388)       2347                     -                                                                                                                                                                                                                                                                                                                                            
   RBB_9/CLK                                                                                                                                         RBB_6L        9  [TILE 0 0, RBB 19 22]          -     r            2347                                                                                                                                                                                                                                                                                                                                            
   -----------------------------------------------------------------------------------------------------------------------------------------------------------------------------------------------------------------------------------------------------------------------------------------------------------------------------------------------------------------------------------------------------------------------------------------------------------------------------------------------------------------------------------------------------------------------
   RBB_9/DQ                                                                                                                                          RBB_6L        9  [TILE 0 0, RBB 19 22]        800     r            3147     {inst40: spi_miso_FDCE_Q_D_LUT6_O_I0_FDCE_Q_D_LUT6_O_I0_FDCE_Q_D_LUT6_O_I0_FDCE_Q_D_LUT6_O_I0_FDCE_Q_D_LUT6_O_I0_FDCE_Q_D_LUT6_O_I0_FDCE_Q_D_LUT6_O_I0_FDCE_Q_1 (FDCE,site=dff)}                                                                                                                                                       
   spi_miso_FDCE_Q_D_LUT6_O_I0_FDCE_Q_D_LUT6_O_I0_FDCE_Q_D_LUT6_O_I0_FDCE_Q_D_LUT6_O_I0_FDCE_Q_D_LUT6_O_I0_FDCE_Q_D_LUT6_O_I0_FDCE_Q_D_LUT6_O_I0[1]  Net          65             (fanout=1)       1804                     -                                                                                                                                                                                                                                                                                                                                            
   RBB_14/B2                                                                                                                                         RBB_6L       14  [TILE 0 0, RBB 25 16]          -     r            4951     {inst38: spi_miso_FDCE_Q_D_LUT6_O_I0_FDCE_Q_D_LUT6_O_I0_FDCE_Q_D_LUT6_O_I0_FDCE_Q_D_LUT6_O_I0_FDCE_Q_D_LUT6_O_I0_FDCE_Q_D_LUT6_O_I0_FDCE_Q_D_LUT6_O (LUT,site=blut,bluto)} {inst36: spi_miso_FDCE_Q_D_LUT6_O_I0_FDCE_Q_D_LUT6_O_I0_FDCE_Q_D_LUT6_O_I0_FDCE_Q_D_LUT6_O_I0_FDCE_Q_D_LUT6_O_I0_FDCE_Q_D_LUT6_O_I0_FDCE_Q (FDCE,site=bff)} 
   -----------------------------------------------------------------------------------------------------------------------------------------------------------------------------------------------------------------------------------------------------------------------------------------------------------------------------------------------------------------------------------------------------------------------------------------------------------------------------------------------------------------------------------------------------------------------
   RBB_14/CLK                                                                                                                                        RBB_6L       14  [TILE 0 0, RBB 25 16]        832     r            5783                                                                                                                                                                                                                                                                                                                                            
   clk                                                                                                                                               Clock net     2           (fanout=388)      -2273                     -                                                                                                                                                                                                                                                                                                                                            
   clk                                                                                                                                               CLOCK-PORT    -                      -    capture     r            3510                                                                                                                                                                                                                                                                                                                                            
   -----------------------------------------------------------------------------------------------------------------------------------------------------------------------------------------------------------------------------------------------------------------------------------------------------------------------------------------------------------------------------------------------------------------------------------------------------------------------------------------------------------------------------------------------------------------------


Path 122:
   Slack (not met):                         -1650ps
     Path type:                               SETUP
     Group:                              <UDEF_clk>
     Launching clock:                           clk (rising edge)
     Capturing clock:                           clk (rising edge)

     Requested period:                       2000ps
   + Delay of the capturing clock:           2324ps
   - Clock uncertainty:                       150ps
   = Required time:                          4174ps
   - Propagation time:                       3500ps (67.8% logic, 32.2% route, logic stage 1)
   - Delay of the launching clock:           2324ps
   = Slack:                                 -1650ps

   Instance/Pin or Net Name   Type         ID    Location or Fanout   Delay(ps)  Edge  Arrival Time(ps)    Instance detail                                                   
   ----------------------------------------------------------------------------------------------------------------------------------------------------------------------------
   clk                        CLOCK-PORT    -                     -     launch     r               0                                                                         
   clk                        Clock net     2          (fanout=388)       2324                     -                                                                         
   RBB_6/CLK                  RBB_6L        6  [TILE 0 0, RBB 1 24]          -     r            2324                                                                         
   ----------------------------------------------------------------------------------------------------------------------------------------------------------------------------
   RBB_6/BQ                   RBB_6L        6  [TILE 0 0, RBB 1 24]        800     r            3124     {inst16: por_FDRE_Q_2 (FDE,site=bff)}                               
   por[1]                     Net          25            (fanout=1)       1127                     -                                                                         
   RBB_6/B1                   RBB_6L        6  [TILE 0 0, RBB 1 24]          -     r            4251     {inst12: por_CARRY4_S (CARRY4)} {inst14: por_FDRE_Q (FDE,site=dff)} 
   ----------------------------------------------------------------------------------------------------------------------------------------------------------------------------
   RBB_6/CLK                  RBB_6L        6  [TILE 0 0, RBB 1 24]       1573     r            5824                                                                         
   clk                        Clock net     2          (fanout=388)      -2324                     -                                                                         
   clk                        CLOCK-PORT    -                     -    capture     r            3500                                                                         
   ----------------------------------------------------------------------------------------------------------------------------------------------------------------------------


Path 88:
   Slack (not met):                         -1551ps
     Path type:                               SETUP
     Group:                              <UDEF_clk>
     Launching clock:                           clk (rising edge)
     Capturing clock:                           clk (rising edge)

     Requested period:                       2000ps
   + Delay of the capturing clock:           2273ps
   - Clock uncertainty:                       150ps
   = Required time:                          4123ps
   - Propagation time:                       3327ps (51.1% logic, 48.9% route, logic stage 1)
   - Delay of the launching clock:           2347ps
   = Slack:                                 -1551ps

   Instance/Pin or Net Name   Type         ID     Location or Fanout   Delay(ps)  Edge  Arrival Time(ps)    Instance detail                                                                                                                                                                                                                                          
   --------------------------------------------------------------------------------------------------------------------------------------------------------------------------------------------------------------------------------------------------------------------------------------------------------------------------------------------------------------------
   clk                        CLOCK-PORT    -                      -     launch     r               0                                                                                                                                                                                                                                                                
   clk                        Clock net     2           (fanout=388)       2347                     -                                                                                                                                                                                                                                                                
   RBB_10/CLK                 RBB_6L       10  [TILE 0 0, RBB 19 20]          -     r            2347                                                                                                                                                                                                                                                                
   --------------------------------------------------------------------------------------------------------------------------------------------------------------------------------------------------------------------------------------------------------------------------------------------------------------------------------------------------------------------
   RBB_10/DQ                  RBB_6L       10  [TILE 0 0, RBB 19 20]        800     r            3147     {inst45: spi_mosi_FDCE_D_Q_FDCE_Q (FDC,site=dff)}                                                                                                                                                                                                          
   spi_mosi_FDCE_D_Q[1]       Net          33            (fanout=10)       1626                     -                                                                                                                                                                                                                                                                
   RBB_14/D5                  RBB_6L       14  [TILE 0 0, RBB 25 16]          -     r            4773     {inst32: spi_miso_FDCE_Q_D_LUT6_O_I0_FDCE_Q_D_LUT6_O_I0_FDCE_Q_D_LUT6_O_I0_FDCE_Q_D_LUT6_O_I0_FDCE_Q_D_LUT6_O (LUT,site=dlut,dluto)} {inst30: spi_miso_FDCE_Q_D_LUT6_O_I0_FDCE_Q_D_LUT6_O_I0_FDCE_Q_D_LUT6_O_I0_FDCE_Q_D_LUT6_O_I0_FDCE_Q (FDCE,site=dff)} 
   --------------------------------------------------------------------------------------------------------------------------------------------------------------------------------------------------------------------------------------------------------------------------------------------------------------------------------------------------------------------
   RBB_14/CLK                 RBB_6L       14  [TILE 0 0, RBB 25 16]        901     r            5674                                                                                                                                                                                                                                                                
   clk                        Clock net     2           (fanout=388)      -2273                     -                                                                                                                                                                                                                                                                
   clk                        CLOCK-PORT    -                      -    capture     r            3401                                                                                                                                                                                                                                                                
   --------------------------------------------------------------------------------------------------------------------------------------------------------------------------------------------------------------------------------------------------------------------------------------------------------------------------------------------------------------------


Path 94:
   Slack (not met):                         -1551ps
     Path type:                               SETUP
     Group:                              <UDEF_clk>
     Launching clock:                           clk (rising edge)
     Capturing clock:                           clk (rising edge)

     Requested period:                       2000ps
   + Delay of the capturing clock:           2273ps
   - Clock uncertainty:                       150ps
   = Required time:                          4123ps
   - Propagation time:                       3327ps (51.1% logic, 48.9% route, logic stage 1)
   - Delay of the launching clock:           2347ps
   = Slack:                                 -1551ps

   Instance/Pin or Net Name   Type         ID     Location or Fanout   Delay(ps)  Edge  Arrival Time(ps)    Instance detail                                                                                                                                                                                                                                                                                
   ----------------------------------------------------------------------------------------------------------------------------------------------------------------------------------------------------------------------------------------------------------------------------------------------------------------------------------------------------------------------------------------------------------
   clk                        CLOCK-PORT    -                      -     launch     r               0                                                                                                                                                                                                                                                                                                      
   clk                        Clock net     2           (fanout=388)       2347                     -                                                                                                                                                                                                                                                                                                      
   RBB_10/CLK                 RBB_6L       10  [TILE 0 0, RBB 19 20]          -     r            2347                                                                                                                                                                                                                                                                                                      
   ----------------------------------------------------------------------------------------------------------------------------------------------------------------------------------------------------------------------------------------------------------------------------------------------------------------------------------------------------------------------------------------------------------
   RBB_10/DQ                  RBB_6L       10  [TILE 0 0, RBB 19 20]        800     r            3147     {inst45: spi_mosi_FDCE_D_Q_FDCE_Q (FDC,site=dff)}                                                                                                                                                                                                                                                
   spi_mosi_FDCE_D_Q[1]       Net          33            (fanout=10)       1626                     -                                                                                                                                                                                                                                                                                                      
   RBB_14/C5                  RBB_6L       14  [TILE 0 0, RBB 25 16]          -     r            4773     {inst35: spi_miso_FDCE_Q_D_LUT6_O_I0_FDCE_Q_D_LUT6_O_I0_FDCE_Q_D_LUT6_O_I0_FDCE_Q_D_LUT6_O_I0_FDCE_Q_D_LUT6_O_I0_FDCE_Q_D_LUT6_O (LUT,site=clut,cluto)} {inst33: spi_miso_FDCE_Q_D_LUT6_O_I0_FDCE_Q_D_LUT6_O_I0_FDCE_Q_D_LUT6_O_I0_FDCE_Q_D_LUT6_O_I0_FDCE_Q_D_LUT6_O_I0_FDCE_Q (FDCE,site=cff)} 
   ----------------------------------------------------------------------------------------------------------------------------------------------------------------------------------------------------------------------------------------------------------------------------------------------------------------------------------------------------------------------------------------------------------
   RBB_14/CLK                 RBB_6L       14  [TILE 0 0, RBB 25 16]        901     r            5674                                                                                                                                                                                                                                                                                                      
   clk                        Clock net     2           (fanout=388)      -2273                     -                                                                                                                                                                                                                                                                                                      
   clk                        CLOCK-PORT    -                      -    capture     r            3401                                                                                                                                                                                                                                                                                                      
   ----------------------------------------------------------------------------------------------------------------------------------------------------------------------------------------------------------------------------------------------------------------------------------------------------------------------------------------------------------------------------------------------------------


Path 123:
   Slack (not met):                         -1548ps
     Path type:                               SETUP
     Group:                              <UDEF_clk>
     Launching clock:                           clk (rising edge)
     Capturing clock:                           clk (rising edge)

     Requested period:                       2000ps
   + Delay of the capturing clock:           2324ps
   - Clock uncertainty:                       150ps
   = Required time:                          4174ps
   - Propagation time:                       3398ps (66.8% logic, 33.2% route, logic stage 1)
   - Delay of the launching clock:           2324ps
   = Slack:                                 -1548ps

   Instance/Pin or Net Name   Type         ID    Location or Fanout   Delay(ps)  Edge  Arrival Time(ps)    Instance detail                                                     
   ------------------------------------------------------------------------------------------------------------------------------------------------------------------------------
   clk                        CLOCK-PORT    -                     -     launch     r               0                                                                           
   clk                        Clock net     2          (fanout=388)       2324                     -                                                                           
   RBB_6/CLK                  RBB_6L        6  [TILE 0 0, RBB 1 24]          -     r            2324                                                                           
   ------------------------------------------------------------------------------------------------------------------------------------------------------------------------------
   RBB_6/BQ                   RBB_6L        6  [TILE 0 0, RBB 1 24]        800     r            3124     {inst16: por_FDRE_Q_2 (FDE,site=bff)}                                 
   por[1]                     Net          25            (fanout=1)       1127                     -                                                                           
   RBB_6/B1                   RBB_6L        6  [TILE 0 0, RBB 1 24]          -     r            4251     {inst12: por_CARRY4_S (CARRY4)} {inst15: por_FDRE_Q_1 (FDE,site=cff)} 
   ------------------------------------------------------------------------------------------------------------------------------------------------------------------------------
   RBB_6/CLK                  RBB_6L        6  [TILE 0 0, RBB 1 24]       1471     r            5722                                                                           
   clk                        Clock net     2          (fanout=388)      -2324                     -                                                                           
   clk                        CLOCK-PORT    -                     -    capture     r            3398                                                                           
   ------------------------------------------------------------------------------------------------------------------------------------------------------------------------------


Path 126:
   Slack (not met):                         -1526ps
     Path type:                               SETUP
     Group:                              <UDEF_clk>
     Launching clock:                           clk (rising edge)
     Capturing clock:                           clk (rising edge)

     Requested period:                       2000ps
   + Delay of the capturing clock:           2324ps
   - Clock uncertainty:                       150ps
   = Required time:                          4174ps
   - Propagation time:                       3376ps (68.9% logic, 31.1% route, logic stage 1)
   - Delay of the launching clock:           2324ps
   = Slack:                                 -1526ps

   Instance/Pin or Net Name   Type         ID    Location or Fanout   Delay(ps)  Edge  Arrival Time(ps)    Instance detail                                                     
   ------------------------------------------------------------------------------------------------------------------------------------------------------------------------------
   clk                        CLOCK-PORT    -                     -     launch     r               0                                                                           
   clk                        Clock net     2          (fanout=388)       2324                     -                                                                           
   RBB_6/CLK                  RBB_6L        6  [TILE 0 0, RBB 1 24]          -     r            2324                                                                           
   ------------------------------------------------------------------------------------------------------------------------------------------------------------------------------
   RBB_6/CQ                   RBB_6L        6  [TILE 0 0, RBB 1 24]        800     r            3124     {inst15: por_FDRE_Q_1 (FDE,site=cff)}                                 
   por[2]                     Net          26            (fanout=1)       1050                     -                                                                           
   RBB_6/C1                   RBB_6L        6  [TILE 0 0, RBB 1 24]          -     r            4174     {inst12: por_CARRY4_S (CARRY4)} {inst15: por_FDRE_Q_1 (FDE,site=cff)} 
   ------------------------------------------------------------------------------------------------------------------------------------------------------------------------------
   RBB_6/CLK                  RBB_6L        6  [TILE 0 0, RBB 1 24]       1526     r            5700                                                                           
   clk                        Clock net     2          (fanout=388)      -2324                     -                                                                           
   clk                        CLOCK-PORT    -                     -    capture     r            3376                                                                           
   ------------------------------------------------------------------------------------------------------------------------------------------------------------------------------


Path 111:
   Slack (not met):                         -1514ps
     Path type:                               SETUP
     Group:                              <UDEF_clk>
     Launching clock:                           clk (rising edge)
     Capturing clock:                           clk (rising edge)

     Requested period:                       2000ps
   + Delay of the capturing clock:           2295ps
   - Clock uncertainty:                       150ps
   = Required time:                          4145ps
   - Propagation time:                       3348ps (42.3% logic, 57.7% route, logic stage 1)
   - Delay of the launching clock:           2311ps
   = Slack:                                 -1514ps

   Instance/Pin or Net Name   Type         ID     Location or Fanout   Delay(ps)  Edge  Arrival Time(ps)    Instance detail                                              
   ------------------------------------------------------------------------------------------------------------------------------------------------------------------------
   clk                        CLOCK-PORT    -                      -     launch     r               0                                                                    
   clk                        Clock net     2           (fanout=388)       2311                     -                                                                    
   RBB_15/CLK                 RBB_6L       15   [TILE 0 0, RBB 4 22]          -     r            2311                                                                    
   ------------------------------------------------------------------------------------------------------------------------------------------------------------------------
   RBB_15/DQ                  RBB_6L       15   [TILE 0 0, RBB 4 22]        800     r            3111     {inst63: u_spi.rx_shift_FDCE_Q (FDCE,site=dff)}                
   u_spi.rx_shift[6]          Net          17             (fanout=1)       1931                     -                                                                    
   RBB_8/D6                   RBB_6L        8  [TILE 0 0, RBB 10 26]          -     r            5042     {inst22: spi_miso_FDCE_Q_D_LUT6_O_I0_FDCE_Q_1 (FDCE,site=dff)} 
   ------------------------------------------------------------------------------------------------------------------------------------------------------------------------
   RBB_8/CLK                  RBB_6L        8  [TILE 0 0, RBB 10 26]        617     r            5659                                                                    
   clk                        Clock net     2           (fanout=388)      -2295                     -                                                                    
   clk                        CLOCK-PORT    -                      -    capture     r            3364                                                                    
   ------------------------------------------------------------------------------------------------------------------------------------------------------------------------


Path 100:
   Slack (not met):                         -1503ps
     Path type:                               SETUP
     Group:                              <UDEF_clk>
     Launching clock:                           clk (rising edge)
     Capturing clock:                           clk (rising edge)

     Requested period:                       2000ps
   + Delay of the capturing clock:           2273ps
   - Clock uncertainty:                       150ps
   = Required time:                          4123ps
   - Propagation time:                       3279ps (50.4% logic, 49.6% route, logic stage 1)
   - Delay of the launching clock:           2347ps
   = Slack:                                 -1503ps

   Instance/Pin or Net Name   Type         ID     Location or Fanout   Delay(ps)  Edge  Arrival Time(ps)    Instance detail                                                                                                                                                                                                                                                                                                                      
   ------------------------------------------------------------------------------------------------------------------------------------------------------------------------------------------------------------------------------------------------------------------------------------------------------------------------------------------------------------------------------------------------------------------------------------------------
   clk                        CLOCK-PORT    -                      -     launch     r               0                                                                                                                                                                                                                                                                                                                                            
   clk                        Clock net     2           (fanout=388)       2347                     -                                                                                                                                                                                                                                                                                                                                            
   RBB_10/CLK                 RBB_6L       10  [TILE 0 0, RBB 19 20]          -     r            2347                                                                                                                                                                                                                                                                                                                                            
   ------------------------------------------------------------------------------------------------------------------------------------------------------------------------------------------------------------------------------------------------------------------------------------------------------------------------------------------------------------------------------------------------------------------------------------------------
   RBB_10/DQ                  RBB_6L       10  [TILE 0 0, RBB 19 20]        800     r            3147     {inst45: spi_mosi_FDCE_D_Q_FDCE_Q (FDC,site=dff)}                                                                                                                                                                                                                                                                                      
   spi_mosi_FDCE_D_Q[1]       Net          33            (fanout=10)       1626                     -                                                                                                                                                                                                                                                                                                                                            
   RBB_14/B5                  RBB_6L       14  [TILE 0 0, RBB 25 16]          -     r            4773     {inst38: spi_miso_FDCE_Q_D_LUT6_O_I0_FDCE_Q_D_LUT6_O_I0_FDCE_Q_D_LUT6_O_I0_FDCE_Q_D_LUT6_O_I0_FDCE_Q_D_LUT6_O_I0_FDCE_Q_D_LUT6_O_I0_FDCE_Q_D_LUT6_O (LUT,site=blut,bluto)} {inst36: spi_miso_FDCE_Q_D_LUT6_O_I0_FDCE_Q_D_LUT6_O_I0_FDCE_Q_D_LUT6_O_I0_FDCE_Q_D_LUT6_O_I0_FDCE_Q_D_LUT6_O_I0_FDCE_Q_D_LUT6_O_I0_FDCE_Q (FDCE,site=bff)} 
   ------------------------------------------------------------------------------------------------------------------------------------------------------------------------------------------------------------------------------------------------------------------------------------------------------------------------------------------------------------------------------------------------------------------------------------------------
   RBB_14/CLK                 RBB_6L       14  [TILE 0 0, RBB 25 16]        853     r            5626                                                                                                                                                                                                                                                                                                                                            
   clk                        Clock net     2           (fanout=388)      -2273                     -                                                                                                                                                                                                                                                                                                                                            
   clk                        CLOCK-PORT    -                      -    capture     r            3353                                                                                                                                                                                                                                                                                                                                            
   ------------------------------------------------------------------------------------------------------------------------------------------------------------------------------------------------------------------------------------------------------------------------------------------------------------------------------------------------------------------------------------------------------------------------------------------------


Path 83:
   Slack (not met):                         -1496ps
     Path type:                               SETUP
     Group:                              <UDEF_clk>
     Launching clock:                           clk (rising edge)
     Capturing clock:                           clk (rising edge)

     Requested period:                       2000ps
   + Delay of the capturing clock:           2324ps
   - Clock uncertainty:                       150ps
   = Required time:                          4174ps
   - Propagation time:                       3349ps (65.3% logic, 34.7% route, logic stage 1)
   - Delay of the launching clock:           2321ps
   = Slack:                                 -1496ps

   Instance/Pin or Net Name   Type         ID    Location or Fanout   Delay(ps)  Edge  Arrival Time(ps)    Instance detail                                                   
   ----------------------------------------------------------------------------------------------------------------------------------------------------------------------------
   clk                        CLOCK-PORT    -                     -     launch     r               0                                                                         
   clk                        Clock net     2          (fanout=388)       2321                     -                                                                         
   RBB_12/CLK                 RBB_6L       12  [TILE 0 0, RBB 1 26]          -     r            2321                                                                         
   ----------------------------------------------------------------------------------------------------------------------------------------------------------------------------
   RBB_12/DQ                  RBB_6L       12  [TILE 0 0, RBB 1 26]        800     r            3121     {inst17: por_FDRE_Q_3 (FDE,site=dff)}                               
   por[0]                     Net          24            (fanout=1)       1162                     -                                                                         
   RBB_6/A1                   RBB_6L        6  [TILE 0 0, RBB 1 24]          -     r            4283     {inst12: por_CARRY4_S (CARRY4)} {inst14: por_FDRE_Q (FDE,site=dff)} 
   ----------------------------------------------------------------------------------------------------------------------------------------------------------------------------
   RBB_6/CLK                  RBB_6L        6  [TILE 0 0, RBB 1 24]       1387     r            5670                                                                         
   clk                        Clock net     2          (fanout=388)      -2324                     -                                                                         
   clk                        CLOCK-PORT    -                     -    capture     r            3346                                                                         
   ----------------------------------------------------------------------------------------------------------------------------------------------------------------------------


Path 127:
   Slack (not met):                         -1478ps
     Path type:                               SETUP
     Group:                              <UDEF_clk>
     Launching clock:                           clk (rising edge)
     Capturing clock:                           clk (rising edge)

     Requested period:                       2000ps
   + Delay of the capturing clock:           2324ps
   - Clock uncertainty:                       150ps
   = Required time:                          4174ps
   - Propagation time:                       3328ps (66.1% logic, 33.9% route, logic stage 1)
   - Delay of the launching clock:           2324ps
   = Slack:                                 -1478ps

   Instance/Pin or Net Name   Type         ID    Location or Fanout   Delay(ps)  Edge  Arrival Time(ps)    Instance detail                                                     
   ------------------------------------------------------------------------------------------------------------------------------------------------------------------------------
   clk                        CLOCK-PORT    -                     -     launch     r               0                                                                           
   clk                        Clock net     2          (fanout=388)       2324                     -                                                                           
   RBB_6/CLK                  RBB_6L        6  [TILE 0 0, RBB 1 24]          -     r            2324                                                                           
   ------------------------------------------------------------------------------------------------------------------------------------------------------------------------------
   RBB_6/BQ                   RBB_6L        6  [TILE 0 0, RBB 1 24]        800     r            3124     {inst16: por_FDRE_Q_2 (FDE,site=bff)}                                 
   por[1]                     Net          25            (fanout=1)       1127                     -                                                                           
   RBB_6/B1                   RBB_6L        6  [TILE 0 0, RBB 1 24]          -     r            4251     {inst12: por_CARRY4_S (CARRY4)} {inst16: por_FDRE_Q_2 (FDE,site=bff)} 
   ------------------------------------------------------------------------------------------------------------------------------------------------------------------------------
   RBB_6/CLK                  RBB_6L        6  [TILE 0 0, RBB 1 24]       1401     r            5652                                                                           
   clk                        Clock net     2          (fanout=388)      -2324                     -                                                                           
   clk                        CLOCK-PORT    -                     -    capture     r            3328                                                                           
   ------------------------------------------------------------------------------------------------------------------------------------------------------------------------------


Path 125:
   Slack (not met):                         -1438ps
     Path type:                               SETUP
     Group:                              <UDEF_clk>
     Launching clock:                           clk (rising edge)
     Capturing clock:                           clk (rising edge)

     Requested period:                       2000ps
   + Delay of the capturing clock:           2324ps
   - Clock uncertainty:                       150ps
   = Required time:                          4174ps
   - Propagation time:                       3288ps (66.5% logic, 33.5% route, logic stage 1)
   - Delay of the launching clock:           2324ps
   = Slack:                                 -1438ps

   Instance/Pin or Net Name   Type         ID    Location or Fanout   Delay(ps)  Edge  Arrival Time(ps)    Instance detail                                                   
   ----------------------------------------------------------------------------------------------------------------------------------------------------------------------------
   clk                        CLOCK-PORT    -                     -     launch     r               0                                                                         
   clk                        Clock net     2          (fanout=388)       2324                     -                                                                         
   RBB_6/CLK                  RBB_6L        6  [TILE 0 0, RBB 1 24]          -     r            2324                                                                         
   ----------------------------------------------------------------------------------------------------------------------------------------------------------------------------
   RBB_6/DQ                   RBB_6L        6  [TILE 0 0, RBB 1 24]        800     r            3124     {inst14: por_FDRE_Q (FDE,site=dff)}                                 
   por[3]                     Net          27            (fanout=1)       1103                     -                                                                         
   RBB_6/D1                   RBB_6L        6  [TILE 0 0, RBB 1 24]          -     r            4227     {inst12: por_CARRY4_S (CARRY4)} {inst14: por_FDRE_Q (FDE,site=dff)} 
   ----------------------------------------------------------------------------------------------------------------------------------------------------------------------------
   RBB_6/CLK                  RBB_6L        6  [TILE 0 0, RBB 1 24]       1385     r            5612                                                                         
   clk                        Clock net     2          (fanout=388)      -2324                     -                                                                         
   clk                        CLOCK-PORT    -                     -    capture     r            3288                                                                         
   ----------------------------------------------------------------------------------------------------------------------------------------------------------------------------


Path 84:
   Slack (not met):                         -1437ps
     Path type:                               SETUP
     Group:                              <UDEF_clk>
     Launching clock:                           clk (rising edge)
     Capturing clock:                           clk (rising edge)

     Requested period:                       2000ps
   + Delay of the capturing clock:           2324ps
   - Clock uncertainty:                       150ps
   = Required time:                          4174ps
   - Propagation time:                       3290ps (64.7% logic, 35.3% route, logic stage 1)
   - Delay of the launching clock:           2321ps
   = Slack:                                 -1437ps

   Instance/Pin or Net Name   Type         ID    Location or Fanout   Delay(ps)  Edge  Arrival Time(ps)    Instance detail                                                     
   ------------------------------------------------------------------------------------------------------------------------------------------------------------------------------
   clk                        CLOCK-PORT    -                     -     launch     r               0                                                                           
   clk                        Clock net     2          (fanout=388)       2321                     -                                                                           
   RBB_12/CLK                 RBB_6L       12  [TILE 0 0, RBB 1 26]          -     r            2321                                                                           
   ------------------------------------------------------------------------------------------------------------------------------------------------------------------------------
   RBB_12/DQ                  RBB_6L       12  [TILE 0 0, RBB 1 26]        800     r            3121     {inst17: por_FDRE_Q_3 (FDE,site=dff)}                                 
   por[0]                     Net          24            (fanout=1)       1162                     -                                                                           
   RBB_6/A1                   RBB_6L        6  [TILE 0 0, RBB 1 24]          -     r            4283     {inst12: por_CARRY4_S (CARRY4)} {inst15: por_FDRE_Q_1 (FDE,site=cff)} 
   ------------------------------------------------------------------------------------------------------------------------------------------------------------------------------
   RBB_6/CLK                  RBB_6L        6  [TILE 0 0, RBB 1 24]       1328     r            5611                                                                           
   clk                        Clock net     2          (fanout=388)      -2324                     -                                                                           
   clk                        CLOCK-PORT    -                     -    capture     r            3287                                                                           
   ------------------------------------------------------------------------------------------------------------------------------------------------------------------------------


Path 124:
   Slack (not met):                         -1412ps
     Path type:                               SETUP
     Group:                              <UDEF_clk>
     Launching clock:                           clk (rising edge)
     Capturing clock:                           clk (rising edge)

     Requested period:                       2000ps
   + Delay of the capturing clock:           2311ps
   - Clock uncertainty:                       150ps
   = Required time:                          4161ps
   - Propagation time:                       3262ps (67.1% logic, 32.9% route, logic stage 1)
   - Delay of the launching clock:           2311ps
   = Slack:                                 -1412ps

   Instance/Pin or Net Name   Type         ID    Location or Fanout   Delay(ps)  Edge  Arrival Time(ps)    Instance detail                                                                                             
   ----------------------------------------------------------------------------------------------------------------------------------------------------------------------------------------------------------------------
   clk                        CLOCK-PORT    -                     -     launch     r               0                                                                                                                   
   clk                        Clock net     2          (fanout=388)       2311                     -                                                                                                                   
   RBB_15/CLK                 RBB_6L       15  [TILE 0 0, RBB 4 22]          -     r            2311                                                                                                                   
   ----------------------------------------------------------------------------------------------------------------------------------------------------------------------------------------------------------------------
   RBB_15/BQ                  RBB_6L       15  [TILE 0 0, RBB 4 22]        800     r            3111     {inst67: u_spi.rx_shift_FDCE_Q_4 (FDCE,site=bff)}                                                             
   u_spi.rx_shift[2]          Net          13            (fanout=2)       1073                     -                                                                                                                   
   RBB_15/C1                  RBB_6L       15  [TILE 0 0, RBB 4 22]          -     r            4184     {inst93: u_spi.rx_shift_FDCE_Q_3_buf93_i (LUT,site=cluto)} {inst66: u_spi.rx_shift_FDCE_Q_3 (FDCE,site=cffo)} 
   ----------------------------------------------------------------------------------------------------------------------------------------------------------------------------------------------------------------------
   RBB_15/CLK                 RBB_6L       15  [TILE 0 0, RBB 4 22]       1389     r            5573                                                                                                                   
   clk                        Clock net     2          (fanout=388)      -2311                     -                                                                                                                   
   clk                        CLOCK-PORT    -                     -    capture     r            3262                                                                                                                   
   ----------------------------------------------------------------------------------------------------------------------------------------------------------------------------------------------------------------------


Path 110:
   Slack (not met):                         -1404ps
     Path type:                               SETUP
     Group:                              <UDEF_clk>
     Launching clock:                           clk (rising edge)
     Capturing clock:                           clk (rising edge)

     Requested period:                       2000ps
   + Delay of the capturing clock:           2347ps
   - Clock uncertainty:                       150ps
   = Required time:                          4197ps
   - Propagation time:                       3246ps (44.6% logic, 55.4% route, logic stage 1)
   - Delay of the launching clock:           2355ps
   = Slack:                                 -1404ps

   Instance/Pin or Net Name   Type         ID     Location or Fanout   Delay(ps)  Edge  Arrival Time(ps)    Instance detail                                                                                                                                                                
   ------------------------------------------------------------------------------------------------------------------------------------------------------------------------------------------------------------------------------------------------------------------------------------------
   clk                        CLOCK-PORT    -                      -     launch     r               0                                                                                                                                                                                      
   clk                        Clock net     2           (fanout=388)       2355                     -                                                                                                                                                                                      
   RBB_16/CLK                 RBB_6L       16  [TILE 0 0, RBB 10 24]          -     r            2355                                                                                                                                                                                      
   ------------------------------------------------------------------------------------------------------------------------------------------------------------------------------------------------------------------------------------------------------------------------------------------
   RBB_16/DQ                  RBB_6L       16  [TILE 0 0, RBB 10 24]        800     r            3155     {inst69: u_spi.rx_shift_FDCE_Q_6 (FDCE,site=dff)}                                                                                                                                
   u_spi.rx_shift[0]          Net          11             (fanout=2)       1798                     -                                                                                                                                                                                      
   RBB_9/D6                   RBB_6L        9  [TILE 0 0, RBB 19 22]          -     r            4953     {inst40: spi_miso_FDCE_Q_D_LUT6_O_I0_FDCE_Q_D_LUT6_O_I0_FDCE_Q_D_LUT6_O_I0_FDCE_Q_D_LUT6_O_I0_FDCE_Q_D_LUT6_O_I0_FDCE_Q_D_LUT6_O_I0_FDCE_Q_D_LUT6_O_I0_FDCE_Q_1 (FDCE,site=dff)} 
   ------------------------------------------------------------------------------------------------------------------------------------------------------------------------------------------------------------------------------------------------------------------------------------------
   RBB_9/CLK                  RBB_6L        9  [TILE 0 0, RBB 19 22]        648     r            5601                                                                                                                                                                                      
   clk                        Clock net     2           (fanout=388)      -2347                     -                                                                                                                                                                                      
   clk                        CLOCK-PORT    -                      -    capture     r            3254                                                                                                                                                                                      
   ------------------------------------------------------------------------------------------------------------------------------------------------------------------------------------------------------------------------------------------------------------------------------------------


Path 108:
   Slack (not met):                         -1393ps
     Path type:                               SETUP
     Group:                              <UDEF_clk>
     Launching clock:                           clk (rising edge)
     Capturing clock:                           clk (rising edge)

     Requested period:                       2000ps
   + Delay of the capturing clock:           2295ps
   - Clock uncertainty:                       150ps
   = Required time:                          4145ps
   - Propagation time:                       3227ps (44.4% logic, 55.6% route, logic stage 1)
   - Delay of the launching clock:           2311ps
   = Slack:                                 -1393ps

   Instance/Pin or Net Name   Type         ID     Location or Fanout   Delay(ps)  Edge  Arrival Time(ps)    Instance detail                                                                                                                                                                                                                                                                                                                    
   ----------------------------------------------------------------------------------------------------------------------------------------------------------------------------------------------------------------------------------------------------------------------------------------------------------------------------------------------------------------------------------------------------------------------------------------------
   clk                        CLOCK-PORT    -                      -     launch     r               0                                                                                                                                                                                                                                                                                                                                          
   clk                        Clock net     2           (fanout=388)       2311                     -                                                                                                                                                                                                                                                                                                                                          
   RBB_15/CLK                 RBB_6L       15   [TILE 0 0, RBB 4 22]          -     r            2311                                                                                                                                                                                                                                                                                                                                          
   ----------------------------------------------------------------------------------------------------------------------------------------------------------------------------------------------------------------------------------------------------------------------------------------------------------------------------------------------------------------------------------------------------------------------------------------------
   RBB_15/AQ                  RBB_6L       15   [TILE 0 0, RBB 4 22]        800     r            3111     {inst68: u_spi.rx_shift_FDCE_Q_5 (FDCE,site=aff)}                                                                                                                                                                                                                                                                                    
   u_spi.rx_shift[1]          Net          12             (fanout=2)       1795                     -                                                                                                                                                                                                                                                                                                                                          
   RBB_8/A1                   RBB_6L        8  [TILE 0 0, RBB 10 26]          -     r            4906     {inst90: spi_miso_FDCE_Q_D_LUT6_O_I0_FDCE_Q_D_LUT6_O_I0_FDCE_Q_D_LUT6_O_I0_FDCE_Q_D_LUT6_O_I0_FDCE_Q_D_LUT6_O_I0_FDCE_Q_D_LUT6_O_I0_FDCE_Q_1_buf90_i (LUT,site=aluto)} {inst37: spi_miso_FDCE_Q_D_LUT6_O_I0_FDCE_Q_D_LUT6_O_I0_FDCE_Q_D_LUT6_O_I0_FDCE_Q_D_LUT6_O_I0_FDCE_Q_D_LUT6_O_I0_FDCE_Q_D_LUT6_O_I0_FDCE_Q_1 (FDCE,site=aff)} 
   ----------------------------------------------------------------------------------------------------------------------------------------------------------------------------------------------------------------------------------------------------------------------------------------------------------------------------------------------------------------------------------------------------------------------------------------------
   RBB_8/CLK                  RBB_6L        8  [TILE 0 0, RBB 10 26]        632     r            5538                                                                                                                                                                                                                                                                                                                                          
   clk                        Clock net     2           (fanout=388)      -2295                     -                                                                                                                                                                                                                                                                                                                                          
   clk                        CLOCK-PORT    -                      -    capture     r            3243                                                                                                                                                                                                                                                                                                                                          
   ----------------------------------------------------------------------------------------------------------------------------------------------------------------------------------------------------------------------------------------------------------------------------------------------------------------------------------------------------------------------------------------------------------------------------------------------


Path 115:
   Slack (not met):                         -1385ps
     Path type:                               SETUP
     Group:                              <UDEF_clk>
     Launching clock:                           clk (rising edge)
     Capturing clock:                           clk (rising edge)

     Requested period:                       2000ps
   + Delay of the capturing clock:           2311ps
   - Clock uncertainty:                       150ps
   = Required time:                          4161ps
   - Propagation time:                       3235ps (82.9% logic, 17.1% route, logic stage 1)
   - Delay of the launching clock:           2311ps
   = Slack:                                 -1385ps

   Instance/Pin or Net Name   Type         ID    Location or Fanout   Delay(ps)  Edge  Arrival Time(ps)    Instance detail                                                                                             
   ----------------------------------------------------------------------------------------------------------------------------------------------------------------------------------------------------------------------
   clk                        CLOCK-PORT    -                     -     launch     r               0                                                                                                                   
   clk                        Clock net     2          (fanout=388)       2311                     -                                                                                                                   
   RBB_15/CLK                 RBB_6L       15  [TILE 0 0, RBB 4 22]          -     r            2311                                                                                                                   
   ----------------------------------------------------------------------------------------------------------------------------------------------------------------------------------------------------------------------
   RBB_15/CMUX                RBB_6L       15  [TILE 0 0, RBB 4 22]       1416     r            3727     {inst66: u_spi.rx_shift_FDCE_Q_3 (FDCE,site=cffo)}                                                            
   u_spi.rx_shift[3]          Net          14            (fanout=2)        552                     -                                                                                                                   
   RBB_15/D1                  RBB_6L       15  [TILE 0 0, RBB 4 22]          -     r            4279     {inst92: u_spi.rx_shift_FDCE_Q_2_buf92_i (LUT,site=dluto)} {inst65: u_spi.rx_shift_FDCE_Q_2 (FDCE,site=dffo)} 
   ----------------------------------------------------------------------------------------------------------------------------------------------------------------------------------------------------------------------
   RBB_15/CLK                 RBB_6L       15  [TILE 0 0, RBB 4 22]       1267     r            5546                                                                                                                   
   clk                        Clock net     2          (fanout=388)      -2311                     -                                                                                                                   
   clk                        CLOCK-PORT    -                     -    capture     r            3235                                                                                                                   
   ----------------------------------------------------------------------------------------------------------------------------------------------------------------------------------------------------------------------


Path 113:
   Slack (not met):                         -1360ps
     Path type:                               SETUP
     Group:                              <UDEF_clk>
     Launching clock:                           clk (rising edge)
     Capturing clock:                           clk (rising edge)

     Requested period:                       2000ps
   + Delay of the capturing clock:           2295ps
   - Clock uncertainty:                       150ps
   = Required time:                          4145ps
   - Propagation time:                       3194ps (41.3% logic, 58.7% route, logic stage 1)
   - Delay of the launching clock:           2311ps
   = Slack:                                 -1360ps

   Instance/Pin or Net Name   Type         ID     Location or Fanout   Delay(ps)  Edge  Arrival Time(ps)    Instance detail                                                                 
   -------------------------------------------------------------------------------------------------------------------------------------------------------------------------------------------
   clk                        CLOCK-PORT    -                      -     launch     r               0                                                                                       
   clk                        Clock net     2           (fanout=388)       2311                     -                                                                                       
   RBB_15/CLK                 RBB_6L       15   [TILE 0 0, RBB 4 22]          -     r            2311                                                                                       
   -------------------------------------------------------------------------------------------------------------------------------------------------------------------------------------------
   RBB_15/CQ                  RBB_6L       15   [TILE 0 0, RBB 4 22]        800     r            3111     {inst64: u_spi.rx_shift_FDCE_Q_1 (FDCE,site=cff)}                                 
   u_spi.rx_shift[5]          Net          16             (fanout=2)       1876                     -                                                                                       
   RBB_8/C6                   RBB_6L        8  [TILE 0 0, RBB 10 26]          -     r            4987     {inst25: spi_miso_FDCE_Q_D_LUT6_O_I0_FDCE_Q_D_LUT6_O_I0_FDCE_Q_1 (FDCE,site=cff)} 
   -------------------------------------------------------------------------------------------------------------------------------------------------------------------------------------------
   RBB_8/CLK                  RBB_6L        8  [TILE 0 0, RBB 10 26]        518     r            5505                                                                                       
   clk                        Clock net     2           (fanout=388)      -2295                     -                                                                                       
   clk                        CLOCK-PORT    -                      -    capture     r            3210                                                                                       
   -------------------------------------------------------------------------------------------------------------------------------------------------------------------------------------------


Path 81:
   Slack (not met):                         -1355ps
     Path type:                               SETUP
     Group:                              <UDEF_clk>
     Launching clock:                           clk (rising edge)
     Capturing clock:                           clk (rising edge)

     Requested period:                       2000ps
   + Delay of the capturing clock:           2325ps
   - Clock uncertainty:                       150ps
   = Required time:                          4175ps
   - Propagation time:                       3183ps (69.5% logic, 30.5% route, logic stage 1)
   - Delay of the launching clock:           2347ps
   = Slack:                                 -1355ps

   Instance/Pin or Net Name   Type         ID     Location or Fanout   Delay(ps)  Edge  Arrival Time(ps)    Instance detail                                                                                               
   -------------------------------------------------------------------------------------------------------------------------------------------------------------------------------------------------------------------------
   clk                        CLOCK-PORT    -                      -     launch     r               0                                                                                                                     
   clk                        Clock net     2           (fanout=388)       2347                     -                                                                                                                     
   RBB_10/CLK                 RBB_6L       10  [TILE 0 0, RBB 19 20]          -     r            2347                                                                                                                     
   -------------------------------------------------------------------------------------------------------------------------------------------------------------------------------------------------------------------------
   RBB_10/BMUX                RBB_6L       10  [TILE 0 0, RBB 19 20]       1350     r            3697     {inst59: u_spi.r_ss_n_sync_FDPE_Q (FDP,site=bffo)}                                                              
   u_spi.r_ss_n_sync[1]       Net           7             (fanout=5)        972                     -                                                                                                                     
   RBB_11/D2                  RBB_6L       11  [TILE 0 0, RBB 22 18]          -     r            4669     {inst61: u_spi.r_ss_n_sync_LUT3_I1 (LUT,site=dlut)} {inst62: u_spi.r_ss_n_sync_LUT3_I1_O_FDCE_D (FDC,site=dff)} 
   -------------------------------------------------------------------------------------------------------------------------------------------------------------------------------------------------------------------------
   RBB_11/CLK                 RBB_6L       11  [TILE 0 0, RBB 22 18]        861     r            5530                                                                                                                     
   clk                        Clock net     2           (fanout=388)      -2325                     -                                                                                                                     
   clk                        CLOCK-PORT    -                      -    capture     r            3205                                                                                                                     
   -------------------------------------------------------------------------------------------------------------------------------------------------------------------------------------------------------------------------


Path 85:
   Slack (not met):                         -1324ps
     Path type:                               SETUP
     Group:                              <UDEF_clk>
     Launching clock:                           clk (rising edge)
     Capturing clock:                           clk (rising edge)

     Requested period:                       2000ps
   + Delay of the capturing clock:           2324ps
   - Clock uncertainty:                       150ps
   = Required time:                          4174ps
   - Propagation time:                       3177ps (63.4% logic, 36.6% route, logic stage 1)
   - Delay of the launching clock:           2321ps
   = Slack:                                 -1324ps

   Instance/Pin or Net Name   Type         ID    Location or Fanout   Delay(ps)  Edge  Arrival Time(ps)    Instance detail                                                     
   ------------------------------------------------------------------------------------------------------------------------------------------------------------------------------
   clk                        CLOCK-PORT    -                     -     launch     r               0                                                                           
   clk                        Clock net     2          (fanout=388)       2321                     -                                                                           
   RBB_12/CLK                 RBB_6L       12  [TILE 0 0, RBB 1 26]          -     r            2321                                                                           
   ------------------------------------------------------------------------------------------------------------------------------------------------------------------------------
   RBB_12/DQ                  RBB_6L       12  [TILE 0 0, RBB 1 26]        800     r            3121     {inst17: por_FDRE_Q_3 (FDE,site=dff)}                                 
   por[0]                     Net          24            (fanout=1)       1162                     -                                                                           
   RBB_6/A1                   RBB_6L        6  [TILE 0 0, RBB 1 24]          -     r            4283     {inst12: por_CARRY4_S (CARRY4)} {inst16: por_FDRE_Q_2 (FDE,site=bff)} 
   ------------------------------------------------------------------------------------------------------------------------------------------------------------------------------
   RBB_6/CLK                  RBB_6L        6  [TILE 0 0, RBB 1 24]       1215     r            5498                                                                           
   clk                        Clock net     2          (fanout=388)      -2324                     -                                                                           
   clk                        CLOCK-PORT    -                     -    capture     r            3174                                                                           
   ------------------------------------------------------------------------------------------------------------------------------------------------------------------------------


Path 112:
   Slack (not met):                         -1245ps
     Path type:                               SETUP
     Group:                              <UDEF_clk>
     Launching clock:                           clk (rising edge)
     Capturing clock:                           clk (rising edge)

     Requested period:                       2000ps
   + Delay of the capturing clock:           2295ps
   - Clock uncertainty:                       150ps
   = Required time:                          4145ps
   - Propagation time:                       3079ps (44.7% logic, 55.3% route, logic stage 1)
   - Delay of the launching clock:           2311ps
   = Slack:                                 -1245ps

   Instance/Pin or Net Name   Type         ID     Location or Fanout   Delay(ps)  Edge  Arrival Time(ps)    Instance detail                                                                                                                                                                                                                                                                              
   --------------------------------------------------------------------------------------------------------------------------------------------------------------------------------------------------------------------------------------------------------------------------------------------------------------------------------------------------------------------------------------------------------
   clk                        CLOCK-PORT    -                      -     launch     r               0                                                                                                                                                                                                                                                                                                    
   clk                        Clock net     2           (fanout=388)       2311                     -                                                                                                                                                                                                                                                                                                    
   RBB_15/CLK                 RBB_6L       15   [TILE 0 0, RBB 4 22]          -     r            2311                                                                                                                                                                                                                                                                                                    
   --------------------------------------------------------------------------------------------------------------------------------------------------------------------------------------------------------------------------------------------------------------------------------------------------------------------------------------------------------------------------------------------------------
   RBB_15/BQ                  RBB_6L       15   [TILE 0 0, RBB 4 22]        800     r            3111     {inst67: u_spi.rx_shift_FDCE_Q_4 (FDCE,site=bff)}                                                                                                                                                                                                                                              
   u_spi.rx_shift[2]          Net          13             (fanout=2)       1702                     -                                                                                                                                                                                                                                                                                                    
   RBB_8/B1                   RBB_6L        8  [TILE 0 0, RBB 10 26]          -     r            4813     {inst89: spi_miso_FDCE_Q_D_LUT6_O_I0_FDCE_Q_D_LUT6_O_I0_FDCE_Q_D_LUT6_O_I0_FDCE_Q_D_LUT6_O_I0_FDCE_Q_D_LUT6_O_I0_FDCE_Q_1_buf89_i (LUT,site=bluto)} {inst34: spi_miso_FDCE_Q_D_LUT6_O_I0_FDCE_Q_D_LUT6_O_I0_FDCE_Q_D_LUT6_O_I0_FDCE_Q_D_LUT6_O_I0_FDCE_Q_D_LUT6_O_I0_FDCE_Q_1 (FDCE,site=bff)} 
   --------------------------------------------------------------------------------------------------------------------------------------------------------------------------------------------------------------------------------------------------------------------------------------------------------------------------------------------------------------------------------------------------------
   RBB_8/CLK                  RBB_6L        8  [TILE 0 0, RBB 10 26]        577     r            5390                                                                                                                                                                                                                                                                                                    
   clk                        Clock net     2           (fanout=388)      -2295                     -                                                                                                                                                                                                                                                                                                    
   clk                        CLOCK-PORT    -                      -    capture     r            3095                                                                                                                                                                                                                                                                                                    
   --------------------------------------------------------------------------------------------------------------------------------------------------------------------------------------------------------------------------------------------------------------------------------------------------------------------------------------------------------------------------------------------------------


Path 117:
   Slack (not met):                         -1242ps
     Path type:                               SETUP
     Group:                              <UDEF_clk>
     Launching clock:                           clk (rising edge)
     Capturing clock:                           clk (rising edge)

     Requested period:                       2000ps
   + Delay of the capturing clock:           2347ps
   - Clock uncertainty:                       150ps
   = Required time:                          4197ps
   - Propagation time:                       3092ps (70.6% logic, 29.4% route, logic stage 1)
   - Delay of the launching clock:           2347ps
   = Slack:                                 -1242ps

   Instance/Pin or Net Name   Type         ID     Location or Fanout   Delay(ps)  Edge  Arrival Time(ps)    Instance detail                                    
   --------------------------------------------------------------------------------------------------------------------------------------------------------------
   clk                        CLOCK-PORT    -                      -     launch     r               0                                                          
   clk                        Clock net     2           (fanout=388)       2347                     -                                                          
   RBB_10/CLK                 RBB_6L       10  [TILE 0 0, RBB 19 20]          -     r            2347                                                          
   --------------------------------------------------------------------------------------------------------------------------------------------------------------
   RBB_10/BMUX                RBB_6L       10  [TILE 0 0, RBB 19 20]       1350     r            3697     {inst59: u_spi.r_ss_n_sync_FDPE_Q (FDP,site=bffo)}   
   u_spi.r_ss_n_sync[1]       Net           7             (fanout=5)        909                     -                                                          
   RBB_10/D6                  RBB_6L       10  [TILE 0 0, RBB 19 20]          -     r            4606     {inst43: spi_miso_en_INV_O_I_FDPE_Q (FDP,site=dffo)} 
   --------------------------------------------------------------------------------------------------------------------------------------------------------------
   RBB_10/CLK                 RBB_6L       10  [TILE 0 0, RBB 19 20]        833     r            5439                                                          
   clk                        Clock net     2           (fanout=388)      -2347                     -                                                          
   clk                        CLOCK-PORT    -                      -    capture     r            3092                                                          
   --------------------------------------------------------------------------------------------------------------------------------------------------------------


Path 130:
   Slack (not met):                         -1228ps
     Path type:                               SETUP
     Group:                              <UDEF_clk>
     Launching clock:                           clk (rising edge)
     Capturing clock:                           clk (rising edge)

     Requested period:                       2000ps
   + Delay of the capturing clock:           2325ps
   - Clock uncertainty:                       150ps
   = Required time:                          4175ps
   - Propagation time:                       3078ps (53.1% logic, 46.9% route, logic stage 1)
   - Delay of the launching clock:           2325ps
   = Slack:                                 -1228ps

   Instance/Pin or Net Name              Type         ID     Location or Fanout   Delay(ps)  Edge  Arrival Time(ps)    Instance detail                                                                                               
   ------------------------------------------------------------------------------------------------------------------------------------------------------------------------------------------------------------------------------------
   clk                                   CLOCK-PORT    -                      -     launch     r               0                                                                                                                     
   clk                                   Clock net     2           (fanout=388)       2325                     -                                                                                                                     
   RBB_11/CLK                            RBB_6L       11  [TILE 0 0, RBB 22 18]          -     r            2325                                                                                                                     
   ------------------------------------------------------------------------------------------------------------------------------------------------------------------------------------------------------------------------------------
   RBB_11/DQ                             RBB_6L       11  [TILE 0 0, RBB 22 18]        800     r            3125     {inst62: u_spi.r_ss_n_sync_LUT3_I1_O_FDCE_D (FDC,site=dff)}                                                     
   u_spi.r_ss_n_sync_LUT3_I1_O_FDCE_D_Q  Net          56            (fanout=10)       1444                     -                                                                                                                     
   RBB_11/D3                             RBB_6L       11  [TILE 0 0, RBB 22 18]          -     r            4569     {inst61: u_spi.r_ss_n_sync_LUT3_I1 (LUT,site=dlut)} {inst62: u_spi.r_ss_n_sync_LUT3_I1_O_FDCE_D (FDC,site=dff)} 
   ------------------------------------------------------------------------------------------------------------------------------------------------------------------------------------------------------------------------------------
   RBB_11/CLK                            RBB_6L       11  [TILE 0 0, RBB 22 18]        834     r            5403                                                                                                                     
   clk                                   Clock net     2           (fanout=388)      -2325                     -                                                                                                                     
   clk                                   CLOCK-PORT    -                      -    capture     r            3078                                                                                                                     
   ------------------------------------------------------------------------------------------------------------------------------------------------------------------------------------------------------------------------------------


Path 114:
   Slack (not met):                         -1214ps
     Path type:                               SETUP
     Group:                              <UDEF_clk>
     Launching clock:                           clk (rising edge)
     Capturing clock:                           clk (rising edge)

     Requested period:                       2000ps
   + Delay of the capturing clock:           2347ps
   - Clock uncertainty:                       150ps
   = Required time:                          4197ps
   - Propagation time:                       3064ps (81.8% logic, 18.2% route, logic stage 1)
   - Delay of the launching clock:           2347ps
   = Slack:                                 -1214ps

   Instance/Pin or Net Name   Type         ID     Location or Fanout   Delay(ps)  Edge  Arrival Time(ps)    Instance detail                                                                                                                
   ------------------------------------------------------------------------------------------------------------------------------------------------------------------------------------------------------------------------------------------
   clk                        CLOCK-PORT    -                      -     launch     r               0                                                                                                                                      
   clk                        Clock net     2           (fanout=388)       2347                     -                                                                                                                                      
   RBB_10/CLK                 RBB_6L       10  [TILE 0 0, RBB 19 20]          -     r            2347                                                                                                                                      
   ------------------------------------------------------------------------------------------------------------------------------------------------------------------------------------------------------------------------------------------
   RBB_10/CMUX                RBB_6L       10  [TILE 0 0, RBB 19 20]       1380     r            3727     {inst57: u_spi.r_sck_sync_FDCE_Q (FDC,site=cffo)}                                                                                
   u_spi.r_sck_sync[1]        Net           9             (fanout=3)        558                     -                                                                                                                                      
   RBB_10/A3                  RBB_6L       10  [TILE 0 0, RBB 19 20]          -     r            4285     {inst91: u_spi.w_sck_edge_LUT2_O_I0_FDCE_Q_buf91_i (LUT,site=aluto)} {inst71: u_spi.w_sck_edge_LUT2_O_I0_FDCE_Q (FDC,site=affo)} 
   ------------------------------------------------------------------------------------------------------------------------------------------------------------------------------------------------------------------------------------------
   RBB_10/CLK                 RBB_6L       10  [TILE 0 0, RBB 19 20]       1126     r            5411                                                                                                                                      
   clk                        Clock net     2           (fanout=388)      -2347                     -                                                                                                                                      
   clk                        CLOCK-PORT    -                      -    capture     r            3064                                                                                                                                      
   ------------------------------------------------------------------------------------------------------------------------------------------------------------------------------------------------------------------------------------------


Path 129:
   Slack (not met):                         -1204ps
     Path type:                               SETUP
     Group:                              <UDEF_clk>
     Launching clock:                           clk (rising edge)
     Capturing clock:                           clk (rising edge)

     Requested period:                       2000ps
   + Delay of the capturing clock:           2347ps
   - Clock uncertainty:                       150ps
   = Required time:                          4197ps
   - Propagation time:                       3054ps (53.2% logic, 46.8% route, logic stage 1)
   - Delay of the launching clock:           2347ps
   = Slack:                                 -1204ps

   Instance/Pin or Net Name                                                 Type         ID     Location or Fanout   Delay(ps)  Edge  Arrival Time(ps)    Instance detail                                                                                                                          
   --------------------------------------------------------------------------------------------------------------------------------------------------------------------------------------------------------------------------------------------------------------------------------------------------
   clk                                                                      CLOCK-PORT    -                      -     launch     r               0                                                                                                                                                
   clk                                                                      Clock net     2           (fanout=388)       2347                     -                                                                                                                                                
   RBB_10/CLK                                                               RBB_6L       10  [TILE 0 0, RBB 19 20]          -     r            2347                                                                                                                                                
   --------------------------------------------------------------------------------------------------------------------------------------------------------------------------------------------------------------------------------------------------------------------------------------------------
   RBB_10/BQ                                                                RBB_6L       10  [TILE 0 0, RBB 19 20]        800     r            3147     {inst52: spi_mosi_FDCE_D_Q_FDCE_Q_D_LUT4_O_I3_CARRY4_O_O_1_LUT4_I3_O_FDCE_D (FDC,site=bff)}                                                
   spi_mosi_FDCE_D_Q_FDCE_Q_D_LUT4_O_I3_CARRY4_O_O_1_LUT4_I3_O_FDCE_D_Q[0]  Net          51             (fanout=5)       1430                     -                                                                                                                                                
   RBB_10/A4                                                                RBB_6L       10  [TILE 0 0, RBB 19 20]          -     r            4577     {inst48: spi_mosi_FDCE_D_Q_FDCE_Q_D_LUT4_O_I3_CARRY4_O_CO_2_LUT4_I2 (LUT,site=alut)} {inst56: u_spi.o_rx_data_valid_FDCE_Q (FDC,site=aff)} 
   --------------------------------------------------------------------------------------------------------------------------------------------------------------------------------------------------------------------------------------------------------------------------------------------------
   RBB_10/CLK                                                               RBB_6L       10  [TILE 0 0, RBB 19 20]        824     r            5401                                                                                                                                                
   clk                                                                      Clock net     2           (fanout=388)      -2347                     -                                                                                                                                                
   clk                                                                      CLOCK-PORT    -                      -    capture     r            3054                                                                                                                                                
   --------------------------------------------------------------------------------------------------------------------------------------------------------------------------------------------------------------------------------------------------------------------------------------------------


Path 138:
   Slack (not met):                         -1202ps
     Path type:                               SETUP
     Group:                              <UDEF_clk>
     Launching clock:                           clk (rising edge)
     Capturing clock:                           clk (rising edge)

     Requested period:                       2000ps
   + Delay of the capturing clock:           2347ps
   - Clock uncertainty:                       150ps
   = Required time:                          4197ps
   - Propagation time:                       3052ps (53.5% logic, 46.5% route, logic stage 1)
   - Delay of the launching clock:           2347ps
   = Slack:                                 -1202ps

   Instance/Pin or Net Name                                                 Type         ID     Location or Fanout   Delay(ps)  Edge  Arrival Time(ps)    Instance detail                                                                                                                                                               
   ---------------------------------------------------------------------------------------------------------------------------------------------------------------------------------------------------------------------------------------------------------------------------------------------------------------------------------------
   clk                                                                      CLOCK-PORT    -                      -     launch     r               0                                                                                                                                                                                     
   clk                                                                      Clock net     2           (fanout=388)       2347                     -                                                                                                                                                                                     
   RBB_10/CLK                                                               RBB_6L       10  [TILE 0 0, RBB 19 20]          -     r            2347                                                                                                                                                                                     
   ---------------------------------------------------------------------------------------------------------------------------------------------------------------------------------------------------------------------------------------------------------------------------------------------------------------------------------------
   RBB_10/BQ                                                                RBB_6L       10  [TILE 0 0, RBB 19 20]        800     r            3147     {inst52: spi_mosi_FDCE_D_Q_FDCE_Q_D_LUT4_O_I3_CARRY4_O_O_1_LUT4_I3_O_FDCE_D (FDC,site=bff)}                                                                                     
   spi_mosi_FDCE_D_Q_FDCE_Q_D_LUT4_O_I3_CARRY4_O_O_1_LUT4_I3_O_FDCE_D_Q[0]  Net          51             (fanout=5)       1420                     -                                                                                                                                                                                     
   RBB_10/B4                                                                RBB_6L       10  [TILE 0 0, RBB 19 20]          -     r            4567     {inst51: spi_mosi_FDCE_D_Q_FDCE_Q_D_LUT4_O_I3_CARRY4_O_O_1_LUT4_I3 (LUT,site=blut)} {inst52: spi_mosi_FDCE_D_Q_FDCE_Q_D_LUT4_O_I3_CARRY4_O_O_1_LUT4_I3_O_FDCE_D (FDC,site=bff)} 
   ---------------------------------------------------------------------------------------------------------------------------------------------------------------------------------------------------------------------------------------------------------------------------------------------------------------------------------------
   RBB_10/CLK                                                               RBB_6L       10  [TILE 0 0, RBB 19 20]        832     r            5399                                                                                                                                                                                     
   clk                                                                      Clock net     2           (fanout=388)      -2347                     -                                                                                                                                                                                     
   clk                                                                      CLOCK-PORT    -                      -    capture     r            3052                                                                                                                                                                                     
   ---------------------------------------------------------------------------------------------------------------------------------------------------------------------------------------------------------------------------------------------------------------------------------------------------------------------------------------


Path 134:
   Slack (not met):                         -1200ps
     Path type:                               SETUP
     Group:                              <UDEF_clk>
     Launching clock:                           clk (rising edge)
     Capturing clock:                           clk (rising edge)

     Requested period:                       2000ps
   + Delay of the capturing clock:           2302ps
   - Clock uncertainty:                       150ps
   = Required time:                          4152ps
   - Propagation time:                       3050ps (53.5% logic, 46.5% route, logic stage 1)
   - Delay of the launching clock:           2302ps
   = Slack:                                 -1200ps

   Instance/Pin or Net Name                                              Type         ID    Location or Fanout   Delay(ps)  Edge  Arrival Time(ps)    Instance detail                                                                                                                                                              
   ----------------------------------------------------------------------------------------------------------------------------------------------------------------------------------------------------------------------------------------------------------------------------------------------------------------------------------
   clk                                                                   CLOCK-PORT    -                     -     launch     r               0                                                                                                                                                                                    
   clk                                                                   Clock net     2          (fanout=388)       2302                     -                                                                                                                                                                                    
   RBB_13/CLK                                                            RBB_6L       13  [TILE 0 0, RBB 7 26]          -     r            2302                                                                                                                                                                                    
   ----------------------------------------------------------------------------------------------------------------------------------------------------------------------------------------------------------------------------------------------------------------------------------------------------------------------------------
   RBB_13/BQ                                                             RBB_6L       13  [TILE 0 0, RBB 7 26]        800     r            3102     {inst27: spi_miso_FDCE_Q_D_LUT6_O_I0_FDCE_Q_D_LUT6_O_I0_FDCE_Q_D_LUT6_O_I0_FDCE_Q (FDCE,site=bff)}                                                                             
   spi_miso_FDCE_Q_D_LUT6_O_I0_FDCE_Q_D_LUT6_O_I0_FDCE_Q_D_LUT6_O_I0[0]  Net          68            (fanout=1)       1418                     -                                                                                                                                                                                    
   RBB_13/C1                                                             RBB_6L       13  [TILE 0 0, RBB 7 26]          -     r            4520     {inst26: spi_miso_FDCE_Q_D_LUT6_O_I0_FDCE_Q_D_LUT6_O_I0_FDCE_Q_D_LUT6_O (LUT,site=clut,cluto)} {inst24: spi_miso_FDCE_Q_D_LUT6_O_I0_FDCE_Q_D_LUT6_O_I0_FDCE_Q (FDCE,site=cff)} 
   ----------------------------------------------------------------------------------------------------------------------------------------------------------------------------------------------------------------------------------------------------------------------------------------------------------------------------------
   RBB_13/CLK                                                            RBB_6L       13  [TILE 0 0, RBB 7 26]        832     r            5352                                                                                                                                                                                    
   clk                                                                   Clock net     2          (fanout=388)      -2302                     -                                                                                                                                                                                    
   clk                                                                   CLOCK-PORT    -                     -    capture     r            3050                                                                                                                                                                                    
   ----------------------------------------------------------------------------------------------------------------------------------------------------------------------------------------------------------------------------------------------------------------------------------------------------------------------------------


Path 92:
   Slack (not met):                         -1195ps
     Path type:                               SETUP
     Group:                              <UDEF_clk>
     Launching clock:                           clk (rising edge)
     Capturing clock:                           clk (rising edge)

     Requested period:                       2000ps
   + Delay of the capturing clock:           2302ps
   - Clock uncertainty:                       150ps
   = Required time:                          4152ps
   - Propagation time:                       3052ps (55.7% logic, 44.3% route, logic stage 1)
   - Delay of the launching clock:           2295ps
   = Slack:                                 -1195ps

   Instance/Pin or Net Name                           Type         ID     Location or Fanout   Delay(ps)  Edge  Arrival Time(ps)    Instance detail                                                                                                                        
   --------------------------------------------------------------------------------------------------------------------------------------------------------------------------------------------------------------------------------------------------------------------------
   clk                                                CLOCK-PORT    -                      -     launch     r               0                                                                                                                                              
   clk                                                Clock net     2           (fanout=388)       2295                     -                                                                                                                                              
   RBB_8/CLK                                          RBB_6L        8  [TILE 0 0, RBB 10 26]          -     r            2295                                                                                                                                              
   --------------------------------------------------------------------------------------------------------------------------------------------------------------------------------------------------------------------------------------------------------------------------
   RBB_8/CQ                                           RBB_6L        8  [TILE 0 0, RBB 10 26]        800     r            3095     {inst25: spi_miso_FDCE_Q_D_LUT6_O_I0_FDCE_Q_D_LUT6_O_I0_FDCE_Q_1 (FDCE,site=cff)}                                                        
   spi_miso_FDCE_Q_D_LUT6_O_I0_FDCE_Q_D_LUT6_O_I0[1]  Net          58             (fanout=1)       1353                     -                                                                                                                                              
   RBB_13/D2                                          RBB_6L       13   [TILE 0 0, RBB 7 26]          -     r            4448     {inst23: spi_miso_FDCE_Q_D_LUT6_O_I0_FDCE_Q_D_LUT6_O (LUT,site=dlut,dluto)} {inst21: spi_miso_FDCE_Q_D_LUT6_O_I0_FDCE_Q (FDCE,site=dff)} 
   --------------------------------------------------------------------------------------------------------------------------------------------------------------------------------------------------------------------------------------------------------------------------
   RBB_13/CLK                                         RBB_6L       13   [TILE 0 0, RBB 7 26]        899     r            5347                                                                                                                                              
   clk                                                Clock net     2           (fanout=388)      -2302                     -                                                                                                                                              
   clk                                                CLOCK-PORT    -                      -    capture     r            3045                                                                                                                                              
   --------------------------------------------------------------------------------------------------------------------------------------------------------------------------------------------------------------------------------------------------------------------------


Path 140:
   Slack (not met):                         -1182ps
     Path type:                               SETUP
     Group:                              <UDEF_clk>
     Launching clock:                           clk (rising edge)
     Capturing clock:                           clk (rising edge)

     Requested period:                       2000ps
   + Delay of the capturing clock:           2311ps
   - Clock uncertainty:                       150ps
   = Required time:                          4161ps
   - Propagation time:                       3032ps (63.5% logic, 36.5% route, logic stage 1)
   - Delay of the launching clock:           2311ps
   = Slack:                                 -1182ps

   Instance/Pin or Net Name   Type         ID    Location or Fanout   Delay(ps)  Edge  Arrival Time(ps)    Instance detail                                                                                            
   ---------------------------------------------------------------------------------------------------------------------------------------------------------------------------------------------------------------------
   clk                        CLOCK-PORT    -                     -     launch     r               0                                                                                                                  
   clk                        Clock net     2          (fanout=388)       2311                     -                                                                                                                  
   RBB_15/CLK                 RBB_6L       15  [TILE 0 0, RBB 4 22]          -     r            2311                                                                                                                  
   ---------------------------------------------------------------------------------------------------------------------------------------------------------------------------------------------------------------------
   RBB_15/AQ                  RBB_6L       15  [TILE 0 0, RBB 4 22]        800     r            3111     {inst68: u_spi.rx_shift_FDCE_Q_5 (FDCE,site=aff)}                                                            
   u_spi.rx_shift[1]          Net          12            (fanout=2)       1107                     -                                                                                                                  
   RBB_15/B1                  RBB_6L       15  [TILE 0 0, RBB 4 22]          -     r            4218     {inst94: u_spi.rx_shift_FDCE_Q_4_buf94_i (LUT,site=bluto)} {inst67: u_spi.rx_shift_FDCE_Q_4 (FDCE,site=bff)} 
   ---------------------------------------------------------------------------------------------------------------------------------------------------------------------------------------------------------------------
   RBB_15/CLK                 RBB_6L       15  [TILE 0 0, RBB 4 22]       1125     r            5343                                                                                                                  
   clk                        Clock net     2          (fanout=388)      -2311                     -                                                                                                                  
   clk                        CLOCK-PORT    -                     -    capture     r            3032                                                                                                                  
   ---------------------------------------------------------------------------------------------------------------------------------------------------------------------------------------------------------------------


Path 135:
   Slack (not met):                         -1177ps
     Path type:                               SETUP
     Group:                              <UDEF_clk>
     Launching clock:                           clk (rising edge)
     Capturing clock:                           clk (rising edge)

     Requested period:                       2000ps
   + Delay of the capturing clock:           2347ps
   - Clock uncertainty:                       150ps
   = Required time:                          4197ps
   - Propagation time:                       3027ps (53.9% logic, 46.1% route, logic stage 1)
   - Delay of the launching clock:           2347ps
   = Slack:                                 -1177ps

   Instance/Pin or Net Name                                                 Type         ID     Location or Fanout   Delay(ps)  Edge  Arrival Time(ps)    Instance detail                                                                                                                                                                 
   -----------------------------------------------------------------------------------------------------------------------------------------------------------------------------------------------------------------------------------------------------------------------------------------------------------------------------------------
   clk                                                                      CLOCK-PORT    -                      -     launch     r               0                                                                                                                                                                                       
   clk                                                                      Clock net     2           (fanout=388)       2347                     -                                                                                                                                                                                       
   RBB_10/CLK                                                               RBB_6L       10  [TILE 0 0, RBB 19 20]          -     r            2347                                                                                                                                                                                       
   -----------------------------------------------------------------------------------------------------------------------------------------------------------------------------------------------------------------------------------------------------------------------------------------------------------------------------------------
   RBB_10/BQ                                                                RBB_6L       10  [TILE 0 0, RBB 19 20]        800     r            3147     {inst52: spi_mosi_FDCE_D_Q_FDCE_Q_D_LUT4_O_I3_CARRY4_O_O_1_LUT4_I3_O_FDCE_D (FDC,site=bff)}                                                                                       
   spi_mosi_FDCE_D_Q_FDCE_Q_D_LUT4_O_I3_CARRY4_O_O_1_LUT4_I3_O_FDCE_D_Q[0]  Net          51             (fanout=5)       1395                     -                                                                                                                                                                                       
   RBB_10/C4                                                                RBB_6L       10  [TILE 0 0, RBB 19 20]          -     r            4542     {inst49: spi_mosi_FDCE_D_Q_FDCE_Q_D_LUT4_O_I3_CARRY4_O_CO_2_LUT5_I4 (LUT,site=clut)} {inst50: spi_mosi_FDCE_D_Q_FDCE_Q_D_LUT4_O_I3_CARRY4_O_CO_2_LUT5_I4_O_FDCE_D (FDC,site=cff)} 
   -----------------------------------------------------------------------------------------------------------------------------------------------------------------------------------------------------------------------------------------------------------------------------------------------------------------------------------------
   RBB_10/CLK                                                               RBB_6L       10  [TILE 0 0, RBB 19 20]        832     r            5374                                                                                                                                                                                       
   clk                                                                      Clock net     2           (fanout=388)      -2347                     -                                                                                                                                                                                       
   clk                                                                      CLOCK-PORT    -                      -    capture     r            3027                                                                                                                                                                                       
   -----------------------------------------------------------------------------------------------------------------------------------------------------------------------------------------------------------------------------------------------------------------------------------------------------------------------------------------


Path 91:
   Slack (not met):                         -1145ps
     Path type:                               SETUP
     Group:                              <UDEF_clk>
     Launching clock:                           clk (rising edge)
     Capturing clock:                           clk (rising edge)

     Requested period:                       2000ps
   + Delay of the capturing clock:           2273ps
   - Clock uncertainty:                       150ps
   = Required time:                          4123ps
   - Propagation time:                       2943ps (57.7% logic, 42.3% route, logic stage 1)
   - Delay of the launching clock:           2325ps
   = Slack:                                 -1145ps

   Instance/Pin or Net Name              Type         ID     Location or Fanout   Delay(ps)  Edge  Arrival Time(ps)    Instance detail                                                                                                                                                                                                                                          
   -------------------------------------------------------------------------------------------------------------------------------------------------------------------------------------------------------------------------------------------------------------------------------------------------------------------------------------------------------------------------------
   clk                                   CLOCK-PORT    -                      -     launch     r               0                                                                                                                                                                                                                                                                
   clk                                   Clock net     2           (fanout=388)       2325                     -                                                                                                                                                                                                                                                                
   RBB_11/CLK                            RBB_6L       11  [TILE 0 0, RBB 22 18]          -     r            2325                                                                                                                                                                                                                                                                
   -------------------------------------------------------------------------------------------------------------------------------------------------------------------------------------------------------------------------------------------------------------------------------------------------------------------------------------------------------------------------------
   RBB_11/DQ                             RBB_6L       11  [TILE 0 0, RBB 22 18]        800     r            3125     {inst62: u_spi.r_ss_n_sync_LUT3_I1_O_FDCE_D (FDC,site=dff)}                                                                                                                                                                                                
   u_spi.r_ss_n_sync_LUT3_I1_O_FDCE_D_Q  Net          56            (fanout=10)       1244                     -                                                                                                                                                                                                                                                                
   RBB_14/D4                             RBB_6L       14  [TILE 0 0, RBB 25 16]          -     r            4369     {inst32: spi_miso_FDCE_Q_D_LUT6_O_I0_FDCE_Q_D_LUT6_O_I0_FDCE_Q_D_LUT6_O_I0_FDCE_Q_D_LUT6_O_I0_FDCE_Q_D_LUT6_O (LUT,site=dlut,dluto)} {inst30: spi_miso_FDCE_Q_D_LUT6_O_I0_FDCE_Q_D_LUT6_O_I0_FDCE_Q_D_LUT6_O_I0_FDCE_Q_D_LUT6_O_I0_FDCE_Q (FDCE,site=dff)} 
   -------------------------------------------------------------------------------------------------------------------------------------------------------------------------------------------------------------------------------------------------------------------------------------------------------------------------------------------------------------------------------
   RBB_14/CLK                            RBB_6L       14  [TILE 0 0, RBB 25 16]        899     r            5268                                                                                                                                                                                                                                                                
   clk                                   Clock net     2           (fanout=388)      -2273                     -                                                                                                                                                                                                                                                                
   clk                                   CLOCK-PORT    -                      -    capture     r            2995                                                                                                                                                                                                                                                                
   -------------------------------------------------------------------------------------------------------------------------------------------------------------------------------------------------------------------------------------------------------------------------------------------------------------------------------------------------------------------------------


Path 104:
   Slack (not met):                         -1034ps
     Path type:                               SETUP
     Group:                              <UDEF_clk>
     Launching clock:                           clk (rising edge)
     Capturing clock:                           clk (rising edge)

     Requested period:                       2000ps
   + Delay of the capturing clock:           2273ps
   - Clock uncertainty:                       150ps
   = Required time:                          4123ps
   - Propagation time:                       2832ps (56.4% logic, 43.6% route, logic stage 1)
   - Delay of the launching clock:           2325ps
   = Slack:                                 -1034ps

   Instance/Pin or Net Name              Type         ID     Location or Fanout   Delay(ps)  Edge  Arrival Time(ps)    Instance detail                                                                                                                                                                                                                                                                                                                      
   -----------------------------------------------------------------------------------------------------------------------------------------------------------------------------------------------------------------------------------------------------------------------------------------------------------------------------------------------------------------------------------------------------------------------------------------------------------
   clk                                   CLOCK-PORT    -                      -     launch     r               0                                                                                                                                                                                                                                                                                                                                            
   clk                                   Clock net     2           (fanout=388)       2325                     -                                                                                                                                                                                                                                                                                                                                            
   RBB_11/CLK                            RBB_6L       11  [TILE 0 0, RBB 22 18]          -     r            2325                                                                                                                                                                                                                                                                                                                                            
   -----------------------------------------------------------------------------------------------------------------------------------------------------------------------------------------------------------------------------------------------------------------------------------------------------------------------------------------------------------------------------------------------------------------------------------------------------------
   RBB_11/DQ                             RBB_6L       11  [TILE 0 0, RBB 22 18]        800     r            3125     {inst62: u_spi.r_ss_n_sync_LUT3_I1_O_FDCE_D (FDC,site=dff)}                                                                                                                                                                                                                                                                            
   u_spi.r_ss_n_sync_LUT3_I1_O_FDCE_D_Q  Net          56            (fanout=10)       1234                     -                                                                                                                                                                                                                                                                                                                                            
   RBB_14/B4                             RBB_6L       14  [TILE 0 0, RBB 25 16]          -     r            4359     {inst38: spi_miso_FDCE_Q_D_LUT6_O_I0_FDCE_Q_D_LUT6_O_I0_FDCE_Q_D_LUT6_O_I0_FDCE_Q_D_LUT6_O_I0_FDCE_Q_D_LUT6_O_I0_FDCE_Q_D_LUT6_O_I0_FDCE_Q_D_LUT6_O (LUT,site=blut,bluto)} {inst36: spi_miso_FDCE_Q_D_LUT6_O_I0_FDCE_Q_D_LUT6_O_I0_FDCE_Q_D_LUT6_O_I0_FDCE_Q_D_LUT6_O_I0_FDCE_Q_D_LUT6_O_I0_FDCE_Q_D_LUT6_O_I0_FDCE_Q (FDCE,site=bff)} 
   -----------------------------------------------------------------------------------------------------------------------------------------------------------------------------------------------------------------------------------------------------------------------------------------------------------------------------------------------------------------------------------------------------------------------------------------------------------
   RBB_14/CLK                            RBB_6L       14  [TILE 0 0, RBB 25 16]        798     r            5157                                                                                                                                                                                                                                                                                                                                            
   clk                                   Clock net     2           (fanout=388)      -2273                     -                                                                                                                                                                                                                                                                                                                                            
   clk                                   CLOCK-PORT    -                      -    capture     r            2884                                                                                                                                                                                                                                                                                                                                            
   -----------------------------------------------------------------------------------------------------------------------------------------------------------------------------------------------------------------------------------------------------------------------------------------------------------------------------------------------------------------------------------------------------------------------------------------------------------


Path 132:
   Slack (not met):                          -985ps
     Path type:                               SETUP
     Group:                              <UDEF_clk>
     Launching clock:                           clk (rising edge)
     Capturing clock:                           clk (rising edge)

     Requested period:                       2000ps
   + Delay of the capturing clock:           2347ps
   - Clock uncertainty:                       150ps
   = Required time:                          4197ps
   - Propagation time:                       2835ps (60.8% logic, 39.2% route, logic stage 1)
   - Delay of the launching clock:           2347ps
   = Slack:                                  -985ps

   Instance/Pin or Net Name   Type         ID     Location or Fanout   Delay(ps)  Edge  Arrival Time(ps)    Instance detail                                                                                             
   -----------------------------------------------------------------------------------------------------------------------------------------------------------------------------------------------------------------------
   clk                        CLOCK-PORT    -                      -     launch     r               0                                                                                                                   
   clk                        Clock net     2           (fanout=388)       2347                     -                                                                                                                   
   RBB_10/CLK                 RBB_6L       10  [TILE 0 0, RBB 19 20]          -     r            2347                                                                                                                   
   -----------------------------------------------------------------------------------------------------------------------------------------------------------------------------------------------------------------------
   RBB_10/DQ                  RBB_6L       10  [TILE 0 0, RBB 19 20]        800     r            3147     {inst45: spi_mosi_FDCE_D_Q_FDCE_Q (FDC,site=dff)}                                                             
   spi_mosi_FDCE_D_Q[1]       Net          33            (fanout=10)       1110                     -                                                                                                                   
   RBB_10/D1                  RBB_6L       10  [TILE 0 0, RBB 19 20]          -     r            4257     {inst46: spi_mosi_FDCE_D_Q_FDCE_Q_D_LUT4_O (LUT,site=dlut)} {inst45: spi_mosi_FDCE_D_Q_FDCE_Q (FDC,site=dff)} 
   -----------------------------------------------------------------------------------------------------------------------------------------------------------------------------------------------------------------------
   RBB_10/CLK                 RBB_6L       10  [TILE 0 0, RBB 19 20]        925     r            5182                                                                                                                   
   clk                        Clock net     2           (fanout=388)      -2347                     -                                                                                                                   
   clk                        CLOCK-PORT    -                      -    capture     r            2835                                                                                                                   
   -----------------------------------------------------------------------------------------------------------------------------------------------------------------------------------------------------------------------


Path 96:
   Slack (not met):                          -978ps
     Path type:                               SETUP
     Group:                              <UDEF_clk>
     Launching clock:                           clk (rising edge)
     Capturing clock:                           clk (rising edge)

     Requested period:                       2000ps
   + Delay of the capturing clock:           2273ps
   - Clock uncertainty:                       150ps
   = Required time:                          4123ps
   - Propagation time:                       2776ps (56.0% logic, 44.0% route, logic stage 1)
   - Delay of the launching clock:           2325ps
   = Slack:                                  -978ps

   Instance/Pin or Net Name              Type         ID     Location or Fanout   Delay(ps)  Edge  Arrival Time(ps)    Instance detail                                                                                                                                                                                                                                                                                
   ---------------------------------------------------------------------------------------------------------------------------------------------------------------------------------------------------------------------------------------------------------------------------------------------------------------------------------------------------------------------------------------------------------------------
   clk                                   CLOCK-PORT    -                      -     launch     r               0                                                                                                                                                                                                                                                                                                      
   clk                                   Clock net     2           (fanout=388)       2325                     -                                                                                                                                                                                                                                                                                                      
   RBB_11/CLK                            RBB_6L       11  [TILE 0 0, RBB 22 18]          -     r            2325                                                                                                                                                                                                                                                                                                      
   ---------------------------------------------------------------------------------------------------------------------------------------------------------------------------------------------------------------------------------------------------------------------------------------------------------------------------------------------------------------------------------------------------------------------
   RBB_11/DQ                             RBB_6L       11  [TILE 0 0, RBB 22 18]        800     r            3125     {inst62: u_spi.r_ss_n_sync_LUT3_I1_O_FDCE_D (FDC,site=dff)}                                                                                                                                                                                                                                      
   u_spi.r_ss_n_sync_LUT3_I1_O_FDCE_D_Q  Net          56            (fanout=10)       1222                     -                                                                                                                                                                                                                                                                                                      
   RBB_14/C4                             RBB_6L       14  [TILE 0 0, RBB 25 16]          -     r            4347     {inst35: spi_miso_FDCE_Q_D_LUT6_O_I0_FDCE_Q_D_LUT6_O_I0_FDCE_Q_D_LUT6_O_I0_FDCE_Q_D_LUT6_O_I0_FDCE_Q_D_LUT6_O_I0_FDCE_Q_D_LUT6_O (LUT,site=clut,cluto)} {inst33: spi_miso_FDCE_Q_D_LUT6_O_I0_FDCE_Q_D_LUT6_O_I0_FDCE_Q_D_LUT6_O_I0_FDCE_Q_D_LUT6_O_I0_FDCE_Q_D_LUT6_O_I0_FDCE_Q (FDCE,site=cff)} 
   ---------------------------------------------------------------------------------------------------------------------------------------------------------------------------------------------------------------------------------------------------------------------------------------------------------------------------------------------------------------------------------------------------------------------
   RBB_14/CLK                            RBB_6L       14  [TILE 0 0, RBB 25 16]        754     r            5101                                                                                                                                                                                                                                                                                                      
   clk                                   Clock net     2           (fanout=388)      -2273                     -                                                                                                                                                                                                                                                                                                      
   clk                                   CLOCK-PORT    -                      -    capture     r            2828                                                                                                                                                                                                                                                                                                      
   ---------------------------------------------------------------------------------------------------------------------------------------------------------------------------------------------------------------------------------------------------------------------------------------------------------------------------------------------------------------------------------------------------------------------


Path 116:
   Slack (not met):                          -956ps
     Path type:                               SETUP
     Group:                              <UDEF_clk>
     Launching clock:                           clk (rising edge)
     Capturing clock:                           clk (rising edge)

     Requested period:                       2000ps
   + Delay of the capturing clock:           2347ps
   - Clock uncertainty:                       150ps
   = Required time:                          4197ps
   - Propagation time:                       2806ps (80.1% logic, 19.9% route, logic stage 1)
   - Delay of the launching clock:           2347ps
   = Slack:                                  -956ps

   Instance/Pin or Net Name   Type         ID     Location or Fanout   Delay(ps)  Edge  Arrival Time(ps)    Instance detail                                                                                             
   -----------------------------------------------------------------------------------------------------------------------------------------------------------------------------------------------------------------------
   clk                        CLOCK-PORT    -                      -     launch     r               0                                                                                                                   
   clk                        Clock net     2           (fanout=388)       2347                     -                                                                                                                   
   RBB_10/CLK                 RBB_6L       10  [TILE 0 0, RBB 19 20]          -     r            2347                                                                                                                   
   -----------------------------------------------------------------------------------------------------------------------------------------------------------------------------------------------------------------------
   RBB_10/BMUX                RBB_6L       10  [TILE 0 0, RBB 19 20]       1350     r            3697     {inst59: u_spi.r_ss_n_sync_FDPE_Q (FDP,site=bffo)}                                                            
   u_spi.r_ss_n_sync[1]       Net           7             (fanout=5)        557                     -                                                                                                                   
   RBB_10/D3                  RBB_6L       10  [TILE 0 0, RBB 19 20]          -     r            4254     {inst46: spi_mosi_FDCE_D_Q_FDCE_Q_D_LUT4_O (LUT,site=dlut)} {inst45: spi_mosi_FDCE_D_Q_FDCE_Q (FDC,site=dff)} 
   -----------------------------------------------------------------------------------------------------------------------------------------------------------------------------------------------------------------------
   RBB_10/CLK                 RBB_6L       10  [TILE 0 0, RBB 19 20]        899     r            5153                                                                                                                   
   clk                        Clock net     2           (fanout=388)      -2347                     -                                                                                                                   
   clk                        CLOCK-PORT    -                      -    capture     r            2806                                                                                                                   
   -----------------------------------------------------------------------------------------------------------------------------------------------------------------------------------------------------------------------


Path 82:
   Slack (not met):                          -949ps
     Path type:                               SETUP
     Group:                              <UDEF_clk>
     Launching clock:                           clk (rising edge)
     Capturing clock:                           clk (rising edge)

     Requested period:                       2000ps
   + Delay of the capturing clock:           2302ps
   - Clock uncertainty:                       150ps
   = Required time:                          4152ps
   - Propagation time:                       2806ps (77.7% logic, 22.3% route, logic stage 1)
   - Delay of the launching clock:           2295ps
   = Slack:                                  -949ps

   Instance/Pin or Net Name                                                                 Type         ID     Location or Fanout   Delay(ps)  Edge  Arrival Time(ps)    Instance detail                                                                                                                                                                                                    
   --------------------------------------------------------------------------------------------------------------------------------------------------------------------------------------------------------------------------------------------------------------------------------------------------------------------------------------------------------------------------------------------
   clk                                                                                      CLOCK-PORT    -                      -     launch     r               0                                                                                                                                                                                                                          
   clk                                                                                      Clock net     2           (fanout=388)       2295                     -                                                                                                                                                                                                                          
   RBB_8/CLK                                                                                RBB_6L        8  [TILE 0 0, RBB 10 26]          -     r            2295                                                                                                                                                                                                                          
   --------------------------------------------------------------------------------------------------------------------------------------------------------------------------------------------------------------------------------------------------------------------------------------------------------------------------------------------------------------------------------------------
   RBB_8/CMUX                                                                               RBB_6L        8  [TILE 0 0, RBB 10 26]       1379     r            3674     {inst31: spi_miso_FDCE_Q_D_LUT6_O_I0_FDCE_Q_D_LUT6_O_I0_FDCE_Q_D_LUT6_O_I0_FDCE_Q_D_LUT6_O_I0_FDCE_Q_1 (FDCE,site=cffo)}                                                                                             
   spi_miso_FDCE_Q_D_LUT6_O_I0_FDCE_Q_D_LUT6_O_I0_FDCE_Q_D_LUT6_O_I0_FDCE_Q_D_LUT6_O_I0[1]  Net          39             (fanout=1)        625                     -                                                                                                                                                                                                                          
   RBB_13/B2                                                                                RBB_6L       13   [TILE 0 0, RBB 7 26]          -     r            4299     {inst29: spi_miso_FDCE_Q_D_LUT6_O_I0_FDCE_Q_D_LUT6_O_I0_FDCE_Q_D_LUT6_O_I0_FDCE_Q_D_LUT6_O (LUT,site=blut,bluto)} {inst27: spi_miso_FDCE_Q_D_LUT6_O_I0_FDCE_Q_D_LUT6_O_I0_FDCE_Q_D_LUT6_O_I0_FDCE_Q (FDCE,site=bff)} 
   --------------------------------------------------------------------------------------------------------------------------------------------------------------------------------------------------------------------------------------------------------------------------------------------------------------------------------------------------------------------------------------------
   RBB_13/CLK                                                                               RBB_6L       13   [TILE 0 0, RBB 7 26]        802     r            5101                                                                                                                                                                                                                          
   clk                                                                                      Clock net     2           (fanout=388)      -2302                     -                                                                                                                                                                                                                          
   clk                                                                                      CLOCK-PORT    -                      -    capture     r            2799                                                                                                                                                                                                                          
   --------------------------------------------------------------------------------------------------------------------------------------------------------------------------------------------------------------------------------------------------------------------------------------------------------------------------------------------------------------------------------------------


Path 80:
   Slack (not met):                          -915ps
     Path type:                               SETUP
     Group:                              <UDEF_clk>
     Launching clock:                           clk (rising edge)
     Capturing clock:                           clk (rising edge)

     Requested period:                       2000ps
   + Delay of the capturing clock:           2302ps
   - Clock uncertainty:                       150ps
   = Required time:                          4152ps
   - Propagation time:                       2772ps (78.1% logic, 21.9% route, logic stage 1)
   - Delay of the launching clock:           2295ps
   = Slack:                                  -915ps

   Instance/Pin or Net Name                                              Type         ID     Location or Fanout   Delay(ps)  Edge  Arrival Time(ps)    Instance detail                                                                                                                                                              
   -----------------------------------------------------------------------------------------------------------------------------------------------------------------------------------------------------------------------------------------------------------------------------------------------------------------------------------
   clk                                                                   CLOCK-PORT    -                      -     launch     r               0                                                                                                                                                                                    
   clk                                                                   Clock net     2           (fanout=388)       2295                     -                                                                                                                                                                                    
   RBB_8/CLK                                                             RBB_6L        8  [TILE 0 0, RBB 10 26]          -     r            2295                                                                                                                                                                                    
   -----------------------------------------------------------------------------------------------------------------------------------------------------------------------------------------------------------------------------------------------------------------------------------------------------------------------------------
   RBB_8/DMUX                                                            RBB_6L        8  [TILE 0 0, RBB 10 26]       1333     r            3628     {inst28: spi_miso_FDCE_Q_D_LUT6_O_I0_FDCE_Q_D_LUT6_O_I0_FDCE_Q_D_LUT6_O_I0_FDCE_Q_1 (FDCE,site=dffo)}                                                                          
   spi_miso_FDCE_Q_D_LUT6_O_I0_FDCE_Q_D_LUT6_O_I0_FDCE_Q_D_LUT6_O_I0[1]  Net          69             (fanout=1)        607                     -                                                                                                                                                                                    
   RBB_13/C2                                                             RBB_6L       13   [TILE 0 0, RBB 7 26]          -     r            4235     {inst26: spi_miso_FDCE_Q_D_LUT6_O_I0_FDCE_Q_D_LUT6_O_I0_FDCE_Q_D_LUT6_O (LUT,site=clut,cluto)} {inst24: spi_miso_FDCE_Q_D_LUT6_O_I0_FDCE_Q_D_LUT6_O_I0_FDCE_Q (FDCE,site=cff)} 
   -----------------------------------------------------------------------------------------------------------------------------------------------------------------------------------------------------------------------------------------------------------------------------------------------------------------------------------
   RBB_13/CLK                                                            RBB_6L       13   [TILE 0 0, RBB 7 26]        832     r            5067                                                                                                                                                                                    
   clk                                                                   Clock net     2           (fanout=388)      -2302                     -                                                                                                                                                                                    
   clk                                                                   CLOCK-PORT    -                      -    capture     r            2765                                                                                                                                                                                    
   -----------------------------------------------------------------------------------------------------------------------------------------------------------------------------------------------------------------------------------------------------------------------------------------------------------------------------------


Path 136:
   Slack (not met):                          -899ps
     Path type:                               SETUP
     Group:                              <UDEF_clk>
     Launching clock:                           clk (rising edge)
     Capturing clock:                           clk (rising edge)

     Requested period:                       2000ps
   + Delay of the capturing clock:           2273ps
   - Clock uncertainty:                       150ps
   = Required time:                          4123ps
   - Propagation time:                       2749ps (59.4% logic, 40.6% route, logic stage 1)
   - Delay of the launching clock:           2273ps
   = Slack:                                  -899ps

   Instance/Pin or Net Name                                                                                                       Type         ID     Location or Fanout   Delay(ps)  Edge  Arrival Time(ps)    Instance detail                                                                                                                                                                                                                                                                                
   --------------------------------------------------------------------------------------------------------------------------------------------------------------------------------------------------------------------------------------------------------------------------------------------------------------------------------------------------------------------------------------------------------------------------------------------------------------------------------------------------------------
   clk                                                                                                                            CLOCK-PORT    -                      -     launch     r               0                                                                                                                                                                                                                                                                                                      
   clk                                                                                                                            Clock net     2           (fanout=388)       2273                     -                                                                                                                                                                                                                                                                                                      
   RBB_14/CLK                                                                                                                     RBB_6L       14  [TILE 0 0, RBB 25 16]          -     r            2273                                                                                                                                                                                                                                                                                                      
   --------------------------------------------------------------------------------------------------------------------------------------------------------------------------------------------------------------------------------------------------------------------------------------------------------------------------------------------------------------------------------------------------------------------------------------------------------------------------------------------------------------
   RBB_14/BQ                                                                                                                      RBB_6L       14  [TILE 0 0, RBB 25 16]        800     r            3073     {inst36: spi_miso_FDCE_Q_D_LUT6_O_I0_FDCE_Q_D_LUT6_O_I0_FDCE_Q_D_LUT6_O_I0_FDCE_Q_D_LUT6_O_I0_FDCE_Q_D_LUT6_O_I0_FDCE_Q_D_LUT6_O_I0_FDCE_Q (FDCE,site=bff)}                                                                                                                                      
   spi_miso_FDCE_Q_D_LUT6_O_I0_FDCE_Q_D_LUT6_O_I0_FDCE_Q_D_LUT6_O_I0_FDCE_Q_D_LUT6_O_I0_FDCE_Q_D_LUT6_O_I0_FDCE_Q_D_LUT6_O_I0[0]  Net          44             (fanout=1)       1117                     -                                                                                                                                                                                                                                                                                                      
   RBB_14/C1                                                                                                                      RBB_6L       14  [TILE 0 0, RBB 25 16]          -     r            4190     {inst35: spi_miso_FDCE_Q_D_LUT6_O_I0_FDCE_Q_D_LUT6_O_I0_FDCE_Q_D_LUT6_O_I0_FDCE_Q_D_LUT6_O_I0_FDCE_Q_D_LUT6_O_I0_FDCE_Q_D_LUT6_O (LUT,site=clut,cluto)} {inst33: spi_miso_FDCE_Q_D_LUT6_O_I0_FDCE_Q_D_LUT6_O_I0_FDCE_Q_D_LUT6_O_I0_FDCE_Q_D_LUT6_O_I0_FDCE_Q_D_LUT6_O_I0_FDCE_Q (FDCE,site=cff)} 
   --------------------------------------------------------------------------------------------------------------------------------------------------------------------------------------------------------------------------------------------------------------------------------------------------------------------------------------------------------------------------------------------------------------------------------------------------------------------------------------------------------------
   RBB_14/CLK                                                                                                                     RBB_6L       14  [TILE 0 0, RBB 25 16]        832     r            5022                                                                                                                                                                                                                                                                                                      
   clk                                                                                                                            Clock net     2           (fanout=388)      -2273                     -                                                                                                                                                                                                                                                                                                      
   clk                                                                                                                            CLOCK-PORT    -                      -    capture     r            2749                                                                                                                                                                                                                                                                                                      
   --------------------------------------------------------------------------------------------------------------------------------------------------------------------------------------------------------------------------------------------------------------------------------------------------------------------------------------------------------------------------------------------------------------------------------------------------------------------------------------------------------------


Path 137:
   Slack (not met):                          -896ps
     Path type:                               SETUP
     Group:                              <UDEF_clk>
     Launching clock:                           clk (rising edge)
     Capturing clock:                           clk (rising edge)

     Requested period:                       2000ps
   + Delay of the capturing clock:           2347ps
   - Clock uncertainty:                       150ps
   = Required time:                          4197ps
   - Propagation time:                       2746ps (61.2% logic, 38.8% route, logic stage 1)
   - Delay of the launching clock:           2347ps
   = Slack:                                  -896ps

   Instance/Pin or Net Name                                                 Type         ID     Location or Fanout   Delay(ps)  Edge  Arrival Time(ps)    Instance detail                                                                                                                                                                 
   -----------------------------------------------------------------------------------------------------------------------------------------------------------------------------------------------------------------------------------------------------------------------------------------------------------------------------------------
   clk                                                                      CLOCK-PORT    -                      -     launch     r               0                                                                                                                                                                                       
   clk                                                                      Clock net     2           (fanout=388)       2347                     -                                                                                                                                                                                       
   RBB_10/CLK                                                               RBB_6L       10  [TILE 0 0, RBB 19 20]          -     r            2347                                                                                                                                                                                       
   -----------------------------------------------------------------------------------------------------------------------------------------------------------------------------------------------------------------------------------------------------------------------------------------------------------------------------------------
   RBB_10/CQ                                                                RBB_6L       10  [TILE 0 0, RBB 19 20]        800     r            3147     {inst50: spi_mosi_FDCE_D_Q_FDCE_Q_D_LUT4_O_I3_CARRY4_O_CO_2_LUT5_I4_O_FDCE_D (FDC,site=cff)}                                                                                      
   spi_mosi_FDCE_D_Q_FDCE_Q_D_LUT4_O_I3_CARRY4_O_O_1_LUT4_I3_O_FDCE_D_Q[1]  Net          52             (fanout=4)       1065                     -                                                                                                                                                                                       
   RBB_10/C2                                                                RBB_6L       10  [TILE 0 0, RBB 19 20]          -     r            4212     {inst49: spi_mosi_FDCE_D_Q_FDCE_Q_D_LUT4_O_I3_CARRY4_O_CO_2_LUT5_I4 (LUT,site=clut)} {inst50: spi_mosi_FDCE_D_Q_FDCE_Q_D_LUT4_O_I3_CARRY4_O_CO_2_LUT5_I4_O_FDCE_D (FDC,site=cff)} 
   -----------------------------------------------------------------------------------------------------------------------------------------------------------------------------------------------------------------------------------------------------------------------------------------------------------------------------------------
   RBB_10/CLK                                                               RBB_6L       10  [TILE 0 0, RBB 19 20]        881     r            5093                                                                                                                                                                                       
   clk                                                                      Clock net     2           (fanout=388)      -2347                     -                                                                                                                                                                                       
   clk                                                                      CLOCK-PORT    -                      -    capture     r            2746                                                                                                                                                                                       
   -----------------------------------------------------------------------------------------------------------------------------------------------------------------------------------------------------------------------------------------------------------------------------------------------------------------------------------------


Path 133:
   Slack (not met):                          -886ps
     Path type:                               SETUP
     Group:                              <UDEF_clk>
     Launching clock:                           clk (rising edge)
     Capturing clock:                           clk (rising edge)

     Requested period:                       2000ps
   + Delay of the capturing clock:           2273ps
   - Clock uncertainty:                       150ps
   = Required time:                          4123ps
   - Propagation time:                       2736ps (60.6% logic, 39.4% route, logic stage 1)
   - Delay of the launching clock:           2273ps
   = Slack:                                  -886ps

   Instance/Pin or Net Name                                                                                    Type         ID     Location or Fanout   Delay(ps)  Edge  Arrival Time(ps)    Instance detail                                                                                                                                                                                                                                          
   -----------------------------------------------------------------------------------------------------------------------------------------------------------------------------------------------------------------------------------------------------------------------------------------------------------------------------------------------------------------------------------------------------------------------------------------------------
   clk                                                                                                         CLOCK-PORT    -                      -     launch     r               0                                                                                                                                                                                                                                                                
   clk                                                                                                         Clock net     2           (fanout=388)       2273                     -                                                                                                                                                                                                                                                                
   RBB_14/CLK                                                                                                  RBB_6L       14  [TILE 0 0, RBB 25 16]          -     r            2273                                                                                                                                                                                                                                                                
   -----------------------------------------------------------------------------------------------------------------------------------------------------------------------------------------------------------------------------------------------------------------------------------------------------------------------------------------------------------------------------------------------------------------------------------------------------
   RBB_14/CQ                                                                                                   RBB_6L       14  [TILE 0 0, RBB 25 16]        800     r            3073     {inst33: spi_miso_FDCE_Q_D_LUT6_O_I0_FDCE_Q_D_LUT6_O_I0_FDCE_Q_D_LUT6_O_I0_FDCE_Q_D_LUT6_O_I0_FDCE_Q_D_LUT6_O_I0_FDCE_Q (FDCE,site=cff)}                                                                                                                   
   spi_miso_FDCE_Q_D_LUT6_O_I0_FDCE_Q_D_LUT6_O_I0_FDCE_Q_D_LUT6_O_I0_FDCE_Q_D_LUT6_O_I0_FDCE_Q_D_LUT6_O_I0[0]  Net          46             (fanout=1)       1077                     -                                                                                                                                                                                                                                                                
   RBB_14/D1                                                                                                   RBB_6L       14  [TILE 0 0, RBB 25 16]          -     r            4150     {inst32: spi_miso_FDCE_Q_D_LUT6_O_I0_FDCE_Q_D_LUT6_O_I0_FDCE_Q_D_LUT6_O_I0_FDCE_Q_D_LUT6_O_I0_FDCE_Q_D_LUT6_O (LUT,site=dlut,dluto)} {inst30: spi_miso_FDCE_Q_D_LUT6_O_I0_FDCE_Q_D_LUT6_O_I0_FDCE_Q_D_LUT6_O_I0_FDCE_Q_D_LUT6_O_I0_FDCE_Q (FDCE,site=dff)} 
   -----------------------------------------------------------------------------------------------------------------------------------------------------------------------------------------------------------------------------------------------------------------------------------------------------------------------------------------------------------------------------------------------------------------------------------------------------
   RBB_14/CLK                                                                                                  RBB_6L       14  [TILE 0 0, RBB 25 16]        859     r            5009                                                                                                                                                                                                                                                                
   clk                                                                                                         Clock net     2           (fanout=388)      -2273                     -                                                                                                                                                                                                                                                                
   clk                                                                                                         CLOCK-PORT    -                      -    capture     r            2736                                                                                                                                                                                                                                                                
   -----------------------------------------------------------------------------------------------------------------------------------------------------------------------------------------------------------------------------------------------------------------------------------------------------------------------------------------------------------------------------------------------------------------------------------------------------


Path 131:
   Slack (not met):                          -885ps
     Path type:                               SETUP
     Group:                              <UDEF_clk>
     Launching clock:                           clk (rising edge)
     Capturing clock:                           clk (rising edge)

     Requested period:                       2000ps
   + Delay of the capturing clock:           2302ps
   - Clock uncertainty:                       150ps
   = Required time:                          4152ps
   - Propagation time:                       2735ps (60.7% logic, 39.3% route, logic stage 1)
   - Delay of the launching clock:           2302ps
   = Slack:                                  -885ps

   Instance/Pin or Net Name                           Type         ID    Location or Fanout   Delay(ps)  Edge  Arrival Time(ps)    Instance detail                                                                                                                        
   -------------------------------------------------------------------------------------------------------------------------------------------------------------------------------------------------------------------------------------------------------------------------
   clk                                                CLOCK-PORT    -                     -     launch     r               0                                                                                                                                              
   clk                                                Clock net     2          (fanout=388)       2302                     -                                                                                                                                              
   RBB_13/CLK                                         RBB_6L       13  [TILE 0 0, RBB 7 26]          -     r            2302                                                                                                                                              
   -------------------------------------------------------------------------------------------------------------------------------------------------------------------------------------------------------------------------------------------------------------------------
   RBB_13/CQ                                          RBB_6L       13  [TILE 0 0, RBB 7 26]        800     r            3102     {inst24: spi_miso_FDCE_Q_D_LUT6_O_I0_FDCE_Q_D_LUT6_O_I0_FDCE_Q (FDCE,site=cff)}                                                          
   spi_miso_FDCE_Q_D_LUT6_O_I0_FDCE_Q_D_LUT6_O_I0[0]  Net          57            (fanout=1)       1076                     -                                                                                                                                              
   RBB_13/D1                                          RBB_6L       13  [TILE 0 0, RBB 7 26]          -     r            4178     {inst23: spi_miso_FDCE_Q_D_LUT6_O_I0_FDCE_Q_D_LUT6_O (LUT,site=dlut,dluto)} {inst21: spi_miso_FDCE_Q_D_LUT6_O_I0_FDCE_Q (FDCE,site=dff)} 
   -------------------------------------------------------------------------------------------------------------------------------------------------------------------------------------------------------------------------------------------------------------------------
   RBB_13/CLK                                         RBB_6L       13  [TILE 0 0, RBB 7 26]        859     r            5037                                                                                                                                              
   clk                                                Clock net     2          (fanout=388)      -2302                     -                                                                                                                                              
   clk                                                CLOCK-PORT    -                     -    capture     r            2735                                                                                                                                              
   -------------------------------------------------------------------------------------------------------------------------------------------------------------------------------------------------------------------------------------------------------------------------


Path 128:
   Slack (not met):                          -863ps
     Path type:                               SETUP
     Group:                              <UDEF_clk>
     Launching clock:                           clk (rising edge)
     Capturing clock:                           clk (rising edge)

     Requested period:                       2000ps
   + Delay of the capturing clock:           2347ps
   - Clock uncertainty:                       150ps
   = Required time:                          4197ps
   - Propagation time:                       2713ps (60.6% logic, 39.4% route, logic stage 1)
   - Delay of the launching clock:           2347ps
   = Slack:                                  -863ps

   Instance/Pin or Net Name                                                 Type         ID     Location or Fanout   Delay(ps)  Edge  Arrival Time(ps)    Instance detail                                                                                                                          
   --------------------------------------------------------------------------------------------------------------------------------------------------------------------------------------------------------------------------------------------------------------------------------------------------
   clk                                                                      CLOCK-PORT    -                      -     launch     r               0                                                                                                                                                
   clk                                                                      Clock net     2           (fanout=388)       2347                     -                                                                                                                                                
   RBB_10/CLK                                                               RBB_6L       10  [TILE 0 0, RBB 19 20]          -     r            2347                                                                                                                                                
   --------------------------------------------------------------------------------------------------------------------------------------------------------------------------------------------------------------------------------------------------------------------------------------------------
   RBB_10/CQ                                                                RBB_6L       10  [TILE 0 0, RBB 19 20]        800     r            3147     {inst50: spi_mosi_FDCE_D_Q_FDCE_Q_D_LUT4_O_I3_CARRY4_O_CO_2_LUT5_I4_O_FDCE_D (FDC,site=cff)}                                               
   spi_mosi_FDCE_D_Q_FDCE_Q_D_LUT4_O_I3_CARRY4_O_O_1_LUT4_I3_O_FDCE_D_Q[1]  Net          52             (fanout=4)       1070                     -                                                                                                                                                
   RBB_10/A2                                                                RBB_6L       10  [TILE 0 0, RBB 19 20]          -     r            4217     {inst48: spi_mosi_FDCE_D_Q_FDCE_Q_D_LUT4_O_I3_CARRY4_O_CO_2_LUT4_I2 (LUT,site=alut)} {inst56: u_spi.o_rx_data_valid_FDCE_Q (FDC,site=aff)} 
   --------------------------------------------------------------------------------------------------------------------------------------------------------------------------------------------------------------------------------------------------------------------------------------------------
   RBB_10/CLK                                                               RBB_6L       10  [TILE 0 0, RBB 19 20]        843     r            5060                                                                                                                                                
   clk                                                                      Clock net     2           (fanout=388)      -2347                     -                                                                                                                                                
   clk                                                                      CLOCK-PORT    -                      -    capture     r            2713                                                                                                                                                
   --------------------------------------------------------------------------------------------------------------------------------------------------------------------------------------------------------------------------------------------------------------------------------------------------


Path 119:
   Slack (not met):                          -845ps
     Path type:                               SETUP
     Group:                              <UDEF_clk>
     Launching clock:                           clk (rising edge)
     Capturing clock:                           clk (rising edge)

     Requested period:                       2000ps
   + Delay of the capturing clock:           2347ps
   - Clock uncertainty:                       150ps
   = Required time:                          4197ps
   - Propagation time:                       2695ps (79.7% logic, 20.3% route, logic stage 1)
   - Delay of the launching clock:           2347ps
   = Slack:                                  -845ps

   Instance/Pin or Net Name   Type         ID     Location or Fanout   Delay(ps)  Edge  Arrival Time(ps)    Instance detail                                                                                                                                                               
   -----------------------------------------------------------------------------------------------------------------------------------------------------------------------------------------------------------------------------------------------------------------------------------------
   clk                        CLOCK-PORT    -                      -     launch     r               0                                                                                                                                                                                     
   clk                        Clock net     2           (fanout=388)       2347                     -                                                                                                                                                                                     
   RBB_10/CLK                 RBB_6L       10  [TILE 0 0, RBB 19 20]          -     r            2347                                                                                                                                                                                     
   -----------------------------------------------------------------------------------------------------------------------------------------------------------------------------------------------------------------------------------------------------------------------------------------
   RBB_10/BMUX                RBB_6L       10  [TILE 0 0, RBB 19 20]       1350     r            3697     {inst59: u_spi.r_ss_n_sync_FDPE_Q (FDP,site=bffo)}                                                                                                                              
   u_spi.r_ss_n_sync[1]       Net           7             (fanout=5)        547                     -                                                                                                                                                                                     
   RBB_10/B3                  RBB_6L       10  [TILE 0 0, RBB 19 20]          -     r            4244     {inst51: spi_mosi_FDCE_D_Q_FDCE_Q_D_LUT4_O_I3_CARRY4_O_O_1_LUT4_I3 (LUT,site=blut)} {inst52: spi_mosi_FDCE_D_Q_FDCE_Q_D_LUT4_O_I3_CARRY4_O_O_1_LUT4_I3_O_FDCE_D (FDC,site=bff)} 
   -----------------------------------------------------------------------------------------------------------------------------------------------------------------------------------------------------------------------------------------------------------------------------------------
   RBB_10/CLK                 RBB_6L       10  [TILE 0 0, RBB 19 20]        798     r            5042                                                                                                                                                                                     
   clk                        Clock net     2           (fanout=388)      -2347                     -                                                                                                                                                                                     
   clk                        CLOCK-PORT    -                      -    capture     r            2695                                                                                                                                                                                     
   -----------------------------------------------------------------------------------------------------------------------------------------------------------------------------------------------------------------------------------------------------------------------------------------


Path 118:
   Slack (not met):                          -810ps
     Path type:                               SETUP
     Group:                              <UDEF_clk>
     Launching clock:                           clk (rising edge)
     Capturing clock:                           clk (rising edge)

     Requested period:                       2000ps
   + Delay of the capturing clock:           2347ps
   - Clock uncertainty:                       150ps
   = Required time:                          4197ps
   - Propagation time:                       2660ps (79.1% logic, 20.9% route, logic stage 1)
   - Delay of the launching clock:           2347ps
   = Slack:                                  -810ps

   Instance/Pin or Net Name   Type         ID     Location or Fanout   Delay(ps)  Edge  Arrival Time(ps)    Instance detail                                                                                                                                                                 
   -------------------------------------------------------------------------------------------------------------------------------------------------------------------------------------------------------------------------------------------------------------------------------------------
   clk                        CLOCK-PORT    -                      -     launch     r               0                                                                                                                                                                                       
   clk                        Clock net     2           (fanout=388)       2347                     -                                                                                                                                                                                       
   RBB_10/CLK                 RBB_6L       10  [TILE 0 0, RBB 19 20]          -     r            2347                                                                                                                                                                                       
   -------------------------------------------------------------------------------------------------------------------------------------------------------------------------------------------------------------------------------------------------------------------------------------------
   RBB_10/BMUX                RBB_6L       10  [TILE 0 0, RBB 19 20]       1350     r            3697     {inst59: u_spi.r_ss_n_sync_FDPE_Q (FDP,site=bffo)}                                                                                                                                
   u_spi.r_ss_n_sync[1]       Net           7             (fanout=5)        556                     -                                                                                                                                                                                       
   RBB_10/C3                  RBB_6L       10  [TILE 0 0, RBB 19 20]          -     r            4253     {inst49: spi_mosi_FDCE_D_Q_FDCE_Q_D_LUT4_O_I3_CARRY4_O_CO_2_LUT5_I4 (LUT,site=clut)} {inst50: spi_mosi_FDCE_D_Q_FDCE_Q_D_LUT4_O_I3_CARRY4_O_CO_2_LUT5_I4_O_FDCE_D (FDC,site=cff)} 
   -------------------------------------------------------------------------------------------------------------------------------------------------------------------------------------------------------------------------------------------------------------------------------------------
   RBB_10/CLK                 RBB_6L       10  [TILE 0 0, RBB 19 20]        754     r            5007                                                                                                                                                                                       
   clk                        Clock net     2           (fanout=388)      -2347                     -                                                                                                                                                                                       
   clk                        CLOCK-PORT    -                      -    capture     r            2660                                                                                                                                                                                       
   -------------------------------------------------------------------------------------------------------------------------------------------------------------------------------------------------------------------------------------------------------------------------------------------


Path 139:
   Slack (not met):                          -735ps
     Path type:                               SETUP
     Group:                              <UDEF_clk>
     Launching clock:                           clk (rising edge)
     Capturing clock:                           clk (rising edge)

     Requested period:                       2000ps
   + Delay of the capturing clock:           2311ps
   - Clock uncertainty:                       150ps
   = Required time:                          4161ps
   - Propagation time:                       2585ps (57.8% logic, 42.2% route, logic stage 1)
   - Delay of the launching clock:           2311ps
   = Slack:                                  -735ps

   Instance/Pin or Net Name   Type         ID    Location or Fanout   Delay(ps)  Edge  Arrival Time(ps)    Instance detail                                 
   ----------------------------------------------------------------------------------------------------------------------------------------------------------
   clk                        CLOCK-PORT    -                     -     launch     r               0                                                       
   clk                        Clock net     2          (fanout=388)       2311                     -                                                       
   RBB_15/CLK                 RBB_6L       15  [TILE 0 0, RBB 4 22]          -     r            2311                                                       
   ----------------------------------------------------------------------------------------------------------------------------------------------------------
   RBB_15/CQ                  RBB_6L       15  [TILE 0 0, RBB 4 22]        800     r            3111     {inst64: u_spi.rx_shift_FDCE_Q_1 (FDCE,site=cff)} 
   u_spi.rx_shift[5]          Net          16            (fanout=2)       1090                     -                                                       
   RBB_15/D6                  RBB_6L       15  [TILE 0 0, RBB 4 22]          -     r            4201     {inst63: u_spi.rx_shift_FDCE_Q (FDCE,site=dff)}   
   ----------------------------------------------------------------------------------------------------------------------------------------------------------
   RBB_15/CLK                 RBB_6L       15  [TILE 0 0, RBB 4 22]        695     r            4896                                                       
   clk                        Clock net     2          (fanout=388)      -2311                     -                                                       
   clk                        CLOCK-PORT    -                     -    capture     r            2585                                                       
   ----------------------------------------------------------------------------------------------------------------------------------------------------------


Path 121:
   Slack (not met):                          -657ps
     Path type:                               SETUP
     Group:                              <UDEF_clk>
     Launching clock:                           clk (rising edge)
     Capturing clock:                           clk (rising edge)

     Requested period:                       2000ps
   + Delay of the capturing clock:           2311ps
   - Clock uncertainty:                       150ps
   = Required time:                          4161ps
   - Propagation time:                       2507ps (74.9% logic, 25.1% route, logic stage 1)
   - Delay of the launching clock:           2311ps
   = Slack:                                  -657ps

   Instance/Pin or Net Name   Type         ID    Location or Fanout   Delay(ps)  Edge  Arrival Time(ps)    Instance detail                                  
   -----------------------------------------------------------------------------------------------------------------------------------------------------------
   clk                        CLOCK-PORT    -                     -     launch     r               0                                                        
   clk                        Clock net     2          (fanout=388)       2311                     -                                                        
   RBB_15/CLK                 RBB_6L       15  [TILE 0 0, RBB 4 22]          -     r            2311                                                        
   -----------------------------------------------------------------------------------------------------------------------------------------------------------
   RBB_15/DMUX                RBB_6L       15  [TILE 0 0, RBB 4 22]       1423     r            3734     {inst65: u_spi.rx_shift_FDCE_Q_2 (FDCE,site=dffo)} 
   u_spi.rx_shift[4]          Net          15            (fanout=2)        629                     -                                                        
   RBB_15/C6                  RBB_6L       15  [TILE 0 0, RBB 4 22]          -     r            4363     {inst64: u_spi.rx_shift_FDCE_Q_1 (FDCE,site=cff)}  
   -----------------------------------------------------------------------------------------------------------------------------------------------------------
   RBB_15/CLK                 RBB_6L       15  [TILE 0 0, RBB 4 22]        455     r            4818                                                        
   clk                        Clock net     2          (fanout=388)      -2311                     -                                                        
   clk                        CLOCK-PORT    -                     -    capture     r            2507                                                        
   -----------------------------------------------------------------------------------------------------------------------------------------------------------


Path 347:
   Slack (not met):                          -285ps
     Path type:                               SETUP
     Group:                              <UDEF_clk>
     Launching clock:                           clk (rising edge)
     Capturing clock:                           clk (rising edge)

     Requested period:                       2000ps
   + Delay of the capturing clock:           2347ps
   - Clock uncertainty:                       150ps
   = Required time:                          4197ps
   - Propagation time:                       2166ps (43.3% logic, 56.7% route, logic stage 1)
   - Delay of the launching clock:           2316ps
   = Slack:                                  -285ps

   Instance/Pin or Net Name   Type         ID     Location or Fanout   Delay(ps)  Edge  Arrival Time(ps)    Instance detail                                                                         
   ---------------------------------------------------------------------------------------------------------------------------------------------------------------------------------------------------
   clk                        CLOCK-PORT    -                      -     launch     r               0                                                                                               
   clk                        Clock net     2           (fanout=388)       2316                     -                                                                                               
   RBB_3/CLK                  IOB           3  [TILE 0 0, RBB 31 22]          -     r            2316                                                                                               
   ---------------------------------------------------------------------------------------------------------------------------------------------------------------------------------------------------
   RBB_3/I[0]                 IOB           3  [TILE 0 0, RBB 31 22]          0     r            2316     {(input_port) inst80: g_80_spi_ss_n_ibuf (IO)} {inst60: u_spi.r_ss_n_sync_FDPE_Q_1 (FDP)} 
   u_spi.r_ss_n_sync[0]       Net           6             (fanout=1)       1228                     -                                                                                               
   RBB_10/B6                  RBB_6L       10  [TILE 0 0, RBB 19 20]          -     r            3544     {inst59: u_spi.r_ss_n_sync_FDPE_Q (FDP,site=bffo)}                                        
   ---------------------------------------------------------------------------------------------------------------------------------------------------------------------------------------------------
   RBB_10/CLK                 RBB_6L       10  [TILE 0 0, RBB 19 20]        938     r            4482                                                                                               
   clk                        Clock net     2           (fanout=388)      -2347                     -                                                                                               
   clk                        CLOCK-PORT    -                      -    capture     r            2135                                                                                               
   ---------------------------------------------------------------------------------------------------------------------------------------------------------------------------------------------------


Path 348:
   Slack (not met):                          -136ps
     Path type:                               SETUP
     Group:                              <UDEF_clk>
     Launching clock:                           clk (rising edge)
     Capturing clock:                           clk (rising edge)

     Requested period:                       2000ps
   + Delay of the capturing clock:           2347ps
   - Clock uncertainty:                       150ps
   = Required time:                          4197ps
   - Propagation time:                       2017ps (40.5% logic, 59.5% route, logic stage 1)
   - Delay of the launching clock:           2316ps
   = Slack:                                  -136ps

   Instance/Pin or Net Name   Type         ID     Location or Fanout   Delay(ps)  Edge  Arrival Time(ps)    Instance detail                                                                       
   -------------------------------------------------------------------------------------------------------------------------------------------------------------------------------------------------
   clk                        CLOCK-PORT    -                      -     launch     r               0                                                                                             
   clk                        Clock net     2           (fanout=388)       2316                     -                                                                                             
   RBB_4/CLK                  IOB           4  [TILE 0 0, RBB 31 23]          -     r            2316                                                                                             
   -------------------------------------------------------------------------------------------------------------------------------------------------------------------------------------------------
   RBB_4/I[0]                 IOB           4  [TILE 0 0, RBB 31 23]          0     r            2316     {(input_port) inst79: g_79_spi_sck_ibuf (IO)} {inst58: u_spi.r_sck_sync_FDCE_Q_1 (FDC)} 
   u_spi.r_sck_sync[0]        Net           8             (fanout=1)       1200                     -                                                                                             
   RBB_10/C6                  RBB_6L       10  [TILE 0 0, RBB 19 20]          -     r            3516     {inst57: u_spi.r_sck_sync_FDCE_Q (FDC,site=cffo)}                                       
   -------------------------------------------------------------------------------------------------------------------------------------------------------------------------------------------------
   RBB_10/CLK                 RBB_6L       10  [TILE 0 0, RBB 19 20]        817     r            4333                                                                                             
   clk                        Clock net     2           (fanout=388)      -2347                     -                                                                                             
   clk                        CLOCK-PORT    -                      -    capture     r            1986                                                                                             
   -------------------------------------------------------------------------------------------------------------------------------------------------------------------------------------------------













